dataset,split,classe,fichier,largeur_px,hauteur_px,pixels_total,ratio_wh,lum_moyenne,lum_std,contraste,pixel_min,pixel_max,r_mean,g_mean,b_mean,is_augmented
OCT,train,CNV,CNV-1016042-1.jpeg,512,496,253952,1.032,40.85,46.13,255,0,255,40.85,40.85,40.85,0
OCT,train,CNV,CNV-1016042-10.jpeg,768,496,380928,1.548,31.89,36.07,255,0,255,31.89,31.89,31.89,0
OCT,train,CNV,CNV-1016042-101.jpeg,512,496,253952,1.032,103.7,90.85,255,0,255,103.7,103.7,103.7,0
OCT,train,CNV,CNV-1016042-104.jpeg,512,496,253952,1.032,88.2,80.69,255,0,255,88.2,88.2,88.2,0
OCT,train,CNV,CNV-1016042-107.jpeg,512,496,253952,1.032,102.49,89.39,255,0,255,102.49,102.49,102.49,0
OCT,train,CNV,CNV-1016042-110.jpeg,1536,496,761856,3.097,37.29,37.51,255,0,255,37.29,37.29,37.29,0
OCT,train,CNV,CNV-1016042-113.jpeg,1536,496,761856,3.097,37.32,37.61,255,0,255,37.32,37.32,37.32,0
OCT,train,CNV,CNV-1016042-115.jpeg,512,496,253952,1.032,46.43,52.54,255,0,255,46.43,46.43,46.43,0
OCT,train,CNV,CNV-1016042-121.jpeg,512,496,253952,1.032,47.99,53.48,255,0,255,47.99,47.99,47.99,0
OCT,train,CNV,CNV-1016042-127.jpeg,1536,496,761856,3.097,30.99,35.11,255,0,255,30.99,30.99,30.99,0
OCT,train,CNV,CNV-1016042-133.jpeg,768,496,380928,1.548,71.26,84.66,255,0,255,71.26,71.26,71.26,0
OCT,train,CNV,CNV-1016042-139.jpeg,1536,496,761856,3.097,31.51,34.93,255,0,255,31.51,31.51,31.51,0
OCT,train,CNV,CNV-1016042-141.jpeg,1536,496,761856,3.097,35.1,36.42,255,0,255,35.1,35.1,35.1,0
OCT,train,CNV,CNV-1016042-147.jpeg,512,496,253952,1.032,49.59,44.18,255,0,255,49.59,49.59,49.59,0
OCT,train,CNV,CNV-1016042-150.jpeg,512,496,253952,1.032,40.81,37.47,255,0,255,40.81,40.81,40.81,0
OCT,train,CNV,CNV-1016042-156.jpeg,768,496,380928,1.548,35.9,36.83,255,0,255,35.9,35.9,35.9,0
OCT,train,CNV,CNV-1016042-159.jpeg,768,496,380928,1.548,33.69,36.76,255,0,255,33.69,33.69,33.69,0
OCT,train,CNV,CNV-1016042-168.jpeg,512,496,253952,1.032,56.4,66.06,255,0,255,56.4,56.4,56.4,0
OCT,train,CNV,CNV-1016042-171.jpeg,512,496,253952,1.032,55.72,61.7,255,0,255,55.72,55.72,55.72,0
OCT,train,CNV,CNV-1016042-174.jpeg,1536,496,761856,3.097,32.18,32.63,255,0,255,32.18,32.18,32.18,0
OCT,train,CNV,CNV-1016042-177.jpeg,512,496,253952,1.032,52.41,47.5,255,0,255,52.41,52.41,52.41,0
OCT,train,CNV,CNV-1016042-180.jpeg,512,496,253952,1.032,82.97,78.02,255,0,255,82.97,82.97,82.97,0
OCT,train,CNV,CNV-1016042-189.jpeg,768,496,380928,1.548,45.34,42.02,255,0,255,45.34,45.34,45.34,0
OCT,train,CNV,CNV-1016042-19.jpeg,768,496,380928,1.548,46.96,45.35,255,0,255,46.96,46.96,46.96,0
OCT,train,CNV,CNV-1016042-192.jpeg,768,496,380928,1.548,45.48,41.97,255,0,255,45.48,45.48,45.48,0
OCT,train,CNV,CNV-1016042-195.jpeg,768,496,380928,1.548,54.79,47.62,255,0,255,54.79,54.79,54.79,0
OCT,train,CNV,CNV-1016042-198.jpeg,768,496,380928,1.548,35.15,36.36,255,0,255,35.15,35.15,35.15,0
OCT,train,CNV,CNV-1016042-210.jpeg,512,496,253952,1.032,52.76,62.99,255,0,255,52.76,52.76,52.76,0
OCT,train,CNV,CNV-1016042-216.jpeg,768,496,380928,1.548,42.12,39.52,255,0,255,42.12,42.12,42.12,0
OCT,train,CNV,CNV-1016042-219.jpeg,512,496,253952,1.032,150.07,98.11,255,0,255,150.07,150.07,150.07,0
OCT,train,CNV,CNV-1016042-22.jpeg,512,496,253952,1.032,46.31,44.65,255,0,255,46.31,46.31,46.31,0
OCT,train,CNV,CNV-1016042-222.jpeg,512,496,253952,1.032,142.19,97.17,255,0,255,142.19,142.19,142.19,0
OCT,train,CNV,CNV-1016042-224.jpeg,512,496,253952,1.032,129.67,96.13,255,0,255,129.67,129.67,129.67,0
OCT,train,CNV,CNV-1016042-25.jpeg,512,496,253952,1.032,49.74,48.6,255,0,255,49.74,49.74,49.74,0
OCT,train,CNV,CNV-1016042-28.jpeg,512,496,253952,1.032,52.35,53.79,255,0,255,52.35,52.35,52.35,0
OCT,train,CNV,CNV-1016042-31.jpeg,768,496,380928,1.548,33.7,35.14,255,0,255,33.7,33.7,33.7,0
OCT,train,CNV,CNV-1016042-37.jpeg,768,496,380928,1.548,33.76,37.33,255,0,255,33.76,33.76,33.76,0
OCT,train,CNV,CNV-1016042-42.jpeg,768,496,380928,1.548,34.97,37.31,255,0,255,34.97,34.97,34.97,0
OCT,train,CNV,CNV-1016042-45.jpeg,512,496,253952,1.032,62.53,67.16,255,0,255,62.53,62.53,62.53,0
OCT,train,CNV,CNV-1016042-47.jpeg,768,496,380928,1.548,30.85,33.1,255,0,255,30.85,30.85,30.85,0
OCT,train,CNV,CNV-1016042-51.jpeg,768,496,380928,1.548,29.28,33.95,255,0,255,29.28,29.28,29.28,0
OCT,train,CNV,CNV-1016042-56.jpeg,512,496,253952,1.032,47.87,57.25,255,0,255,47.87,47.87,47.87,0
OCT,train,CNV,CNV-1016042-59.jpeg,512,496,253952,1.032,44.13,54.36,255,0,255,44.13,44.13,44.13,0
OCT,train,CNV,CNV-1016042-62.jpeg,1536,496,761856,3.097,57.91,73.51,255,0,255,57.91,57.91,57.91,0
OCT,train,CNV,CNV-1016042-65.jpeg,1536,496,761856,3.097,125.01,104.89,255,0,255,125.01,125.01,125.01,0
OCT,train,CNV,CNV-1016042-7.jpeg,512,496,253952,1.032,41.52,46.83,255,0,255,41.52,41.52,41.52,0
OCT,train,CNV,CNV-1016042-70.jpeg,768,496,380928,1.548,33.58,39.39,255,0,255,33.58,33.58,33.58,0
OCT,train,CNV,CNV-1016042-73.jpeg,512,496,253952,1.032,79.91,71.21,255,0,255,79.91,79.91,79.91,0
OCT,train,CNV,CNV-1016042-75.jpeg,512,496,253952,1.032,56.06,55.69,255,0,255,56.06,56.06,56.06,0
OCT,train,CNV,CNV-1016042-78.jpeg,512,496,253952,1.032,56.8,68.65,255,0,255,56.8,56.8,56.8,0
OCT,train,CNV,CNV-1016042-81.jpeg,1536,496,761856,3.097,36.39,38.43,255,0,255,36.39,36.39,36.39,0
OCT,train,CNV,CNV-1016042-87.jpeg,1536,496,761856,3.097,32.72,36.29,255,0,255,32.72,32.72,32.72,0
OCT,train,CNV,CNV-1016042-90.jpeg,1536,496,761856,3.097,34.74,36.25,255,0,255,34.74,34.74,34.74,0
OCT,train,CNV,CNV-103044-1.jpeg,768,496,380928,1.548,38.68,40.07,255,0,255,38.68,38.68,38.68,0
OCT,train,CNV,CNV-103044-10.jpeg,512,496,253952,1.032,43.66,49.12,255,0,255,43.66,43.66,43.66,0
OCT,train,CNV,CNV-103044-100.jpeg,512,496,253952,1.032,57.63,47.95,255,0,255,57.63,57.63,57.63,0
OCT,train,CNV,CNV-103044-104.jpeg,512,496,253952,1.032,63.15,52.37,255,0,255,63.15,63.15,63.15,0
OCT,train,CNV,CNV-103044-106.jpeg,768,496,380928,1.548,47.23,43.94,255,0,255,47.23,47.23,47.23,0
OCT,train,CNV,CNV-103044-108.jpeg,768,496,380928,1.548,42.77,39.92,255,0,255,42.77,42.77,42.77,0
OCT,train,CNV,CNV-103044-110.jpeg,512,496,253952,1.032,58.74,47.68,255,0,255,58.74,58.74,58.74,0
OCT,train,CNV,CNV-103044-112.jpeg,512,496,253952,1.032,73.71,64.82,255,0,255,73.71,73.71,73.71,0
OCT,train,CNV,CNV-103044-118.jpeg,768,496,380928,1.548,51.17,46.89,255,0,255,51.17,51.17,51.17,0
OCT,train,CNV,CNV-103044-120.jpeg,512,496,253952,1.032,78.2,66.92,255,0,255,78.2,78.2,78.2,0
OCT,train,CNV,CNV-103044-122.jpeg,512,496,253952,1.032,81.02,73.52,255,0,255,81.02,81.02,81.02,0
OCT,train,CNV,CNV-103044-124.jpeg,512,496,253952,1.032,82.29,78.24,255,0,255,82.29,82.29,82.29,0
OCT,train,CNV,CNV-103044-126.jpeg,768,496,380928,1.548,42.03,38.37,255,0,255,42.03,42.03,42.03,0
OCT,train,CNV,CNV-103044-128.jpeg,768,496,380928,1.548,41.12,39.78,255,0,255,41.12,41.12,41.12,0
OCT,train,CNV,CNV-103044-130.jpeg,512,496,253952,1.032,46.48,42.12,255,0,255,46.48,46.48,46.48,0
OCT,train,CNV,CNV-103044-136.jpeg,768,496,380928,1.548,36.47,34.95,255,0,255,36.47,36.47,36.47,0
OCT,train,CNV,CNV-103044-138.jpeg,768,496,380928,1.548,39.28,40.49,255,0,255,39.28,39.28,39.28,0
OCT,train,CNV,CNV-103044-140.jpeg,768,496,380928,1.548,38.97,30.84,255,0,255,38.97,38.97,38.97,0
OCT,train,CNV,CNV-103044-142.jpeg,768,496,380928,1.548,46.35,41.75,255,0,255,46.35,46.35,46.35,0
OCT,train,CNV,CNV-103044-146.jpeg,1536,496,761856,3.097,32.33,33.14,255,0,255,32.33,32.33,32.33,0
OCT,train,CNV,CNV-103044-148.jpeg,512,496,253952,1.032,32.27,46.1,255,0,255,32.27,32.27,32.27,0
OCT,train,CNV,CNV-103044-15.jpeg,512,496,253952,1.032,47.76,52.85,255,0,255,47.76,47.76,47.76,0
OCT,train,CNV,CNV-103044-150.jpeg,512,496,253952,1.032,45.68,55.36,255,0,255,45.68,45.68,45.68,0
OCT,train,CNV,CNV-103044-152.jpeg,512,496,253952,1.032,50.08,58.58,255,0,255,50.08,50.08,50.08,0
OCT,train,CNV,CNV-103044-154.jpeg,512,496,253952,1.032,50.08,49.07,255,0,255,50.08,50.08,50.08,0
OCT,train,CNV,CNV-103044-158.jpeg,512,496,253952,1.032,45.99,44.34,255,0,255,45.99,45.99,45.99,0
OCT,train,CNV,CNV-103044-160.jpeg,768,496,380928,1.548,32.84,33.94,255,0,255,32.84,32.84,32.84,0
OCT,train,CNV,CNV-103044-162.jpeg,768,496,380928,1.548,37.84,42.11,255,0,255,37.84,37.84,37.84,0
OCT,train,CNV,CNV-103044-164.jpeg,768,496,380928,1.548,27.98,29.34,255,0,255,27.98,27.98,27.98,0
OCT,train,CNV,CNV-103044-168.jpeg,512,496,253952,1.032,50.74,54.56,255,0,255,50.74,50.74,50.74,0
OCT,train,CNV,CNV-103044-17.jpeg,768,496,380928,1.548,40.15,39.67,255,0,255,40.15,40.15,40.15,0
OCT,train,CNV,CNV-103044-170.jpeg,512,496,253952,1.032,46.46,50.47,255,0,255,46.46,46.46,46.46,0
OCT,train,CNV,CNV-103044-172.jpeg,512,496,253952,1.032,50.71,51.66,255,0,255,50.71,50.71,50.71,0
OCT,train,CNV,CNV-103044-174.jpeg,512,496,253952,1.032,48.2,46.18,255,0,255,48.2,48.2,48.2,0
OCT,train,CNV,CNV-103044-176.jpeg,512,496,253952,1.032,50.15,47.65,255,0,255,50.15,50.15,50.15,0
OCT,train,CNV,CNV-103044-186.jpeg,768,496,380928,1.548,28.25,31.02,255,0,255,28.25,28.25,28.25,0
OCT,train,CNV,CNV-103044-188.jpeg,512,496,253952,1.032,40.62,40.76,255,0,255,40.62,40.62,40.62,0
OCT,train,CNV,CNV-103044-19.jpeg,768,496,380928,1.548,42.49,40.98,255,0,255,42.49,42.49,42.49,0
OCT,train,CNV,CNV-103044-190.jpeg,512,496,253952,1.032,48.89,47.62,255,0,255,48.89,48.89,48.89,0
OCT,train,CNV,CNV-103044-192.jpeg,512,496,253952,1.032,37.32,38.57,255,0,255,37.32,37.32,37.32,0
OCT,train,CNV,CNV-103044-196.jpeg,512,496,253952,1.032,43.51,44.69,255,0,255,43.51,43.51,43.51,0
OCT,train,CNV,CNV-103044-22.jpeg,512,496,253952,1.032,47.88,51.77,255,0,255,47.88,47.88,47.88,0
OCT,train,CNV,CNV-103044-26.jpeg,512,496,253952,1.032,55.65,57.1,255,0,255,55.65,55.65,55.65,0
OCT,train,CNV,CNV-103044-3.jpeg,768,496,380928,1.548,39.08,42.49,255,0,255,39.08,39.08,39.08,0
OCT,train,CNV,CNV-103044-32.jpeg,768,496,380928,1.548,37.09,38.2,255,0,255,37.09,37.09,37.09,0
OCT,train,CNV,CNV-103044-41.jpeg,512,496,253952,1.032,43.26,45.43,255,0,255,43.26,43.26,43.26,0
OCT,train,CNV,CNV-103044-47.jpeg,512,496,253952,1.032,67.5,51.26,255,0,255,67.5,67.5,67.5,0
OCT,train,CNV,CNV-103044-51.jpeg,768,496,380928,1.548,43.6,45.33,255,0,255,43.6,43.6,43.6,0
OCT,train,CNV,CNV-103044-56.jpeg,512,496,253952,1.032,39.04,41.23,255,0,255,39.04,39.04,39.04,0
OCT,train,CNV,CNV-103044-62.jpeg,512,496,253952,1.032,64.3,62.96,255,0,255,64.3,64.3,64.3,0
OCT,train,CNV,CNV-103044-68.jpeg,512,496,253952,1.032,70.75,65.53,255,0,255,70.75,70.75,70.75,0
OCT,train,CNV,CNV-103044-7.jpeg,512,496,253952,1.032,44.56,46.24,255,0,255,44.56,44.56,44.56,0
OCT,train,CNV,CNV-103044-72.jpeg,768,496,380928,1.548,42.31,42.94,255,0,255,42.31,42.31,42.31,0
OCT,train,CNV,CNV-103044-80.jpeg,768,496,380928,1.548,33.7,32.64,255,0,255,33.7,33.7,33.7,0
OCT,train,CNV,CNV-103044-84.jpeg,512,496,253952,1.032,48.14,42.12,255,0,255,48.14,48.14,48.14,0
OCT,train,CNV,CNV-103044-86.jpeg,512,496,253952,1.032,52.53,49.02,255,0,255,52.53,52.53,52.53,0
OCT,train,CNV,CNV-103044-88.jpeg,512,496,253952,1.032,73.21,71.53,255,0,255,73.21,73.21,73.21,0
OCT,train,CNV,CNV-103044-90.jpeg,768,496,380928,1.548,41.1,37.96,255,0,255,41.1,41.1,41.1,0
OCT,train,CNV,CNV-103044-92.jpeg,768,496,380928,1.548,44.82,39.96,255,0,255,44.82,44.82,44.82,0
OCT,train,CNV,CNV-103044-94.jpeg,512,496,253952,1.032,44.06,47.98,255,0,255,44.06,44.06,44.06,0
OCT,train,CNV,CNV-103044-96.jpeg,512,496,253952,1.032,49.53,54.4,255,0,255,49.53,49.53,49.53,0
OCT,train,CNV,CNV-103044-98.jpeg,512,496,253952,1.032,50.13,53.08,255,0,255,50.13,50.13,50.13,0
OCT,train,CNV,CNV-1068273-1.jpeg,768,496,380928,1.548,38.58,38.44,255,0,255,38.58,38.58,38.58,0
OCT,train,CNV,CNV-1068273-4.jpeg,512,496,253952,1.032,47.32,52.65,255,0,255,47.32,47.32,47.32,0
OCT,train,CNV,CNV-1068273-7.jpeg,768,496,380928,1.548,50.53,45.14,255,0,255,50.53,50.53,50.53,0
OCT,train,CNV,CNV-1072411-13.jpeg,512,496,253952,1.032,69.73,80.27,255,0,255,69.73,69.73,69.73,0
OCT,train,CNV,CNV-1072411-15.jpeg,512,496,253952,1.032,69.98,77.82,255,0,255,69.98,69.98,69.98,0
OCT,train,CNV,CNV-1072411-17.jpeg,768,496,380928,1.548,40.89,40.97,255,0,255,40.89,40.89,40.89,0
OCT,train,CNV,CNV-1072411-6.jpeg,512,496,253952,1.032,80.38,76.83,255,0,255,80.38,80.38,80.38,0
OCT,train,CNV,CNV-1072411-9.jpeg,1536,496,761856,3.097,28.62,32.06,255,0,255,28.62,28.62,28.62,0
OCT,train,CNV,CNV-1077513-1.jpeg,768,496,380928,1.548,43.17,42.2,255,0,255,43.17,43.17,43.17,0
OCT,train,CNV,CNV-1077513-2.jpeg,1024,496,507904,2.065,44.61,43.77,255,0,255,44.61,44.61,44.61,0
OCT,train,CNV,CNV-1077513-3.jpeg,1024,496,507904,2.065,61.31,66.32,255,0,255,61.31,61.31,61.31,0
OCT,train,CNV,CNV-1077513-4.jpeg,768,496,380928,1.548,36.54,39.08,255,0,255,36.54,36.54,36.54,0
OCT,train,CNV,CNV-1083927-100.jpeg,512,496,253952,1.032,83.87,66.41,255,0,255,83.87,83.87,83.87,0
OCT,train,CNV,CNV-1083927-101.jpeg,768,496,380928,1.548,47.58,43.17,255,0,255,47.58,47.58,47.58,0
OCT,train,CNV,CNV-1083927-102.jpeg,768,496,380928,1.548,57.46,51.6,255,0,255,57.46,57.46,57.46,0
OCT,train,CNV,CNV-1083927-104.jpeg,512,496,253952,1.032,34.53,37.45,255,0,255,34.53,34.53,34.53,0
OCT,train,CNV,CNV-1083927-105.jpeg,512,496,253952,1.032,48.62,45.34,255,0,255,48.62,48.62,48.62,0
OCT,train,CNV,CNV-1083927-106.jpeg,512,496,253952,1.032,54.46,51.61,255,0,255,54.46,54.46,54.46,0
OCT,train,CNV,CNV-1083927-107.jpeg,512,496,253952,1.032,33.6,35.56,255,0,255,33.6,33.6,33.6,0
OCT,train,CNV,CNV-1083927-108.jpeg,768,496,380928,1.548,48.95,45.45,255,0,255,48.95,48.95,48.95,0
OCT,train,CNV,CNV-1083927-109.jpeg,768,496,380928,1.548,48.48,45.88,255,0,255,48.48,48.48,48.48,0
OCT,train,CNV,CNV-1083927-111.jpeg,512,496,253952,1.032,39.31,36.59,255,0,255,39.31,39.31,39.31,0
OCT,train,CNV,CNV-1083927-112.jpeg,512,496,253952,1.032,92.21,80.26,255,0,255,92.21,92.21,92.21,0
OCT,train,CNV,CNV-1083927-113.jpeg,512,496,253952,1.032,91.46,80.15,255,0,255,91.46,91.46,91.46,0
OCT,train,CNV,CNV-1083927-114.jpeg,512,496,253952,1.032,98.96,84.77,255,0,255,98.96,98.96,98.96,0
OCT,train,CNV,CNV-1083927-115.jpeg,768,496,380928,1.548,59.68,52.33,255,0,255,59.68,59.68,59.68,0
OCT,train,CNV,CNV-1083927-12.jpeg,512,496,253952,1.032,76.79,84.99,255,0,255,76.79,76.79,76.79,0
OCT,train,CNV,CNV-1083927-121.jpeg,512,496,253952,1.032,72.84,55.82,255,0,255,72.84,72.84,72.84,0
OCT,train,CNV,CNV-1083927-122.jpeg,512,496,253952,1.032,93.35,64.31,255,0,255,93.35,93.35,93.35,0
OCT,train,CNV,CNV-1083927-123.jpeg,512,496,253952,1.032,62.78,49.63,255,0,255,62.78,62.78,62.78,0
OCT,train,CNV,CNV-1083927-124.jpeg,512,496,253952,1.032,57.35,42.77,255,0,255,57.35,57.35,57.35,0
OCT,train,CNV,CNV-1083927-125.jpeg,768,496,380928,1.548,49.0,43.86,255,0,255,49.0,49.0,49.0,0
OCT,train,CNV,CNV-1083927-126.jpeg,768,496,380928,1.548,51.93,45.05,255,0,255,51.93,51.93,51.93,0
OCT,train,CNV,CNV-1083927-127.jpeg,512,496,253952,1.032,73.93,79.16,255,0,255,73.93,73.93,73.93,0
OCT,train,CNV,CNV-1083927-128.jpeg,512,496,253952,1.032,74.16,75.95,255,0,255,74.16,74.16,74.16,0
OCT,train,CNV,CNV-1083927-13.jpeg,512,496,253952,1.032,55.25,70.5,255,0,255,55.25,55.25,55.25,0
OCT,train,CNV,CNV-1083927-130.jpeg,1536,496,761856,3.097,33.57,31.68,255,0,255,33.57,33.57,33.57,0
OCT,train,CNV,CNV-1083927-131.jpeg,512,496,253952,1.032,53.37,58.89,255,0,255,53.37,53.37,53.37,0
OCT,train,CNV,CNV-1083927-132.jpeg,512,496,253952,1.032,56.79,61.37,255,0,255,56.79,56.79,56.79,0
OCT,train,CNV,CNV-1083927-133.jpeg,512,496,253952,1.032,79.1,55.92,255,0,255,79.1,79.1,79.1,0
OCT,train,CNV,CNV-1083927-134.jpeg,512,496,253952,1.032,86.14,57.19,255,0,255,86.14,86.14,86.14,0
OCT,train,CNV,CNV-1083927-135.jpeg,512,496,253952,1.032,78.31,49.88,255,0,255,78.31,78.31,78.31,0
OCT,train,CNV,CNV-1083927-14.jpeg,512,496,253952,1.032,95.63,76.2,255,0,255,95.63,95.63,95.63,0
OCT,train,CNV,CNV-1083927-140.jpeg,512,496,253952,1.032,31.51,41.62,255,0,255,31.51,31.51,31.51,0
OCT,train,CNV,CNV-1083927-141.jpeg,512,496,253952,1.032,34.29,46.34,255,0,255,34.29,34.29,34.29,0
OCT,train,CNV,CNV-1083927-142.jpeg,768,496,380928,1.548,48.46,48.36,255,0,255,48.46,48.46,48.46,0
OCT,train,CNV,CNV-1083927-143.jpeg,768,496,380928,1.548,58.75,50.65,255,0,255,58.75,58.75,58.75,0
OCT,train,CNV,CNV-1083927-144.jpeg,512,496,253952,1.032,83.6,76.6,255,0,255,83.6,83.6,83.6,0
OCT,train,CNV,CNV-1083927-145.jpeg,512,496,253952,1.032,71.4,60.01,255,0,255,71.4,71.4,71.4,0
OCT,train,CNV,CNV-1083927-146.jpeg,512,496,253952,1.032,74.12,55.89,255,0,255,74.12,74.12,74.12,0
OCT,train,CNV,CNV-1083927-147.jpeg,768,496,380928,1.548,60.71,51.5,255,0,255,60.71,60.71,60.71,0
OCT,train,CNV,CNV-1083927-15.jpeg,512,496,253952,1.032,97.06,75.51,255,0,255,97.06,97.06,97.06,0
OCT,train,CNV,CNV-1083927-151.jpeg,768,496,380928,1.548,49.9,42.0,255,0,255,49.9,49.9,49.9,0
OCT,train,CNV,CNV-1083927-152.jpeg,768,496,380928,1.548,66.69,58.74,255,0,255,66.69,66.69,66.69,0
OCT,train,CNV,CNV-1083927-153.jpeg,1536,496,761856,3.097,27.64,27.36,255,0,255,27.64,27.64,27.64,0
OCT,train,CNV,CNV-1083927-154.jpeg,512,496,253952,1.032,94.05,72.84,255,0,255,94.05,94.05,94.05,0
OCT,train,CNV,CNV-1083927-156.jpeg,512,496,253952,1.032,92.81,82.5,255,0,255,92.81,92.81,92.81,0
OCT,train,CNV,CNV-1083927-157.jpeg,768,496,380928,1.548,50.63,49.28,255,0,255,50.63,50.63,50.63,0
OCT,train,CNV,CNV-1083927-159.jpeg,768,496,380928,1.548,48.34,48.22,255,0,255,48.34,48.34,48.34,0
OCT,train,CNV,CNV-1083927-161.jpeg,1536,496,761856,3.097,29.54,32.06,255,0,255,29.54,29.54,29.54,0
OCT,train,CNV,CNV-1083927-162.jpeg,512,496,253952,1.032,57.55,59.85,255,0,255,57.55,57.55,57.55,0
OCT,train,CNV,CNV-1083927-163.jpeg,512,496,253952,1.032,46.75,49.59,255,0,255,46.75,46.75,46.75,0
OCT,train,CNV,CNV-1083927-164.jpeg,512,496,253952,1.032,84.08,64.67,255,0,255,84.08,84.08,84.08,0
OCT,train,CNV,CNV-1083927-165.jpeg,768,496,380928,1.548,59.94,53.67,255,0,255,59.94,59.94,59.94,0
OCT,train,CNV,CNV-1083927-166.jpeg,768,496,380928,1.548,43.47,44.17,255,0,255,43.47,43.47,43.47,0
OCT,train,CNV,CNV-1083927-167.jpeg,768,496,380928,1.548,55.43,50.65,255,0,255,55.43,55.43,55.43,0
OCT,train,CNV,CNV-1083927-168.jpeg,1536,496,761856,3.097,74.77,55.16,255,0,255,74.77,74.77,74.77,0
OCT,train,CNV,CNV-1083927-169.jpeg,1536,496,761856,3.097,40.43,36.27,255,0,255,40.43,40.43,40.43,0
OCT,train,CNV,CNV-1083927-17.jpeg,768,496,380928,1.548,69.98,59.09,255,0,255,69.98,69.98,69.98,0
OCT,train,CNV,CNV-1083927-170.jpeg,512,496,253952,1.032,127.02,79.9,255,0,255,127.02,127.02,127.02,0
OCT,train,CNV,CNV-1083927-173.jpeg,768,496,380928,1.548,53.2,49.09,255,0,255,53.2,53.2,53.2,0
OCT,train,CNV,CNV-1083927-174.jpeg,512,496,253952,1.032,41.48,38.69,255,0,255,41.48,41.48,41.48,0
OCT,train,CNV,CNV-1083927-175.jpeg,512,496,253952,1.032,72.5,64.83,255,0,255,72.5,72.5,72.5,0
OCT,train,CNV,CNV-1083927-176.jpeg,512,496,253952,1.032,102.08,84.14,255,0,255,102.08,102.08,102.08,0
OCT,train,CNV,CNV-1083927-177.jpeg,512,496,253952,1.032,113.03,88.06,255,0,255,113.03,113.03,113.03,0
OCT,train,CNV,CNV-1083927-18.jpeg,768,496,380928,1.548,54.92,48.54,255,0,255,54.92,54.92,54.92,0
OCT,train,CNV,CNV-1083927-180.jpeg,768,496,380928,1.548,45.74,44.46,255,0,255,45.74,45.74,45.74,0
OCT,train,CNV,CNV-1083927-181.jpeg,1536,496,761856,3.097,45.75,46.04,255,0,255,45.75,45.75,45.75,0
OCT,train,CNV,CNV-1083927-182.jpeg,1536,496,761856,3.097,47.53,49.28,255,0,255,47.53,47.53,47.53,0
OCT,train,CNV,CNV-1083927-183.jpeg,1536,496,761856,3.097,33.71,32.71,255,0,255,33.71,33.71,33.71,0
OCT,train,CNV,CNV-1083927-184.jpeg,512,496,253952,1.032,104.8,80.86,255,0,255,104.8,104.8,104.8,0
OCT,train,CNV,CNV-1083927-185.jpeg,512,496,253952,1.032,84.75,68.47,255,0,255,84.75,84.75,84.75,0
OCT,train,CNV,CNV-1083927-186.jpeg,512,496,253952,1.032,82.15,76.03,255,0,255,82.15,82.15,82.15,0
OCT,train,CNV,CNV-1083927-187.jpeg,1536,496,761856,3.097,36.38,35.57,255,0,255,36.38,36.38,36.38,0
OCT,train,CNV,CNV-1083927-188.jpeg,512,496,253952,1.032,39.35,41.85,255,0,255,39.35,39.35,39.35,0
OCT,train,CNV,CNV-1083927-189.jpeg,512,496,253952,1.032,74.92,53.5,255,0,255,74.92,74.92,74.92,0
OCT,train,CNV,CNV-1083927-19.jpeg,512,496,253952,1.032,41.33,61.23,255,0,255,41.33,41.33,41.33,0
OCT,train,CNV,CNV-1083927-190.jpeg,512,496,253952,1.032,89.35,70.91,255,0,255,89.35,89.35,89.35,0
OCT,train,CNV,CNV-1083927-191.jpeg,512,496,253952,1.032,89.25,68.51,255,0,255,89.25,89.25,89.25,0
OCT,train,CNV,CNV-1083927-192.jpeg,768,496,380928,1.548,57.58,51.08,255,0,255,57.58,57.58,57.58,0
OCT,train,CNV,CNV-1083927-193.jpeg,768,496,380928,1.548,49.89,48.32,255,0,255,49.89,49.89,49.89,0
OCT,train,CNV,CNV-1083927-194.jpeg,768,496,380928,1.548,59.86,52.23,255,0,255,59.86,59.86,59.86,0
OCT,train,CNV,CNV-1083927-195.jpeg,768,496,380928,1.548,38.34,45.66,255,0,255,38.34,38.34,38.34,0
OCT,train,CNV,CNV-1083927-196.jpeg,512,496,253952,1.032,60.48,50.72,255,0,255,60.48,60.48,60.48,0
OCT,train,CNV,CNV-1083927-197.jpeg,512,496,253952,1.032,68.36,62.52,255,0,255,68.36,68.36,68.36,0
OCT,train,CNV,CNV-1083927-198.jpeg,512,496,253952,1.032,67.5,62.38,255,0,255,67.5,67.5,67.5,0
OCT,train,CNV,CNV-1083927-199.jpeg,768,496,380928,1.548,56.24,51.71,255,0,255,56.24,56.24,56.24,0
OCT,train,CNV,CNV-1083927-2.jpeg,512,496,253952,1.032,56.74,61.62,255,0,255,56.74,56.74,56.74,0
OCT,train,CNV,CNV-1083927-20.jpeg,512,496,253952,1.032,88.91,82.01,255,0,255,88.91,88.91,88.91,0
OCT,train,CNV,CNV-1083927-200.jpeg,1536,496,761856,3.097,26.39,25.49,255,0,255,26.39,26.39,26.39,0
OCT,train,CNV,CNV-1083927-201.jpeg,512,496,253952,1.032,56.94,72.82,255,0,255,56.94,56.94,56.94,0
OCT,train,CNV,CNV-1083927-202.jpeg,512,496,253952,1.032,93.47,85.51,255,0,255,93.47,93.47,93.47,0
OCT,train,CNV,CNV-1083927-203.jpeg,512,496,253952,1.032,86.2,76.64,255,0,255,86.2,86.2,86.2,0
OCT,train,CNV,CNV-1083927-204.jpeg,512,496,253952,1.032,75.7,68.04,255,0,255,75.7,75.7,75.7,0
OCT,train,CNV,CNV-1083927-205.jpeg,768,496,380928,1.548,45.34,39.85,255,0,255,45.34,45.34,45.34,0
OCT,train,CNV,CNV-1083927-207.jpeg,512,496,253952,1.032,86.79,67.75,255,0,255,86.79,86.79,86.79,0
OCT,train,CNV,CNV-1083927-208.jpeg,512,496,253952,1.032,90.64,66.89,255,0,255,90.64,90.64,90.64,0
OCT,train,CNV,CNV-1083927-21.jpeg,512,496,253952,1.032,88.09,80.68,255,0,255,88.09,88.09,88.09,0
OCT,train,CNV,CNV-1083927-211.jpeg,768,496,380928,1.548,47.97,53.47,255,0,255,47.97,47.97,47.97,0
OCT,train,CNV,CNV-1083927-215.jpeg,512,496,253952,1.032,83.62,68.72,255,0,255,83.62,83.62,83.62,0
OCT,train,CNV,CNV-1083927-216.jpeg,768,496,380928,1.548,61.21,53.42,255,0,255,61.21,61.21,61.21,0
OCT,train,CNV,CNV-1083927-217.jpeg,768,496,380928,1.548,45.44,49.27,255,0,255,45.44,45.44,45.44,0
OCT,train,CNV,CNV-1083927-218.jpeg,512,496,253952,1.032,89.01,70.07,255,0,255,89.01,89.01,89.01,0
OCT,train,CNV,CNV-1083927-219.jpeg,512,496,253952,1.032,66.04,60.31,255,0,255,66.04,66.04,66.04,0
OCT,train,CNV,CNV-1083927-22.jpeg,512,496,253952,1.032,85.44,78.44,255,0,255,85.44,85.44,85.44,0
OCT,train,CNV,CNV-1083927-220.jpeg,512,496,253952,1.032,62.65,56.93,255,0,255,62.65,62.65,62.65,0
OCT,train,CNV,CNV-1083927-221.jpeg,512,496,253952,1.032,61.02,55.68,255,0,255,61.02,61.02,61.02,0
OCT,train,CNV,CNV-1083927-222.jpeg,768,496,380928,1.548,53.5,52.62,255,0,255,53.5,53.5,53.5,0
OCT,train,CNV,CNV-1083927-224.jpeg,768,496,380928,1.548,53.5,53.16,255,0,255,53.5,53.5,53.5,0
OCT,train,CNV,CNV-1083927-226.jpeg,512,496,253952,1.032,67.18,61.05,255,0,255,67.18,67.18,67.18,0
OCT,train,CNV,CNV-1083927-228.jpeg,512,496,253952,1.032,70.25,64.46,255,0,255,70.25,70.25,70.25,0
OCT,train,CNV,CNV-1083927-230.jpeg,768,496,380928,1.548,44.81,45.94,255,0,255,44.81,44.81,44.81,0
OCT,train,CNV,CNV-1083927-231.jpeg,512,496,253952,1.032,49.48,48.14,255,0,255,49.48,49.48,49.48,0
OCT,train,CNV,CNV-1083927-233.jpeg,512,496,253952,1.032,115.34,84.94,255,0,255,115.34,115.34,115.34,0
OCT,train,CNV,CNV-1083927-236.jpeg,768,496,380928,1.548,59.73,52.81,255,0,255,59.73,59.73,59.73,0
OCT,train,CNV,CNV-1083927-24.jpeg,768,496,380928,1.548,48.49,51.6,255,0,255,48.49,48.49,48.49,0
OCT,train,CNV,CNV-1083927-25.jpeg,768,496,380928,1.548,34.99,38.07,255,0,255,34.99,34.99,34.99,0
OCT,train,CNV,CNV-1083927-26.jpeg,512,496,253952,1.032,54.79,61.5,255,0,255,54.79,54.79,54.79,0
OCT,train,CNV,CNV-1083927-27.jpeg,512,496,253952,1.032,66.69,72.67,255,0,255,66.69,66.69,66.69,0
OCT,train,CNV,CNV-1083927-28.jpeg,512,496,253952,1.032,91.84,74.84,255,0,255,91.84,91.84,91.84,0
OCT,train,CNV,CNV-1083927-3.jpeg,768,496,380928,1.548,33.82,32.36,255,0,255,33.82,33.82,33.82,0
OCT,train,CNV,CNV-1083927-31.jpeg,768,496,380928,1.548,41.68,41.94,255,0,255,41.68,41.68,41.68,0
OCT,train,CNV,CNV-1083927-32.jpeg,768,496,380928,1.548,75.43,59.94,255,0,255,75.43,75.43,75.43,0
OCT,train,CNV,CNV-1083927-33.jpeg,512,496,253952,1.032,85.4,80.85,255,0,255,85.4,85.4,85.4,0
OCT,train,CNV,CNV-1083927-34.jpeg,512,496,253952,1.032,53.51,50.11,255,0,255,53.51,53.51,53.51,0
OCT,train,CNV,CNV-1083927-35.jpeg,512,496,253952,1.032,41.54,43.78,255,0,255,41.54,41.54,41.54,0
OCT,train,CNV,CNV-1083927-37.jpeg,768,496,380928,1.548,42.49,41.44,255,0,255,42.49,42.49,42.49,0
OCT,train,CNV,CNV-1083927-39.jpeg,768,496,380928,1.548,29.0,28.65,255,0,255,29.0,29.0,29.0,0
OCT,train,CNV,CNV-1083927-40.jpeg,768,496,380928,1.548,54.49,54.76,255,0,255,54.49,54.49,54.49,0
OCT,train,CNV,CNV-1083927-42.jpeg,768,496,380928,1.548,35.58,37.37,255,0,255,35.58,35.58,35.58,0
OCT,train,CNV,CNV-1083927-43.jpeg,768,496,380928,1.548,35.46,34.7,255,0,255,35.46,35.46,35.46,0
OCT,train,CNV,CNV-1083927-45.jpeg,512,496,253952,1.032,38.2,46.89,255,0,255,38.2,38.2,38.2,0
OCT,train,CNV,CNV-1083927-48.jpeg,768,496,380928,1.548,62.68,57.95,255,0,255,62.68,62.68,62.68,0
OCT,train,CNV,CNV-1083927-5.jpeg,768,496,380928,1.548,29.61,30.59,255,0,255,29.61,29.61,29.61,0
OCT,train,CNV,CNV-1083927-50.jpeg,512,496,253952,1.032,76.2,68.59,255,0,255,76.2,76.2,76.2,0
OCT,train,CNV,CNV-1083927-51.jpeg,512,496,253952,1.032,101.82,81.13,255,0,255,101.82,101.82,101.82,0
OCT,train,CNV,CNV-1083927-52.jpeg,768,496,380928,1.548,39.21,38.16,255,0,255,39.21,39.21,39.21,0
OCT,train,CNV,CNV-1083927-53.jpeg,768,496,380928,1.548,31.46,32.42,255,0,255,31.46,31.46,31.46,0
OCT,train,CNV,CNV-1083927-54.jpeg,512,496,253952,1.032,53.77,46.67,255,0,255,53.77,53.77,53.77,0
OCT,train,CNV,CNV-1083927-55.jpeg,512,496,253952,1.032,136.04,96.62,255,0,255,136.04,136.04,136.04,0
OCT,train,CNV,CNV-1083927-56.jpeg,512,496,253952,1.032,75.95,74.54,255,0,255,75.95,75.95,75.95,0
OCT,train,CNV,CNV-1083927-57.jpeg,512,496,253952,1.032,70.13,62.62,255,0,255,70.13,70.13,70.13,0
OCT,train,CNV,CNV-1083927-59.jpeg,512,496,253952,1.032,104.77,69.49,255,0,255,104.77,104.77,104.77,0
OCT,train,CNV,CNV-1083927-60.jpeg,512,496,253952,1.032,95.2,66.49,255,0,255,95.2,95.2,95.2,0
OCT,train,CNV,CNV-1083927-61.jpeg,768,496,380928,1.548,34.97,33.73,255,0,255,34.97,34.97,34.97,0
OCT,train,CNV,CNV-1083927-63.jpeg,512,496,253952,1.032,59.48,64.95,255,0,255,59.48,59.48,59.48,0
OCT,train,CNV,CNV-1083927-64.jpeg,512,496,253952,1.032,71.24,71.3,255,0,255,71.24,71.24,71.24,0
OCT,train,CNV,CNV-1083927-66.jpeg,768,496,380928,1.548,36.42,35.08,255,0,255,36.42,36.42,36.42,0
OCT,train,CNV,CNV-1083927-68.jpeg,1536,496,761856,3.097,26.15,27.17,255,0,255,26.15,26.15,26.15,0
OCT,train,CNV,CNV-1083927-69.jpeg,1536,496,761856,3.097,23.35,24.13,255,0,255,23.35,23.35,23.35,0
OCT,train,CNV,CNV-1083927-70.jpeg,512,496,253952,1.032,46.73,49.88,255,0,255,46.73,46.73,46.73,0
OCT,train,CNV,CNV-1083927-72.jpeg,512,496,253952,1.032,63.95,44.79,255,0,255,63.95,63.95,63.95,0
OCT,train,CNV,CNV-1083927-73.jpeg,512,496,253952,1.032,69.0,48.21,255,0,255,69.0,69.0,69.0,0
OCT,train,CNV,CNV-1083927-74.jpeg,768,496,380928,1.548,43.62,43.91,255,0,255,43.62,43.62,43.62,0
OCT,train,CNV,CNV-1083927-75.jpeg,768,496,380928,1.548,39.14,36.48,255,0,255,39.14,39.14,39.14,0
OCT,train,CNV,CNV-1083927-76.jpeg,1536,496,761856,3.097,20.46,22.11,255,0,255,20.46,20.46,20.46,0
OCT,train,CNV,CNV-1083927-78.jpeg,512,496,253952,1.032,52.32,46.92,255,0,255,52.32,52.32,52.32,0
OCT,train,CNV,CNV-1083927-79.jpeg,512,496,253952,1.032,47.4,48.2,255,0,255,47.4,47.4,47.4,0
OCT,train,CNV,CNV-1083927-8.jpeg,768,496,380928,1.548,43.87,42.13,255,0,255,43.87,43.87,43.87,0
OCT,train,CNV,CNV-1083927-80.jpeg,512,496,253952,1.032,65.65,62.67,255,0,255,65.65,65.65,65.65,0
OCT,train,CNV,CNV-1083927-81.jpeg,768,496,380928,1.548,36.88,36.05,255,0,255,36.88,36.88,36.88,0
OCT,train,CNV,CNV-1083927-82.jpeg,768,496,380928,1.548,41.24,40.04,255,0,255,41.24,41.24,41.24,0
OCT,train,CNV,CNV-1083927-83.jpeg,768,496,380928,1.548,28.25,25.85,255,0,255,28.25,28.25,28.25,0
OCT,train,CNV,CNV-1083927-84.jpeg,768,496,380928,1.548,22.5,22.52,255,0,255,22.5,22.5,22.5,0
OCT,train,CNV,CNV-1083927-85.jpeg,512,496,253952,1.032,107.57,80.13,255,0,255,107.57,107.57,107.57,0
OCT,train,CNV,CNV-1083927-88.jpeg,768,496,380928,1.548,45.84,43.37,255,0,255,45.84,45.84,45.84,0
OCT,train,CNV,CNV-1083927-89.jpeg,768,496,380928,1.548,41.84,39.76,255,0,255,41.84,41.84,41.84,0
OCT,train,CNV,CNV-1083927-9.jpeg,512,496,253952,1.032,75.74,57.69,255,0,255,75.74,75.74,75.74,0
OCT,train,CNV,CNV-1083927-90.jpeg,1536,496,761856,3.097,29.39,28.61,255,0,255,29.39,29.39,29.39,0
OCT,train,CNV,CNV-1083927-93.jpeg,512,496,253952,1.032,41.24,41.29,255,0,255,41.24,41.24,41.24,0
OCT,train,CNV,CNV-1083927-94.jpeg,512,496,253952,1.032,38.66,47.29,255,0,255,38.66,38.66,38.66,0
OCT,train,CNV,CNV-1083927-97.jpeg,512,496,253952,1.032,40.33,39.29,255,0,255,40.33,40.33,40.33,0
OCT,train,CNV,CNV-1083927-98.jpeg,512,496,253952,1.032,83.39,59.66,255,0,255,83.39,83.39,83.39,0
OCT,train,CNV,CNV-1083927-99.jpeg,512,496,253952,1.032,69.93,53.23,255,0,255,69.93,69.93,69.93,0
OCT,train,CNV,CNV-1112835-1.jpeg,768,496,380928,1.548,37.3,39.5,255,0,255,37.3,37.3,37.3,0
OCT,train,CNV,CNV-1112835-10.jpeg,512,496,253952,1.032,50.13,52.59,255,0,255,50.13,50.13,50.13,0
OCT,train,CNV,CNV-1112835-100.jpeg,512,496,253952,1.032,54.25,49.34,255,0,255,54.25,54.25,54.25,0
OCT,train,CNV,CNV-1112835-101.jpeg,512,496,253952,1.032,51.62,47.77,255,0,255,51.62,51.62,51.62,0
OCT,train,CNV,CNV-1112835-104.jpeg,512,496,253952,1.032,50.91,49.66,255,0,255,50.91,50.91,50.91,0
OCT,train,CNV,CNV-1112835-109.jpeg,768,496,380928,1.548,31.85,33.12,255,0,255,31.85,31.85,31.85,0
OCT,train,CNV,CNV-1112835-112.jpeg,1536,496,761856,3.097,32.48,33.28,255,0,255,32.48,32.48,32.48,0
OCT,train,CNV,CNV-1112835-114.jpeg,512,496,253952,1.032,46.64,43.66,255,0,255,46.64,46.64,46.64,0
OCT,train,CNV,CNV-1112835-115.jpeg,512,496,253952,1.032,51.99,55.26,255,0,255,51.99,51.99,51.99,0
OCT,train,CNV,CNV-1112835-117.jpeg,512,496,253952,1.032,54.76,53.19,255,0,255,54.76,54.76,54.76,0
OCT,train,CNV,CNV-1112835-119.jpeg,512,496,253952,1.032,57.31,58.18,255,0,255,57.31,57.31,57.31,0
OCT,train,CNV,CNV-1112835-12.jpeg,512,496,253952,1.032,49.06,53.18,255,0,255,49.06,49.06,49.06,0
OCT,train,CNV,CNV-1112835-123.jpeg,768,496,380928,1.548,39.67,41.25,255,0,255,39.67,39.67,39.67,0
OCT,train,CNV,CNV-1112835-125.jpeg,1536,496,761856,3.097,40.2,39.54,255,0,255,40.2,40.2,40.2,0
OCT,train,CNV,CNV-1112835-126.jpeg,1536,496,761856,3.097,42.12,39.61,255,0,255,42.12,42.12,42.12,0
OCT,train,CNV,CNV-1112835-128.jpeg,512,496,253952,1.032,72.23,73.09,255,0,255,72.23,72.23,72.23,0
OCT,train,CNV,CNV-1112835-129.jpeg,512,496,253952,1.032,49.15,52.23,255,0,255,49.15,49.15,49.15,0
OCT,train,CNV,CNV-1112835-131.jpeg,512,496,253952,1.032,53.25,58.51,255,0,255,53.25,53.25,53.25,0
OCT,train,CNV,CNV-1112835-133.jpeg,512,496,253952,1.032,54.75,61.0,255,0,255,54.75,54.75,54.75,0
OCT,train,CNV,CNV-1112835-135.jpeg,768,496,380928,1.548,36.6,36.99,255,0,255,36.6,36.6,36.6,0
OCT,train,CNV,CNV-1112835-137.jpeg,768,496,380928,1.548,35.51,38.39,255,0,255,35.51,35.51,35.51,0
OCT,train,CNV,CNV-1112835-140.jpeg,1536,496,761856,3.097,35.3,34.89,255,0,255,35.3,35.3,35.3,0
OCT,train,CNV,CNV-1112835-147.jpeg,512,496,253952,1.032,63.12,63.99,255,0,255,63.12,63.12,63.12,0
OCT,train,CNV,CNV-1112835-15.jpeg,768,496,380928,1.548,35.26,38.19,255,0,255,35.26,35.26,35.26,0
OCT,train,CNV,CNV-1112835-150.jpeg,512,496,253952,1.032,60.62,63.33,255,0,255,60.62,60.62,60.62,0
OCT,train,CNV,CNV-1112835-152.jpeg,768,496,380928,1.548,40.72,40.13,255,0,255,40.72,40.72,40.72,0
OCT,train,CNV,CNV-1112835-154.jpeg,512,496,253952,1.032,56.56,57.02,255,0,255,56.56,56.56,56.56,0
OCT,train,CNV,CNV-1112835-157.jpeg,512,496,253952,1.032,50.53,49.97,255,0,255,50.53,50.53,50.53,0
OCT,train,CNV,CNV-1112835-160.jpeg,512,496,253952,1.032,50.59,48.73,255,0,255,50.59,50.59,50.59,0
OCT,train,CNV,CNV-1112835-163.jpeg,768,496,380928,1.548,33.9,34.19,255,0,255,33.9,33.9,33.9,0
OCT,train,CNV,CNV-1112835-166.jpeg,768,496,380928,1.548,36.16,38.25,255,0,255,36.16,36.16,36.16,0
OCT,train,CNV,CNV-1112835-171.jpeg,1536,496,761856,3.097,35.72,39.72,255,0,255,35.72,35.72,35.72,0
OCT,train,CNV,CNV-1112835-172.jpeg,512,496,253952,1.032,44.41,45.2,255,0,255,44.41,44.41,44.41,0
OCT,train,CNV,CNV-1112835-174.jpeg,512,496,253952,1.032,56.75,62.72,255,0,255,56.75,56.75,56.75,0
OCT,train,CNV,CNV-1112835-178.jpeg,512,496,253952,1.032,58.59,59.26,255,0,255,58.59,58.59,58.59,0
OCT,train,CNV,CNV-1112835-180.jpeg,512,496,253952,1.032,58.4,59.97,255,0,255,58.4,58.4,58.4,0
OCT,train,CNV,CNV-1112835-182.jpeg,768,496,380928,1.548,28.38,32.15,255,0,255,28.38,28.38,28.38,0
OCT,train,CNV,CNV-1112835-184.jpeg,768,496,380928,1.548,41.05,43.06,255,0,255,41.05,41.05,41.05,0
OCT,train,CNV,CNV-1112835-186.jpeg,512,496,253952,1.032,56.74,55.92,255,0,255,56.74,56.74,56.74,0
OCT,train,CNV,CNV-1112835-190.jpeg,512,496,253952,1.032,46.47,43.94,255,0,255,46.47,46.47,46.47,0
OCT,train,CNV,CNV-1112835-195.jpeg,768,496,380928,1.548,36.95,37.02,255,0,255,36.95,36.95,36.95,0
OCT,train,CNV,CNV-1112835-198.jpeg,512,496,253952,1.032,55.59,58.83,255,0,255,55.59,55.59,55.59,0
OCT,train,CNV,CNV-1112835-2.jpeg,768,496,380928,1.548,36.78,38.56,255,0,255,36.78,36.78,36.78,0
OCT,train,CNV,CNV-1112835-20.jpeg,768,496,380928,1.548,39.8,42.29,255,0,255,39.8,39.8,39.8,0
OCT,train,CNV,CNV-1112835-204.jpeg,512,496,253952,1.032,55.16,55.31,255,0,255,55.16,55.16,55.16,0
OCT,train,CNV,CNV-1112835-207.jpeg,768,496,380928,1.548,37.13,38.88,255,0,255,37.13,37.13,37.13,0
OCT,train,CNV,CNV-1112835-21.jpeg,768,496,380928,1.548,29.85,33.49,255,0,255,29.85,29.85,29.85,0
OCT,train,CNV,CNV-1112835-210.jpeg,768,496,380928,1.548,37.43,39.91,255,0,255,37.43,37.43,37.43,0
OCT,train,CNV,CNV-1112835-212.jpeg,1536,496,761856,3.097,44.08,41.97,255,0,255,44.08,44.08,44.08,0
OCT,train,CNV,CNV-1112835-216.jpeg,512,496,253952,1.032,31.22,35.38,255,0,255,31.22,31.22,31.22,0
OCT,train,CNV,CNV-1112835-219.jpeg,512,496,253952,1.032,35.81,35.6,255,0,255,35.81,35.81,35.81,0
OCT,train,CNV,CNV-1112835-22.jpeg,512,496,253952,1.032,52.44,56.64,255,0,255,52.44,52.44,52.44,0
OCT,train,CNV,CNV-1112835-222.jpeg,768,496,380928,1.548,36.94,33.13,255,0,255,36.94,36.94,36.94,0
OCT,train,CNV,CNV-1112835-225.jpeg,768,496,380928,1.548,35.7,35.55,255,0,255,35.7,35.7,35.7,0
OCT,train,CNV,CNV-1112835-228.jpeg,1536,496,761856,3.097,33.97,37.49,255,0,255,33.97,33.97,33.97,0
OCT,train,CNV,CNV-1112835-229.jpeg,768,496,380928,1.548,34.89,36.95,255,0,255,34.89,34.89,34.89,0
OCT,train,CNV,CNV-1112835-236.jpeg,512,496,253952,1.032,45.92,45.34,255,0,255,45.92,45.92,45.92,0
OCT,train,CNV,CNV-1112835-242.jpeg,512,496,253952,1.032,51.1,47.22,255,0,255,51.1,51.1,51.1,0
OCT,train,CNV,CNV-1112835-245.jpeg,1536,496,761856,3.097,32.24,35.56,255,0,255,32.24,32.24,32.24,0
OCT,train,CNV,CNV-1112835-247.jpeg,512,496,253952,1.032,54.59,53.53,255,0,255,54.59,54.59,54.59,0
OCT,train,CNV,CNV-1112835-250.jpeg,512,496,253952,1.032,52.58,51.15,255,0,255,52.58,52.58,52.58,0
OCT,train,CNV,CNV-1112835-256.jpeg,768,496,380928,1.548,34.35,33.08,255,0,255,34.35,34.35,34.35,0
OCT,train,CNV,CNV-1112835-259.jpeg,768,496,380928,1.548,42.59,42.06,255,0,255,42.59,42.59,42.59,0
OCT,train,CNV,CNV-1112835-26.jpeg,512,496,253952,1.032,36.42,36.63,255,0,255,36.42,36.42,36.42,0
OCT,train,CNV,CNV-1112835-262.jpeg,768,496,380928,1.548,42.48,42.31,255,0,255,42.48,42.48,42.48,0
OCT,train,CNV,CNV-1112835-265.jpeg,1536,496,761856,3.097,37.63,39.98,255,0,255,37.63,37.63,37.63,0
OCT,train,CNV,CNV-1112835-268.jpeg,768,496,380928,1.548,50.47,49.8,255,0,255,50.47,50.47,50.47,0
OCT,train,CNV,CNV-1112835-270.jpeg,768,496,380928,1.548,53.59,55.91,255,0,255,53.59,53.59,53.59,0
OCT,train,CNV,CNV-1112835-273.jpeg,768,496,380928,1.548,50.98,54.74,255,0,255,50.98,50.98,50.98,0
OCT,train,CNV,CNV-1112835-277.jpeg,768,496,380928,1.548,37.22,36.08,255,0,255,37.22,37.22,37.22,0
OCT,train,CNV,CNV-1112835-280.jpeg,768,496,380928,1.548,34.17,33.42,255,0,255,34.17,34.17,34.17,0
OCT,train,CNV,CNV-1112835-282.jpeg,1536,496,761856,3.097,33.5,36.32,255,0,255,33.5,33.5,33.5,0
OCT,train,CNV,CNV-1112835-283.jpeg,1536,496,761856,3.097,38.32,42.15,255,0,255,38.32,38.32,38.32,0
OCT,train,CNV,CNV-1112835-284.jpeg,512,496,253952,1.032,43.44,50.18,255,0,255,43.44,43.44,43.44,0
OCT,train,CNV,CNV-1112835-287.jpeg,512,496,253952,1.032,44.69,50.94,255,0,255,44.69,44.69,44.69,0
OCT,train,CNV,CNV-1112835-293.jpeg,768,496,380928,1.548,29.76,31.56,255,0,255,29.76,29.76,29.76,0
OCT,train,CNV,CNV-1112835-296.jpeg,768,496,380928,1.548,35.0,38.87,255,0,255,35.0,35.0,35.0,0
OCT,train,CNV,CNV-1112835-299.jpeg,768,496,380928,1.548,39.32,42.46,255,0,255,39.32,39.32,39.32,0
OCT,train,CNV,CNV-1112835-3.jpeg,512,496,253952,1.032,61.71,64.24,255,0,255,61.71,61.71,61.71,0
OCT,train,CNV,CNV-1112835-302.jpeg,768,496,380928,1.548,35.02,36.94,255,0,255,35.02,35.02,35.02,0
OCT,train,CNV,CNV-1112835-303.jpeg,512,496,253952,1.032,58.24,54.96,255,0,255,58.24,58.24,58.24,0
OCT,train,CNV,CNV-1112835-306.jpeg,768,496,380928,1.548,36.35,37.69,255,0,255,36.35,36.35,36.35,0
OCT,train,CNV,CNV-1112835-309.jpeg,768,496,380928,1.548,37.22,37.79,255,0,255,37.22,37.22,37.22,0
OCT,train,CNV,CNV-1112835-315.jpeg,512,496,253952,1.032,152.26,99.02,255,0,255,152.26,152.26,152.26,0
OCT,train,CNV,CNV-1112835-320.jpeg,1536,496,761856,3.097,38.19,40.67,255,0,255,38.19,38.19,38.19,0
OCT,train,CNV,CNV-1112835-321.jpeg,1536,496,761856,3.097,36.1,38.79,255,0,255,36.1,36.1,36.1,0
OCT,train,CNV,CNV-1112835-33.jpeg,512,496,253952,1.032,47.86,58.2,255,0,255,47.86,47.86,47.86,0
OCT,train,CNV,CNV-1112835-331.jpeg,512,496,253952,1.032,56.05,44.59,255,0,255,56.05,56.05,56.05,0
OCT,train,CNV,CNV-1112835-337.jpeg,768,496,380928,1.548,39.3,39.07,255,0,255,39.3,39.3,39.3,0
OCT,train,CNV,CNV-1112835-340.jpeg,768,496,380928,1.548,46.76,41.73,255,0,255,46.76,46.76,46.76,0
OCT,train,CNV,CNV-1112835-343.jpeg,768,496,380928,1.548,49.22,44.07,255,0,255,49.22,49.22,49.22,0
OCT,train,CNV,CNV-1112835-346.jpeg,768,496,380928,1.548,33.66,37.29,255,0,255,33.66,33.66,33.66,0
OCT,train,CNV,CNV-1112835-348.jpeg,512,496,253952,1.032,49.88,54.86,255,0,255,49.88,49.88,49.88,0
OCT,train,CNV,CNV-1112835-349.jpeg,512,496,253952,1.032,50.74,59.5,255,0,255,50.74,50.74,50.74,0
OCT,train,CNV,CNV-1112835-350.jpeg,512,496,253952,1.032,45.68,43.84,255,0,255,45.68,45.68,45.68,0
OCT,train,CNV,CNV-1112835-353.jpeg,512,496,253952,1.032,46.61,47.08,255,0,255,46.61,46.61,46.61,0
OCT,train,CNV,CNV-1112835-356.jpeg,512,496,253952,1.032,44.76,45.71,255,0,255,44.76,44.76,44.76,0
OCT,train,CNV,CNV-1112835-359.jpeg,768,496,380928,1.548,33.41,36.16,255,0,255,33.41,33.41,33.41,0
OCT,train,CNV,CNV-1112835-362.jpeg,768,496,380928,1.548,36.55,38.72,255,0,255,36.55,36.55,36.55,0
OCT,train,CNV,CNV-1112835-365.jpeg,768,496,380928,1.548,37.62,39.61,255,0,255,37.62,37.62,37.62,0
OCT,train,CNV,CNV-1112835-366.jpeg,768,496,380928,1.548,38.29,41.28,255,0,255,38.29,38.29,38.29,0
OCT,train,CNV,CNV-1112835-367.jpeg,512,496,253952,1.032,81.96,87.34,255,0,255,81.96,81.96,81.96,0
OCT,train,CNV,CNV-1112835-368.jpeg,512,496,253952,1.032,62.42,54.23,255,0,255,62.42,62.42,62.42,0
OCT,train,CNV,CNV-1112835-374.jpeg,512,496,253952,1.032,51.58,54.74,255,0,255,51.58,51.58,51.58,0
OCT,train,CNV,CNV-1112835-377.jpeg,768,496,380928,1.548,27.63,27.63,255,0,255,27.63,27.63,27.63,0
OCT,train,CNV,CNV-1112835-38.jpeg,768,496,380928,1.548,38.1,39.22,255,0,255,38.1,38.1,38.1,0
OCT,train,CNV,CNV-1112835-4.jpeg,512,496,253952,1.032,62.01,67.8,255,0,255,62.01,62.01,62.01,0
OCT,train,CNV,CNV-1112835-41.jpeg,768,496,380928,1.548,30.48,34.03,255,0,255,30.48,30.48,30.48,0
OCT,train,CNV,CNV-1112835-42.jpeg,768,496,380928,1.548,38.82,41.9,255,0,255,38.82,38.82,38.82,0
OCT,train,CNV,CNV-1112835-43.jpeg,512,496,253952,1.032,67.09,70.4,255,0,255,67.09,67.09,67.09,0
OCT,train,CNV,CNV-1112835-44.jpeg,512,496,253952,1.032,71.17,76.47,255,0,255,71.17,71.17,71.17,0
OCT,train,CNV,CNV-1112835-45.jpeg,512,496,253952,1.032,69.72,73.74,255,0,255,69.72,69.72,69.72,0
OCT,train,CNV,CNV-1112835-46.jpeg,512,496,253952,1.032,56.59,59.14,255,0,255,56.59,56.59,56.59,0
OCT,train,CNV,CNV-1112835-49.jpeg,512,496,253952,1.032,54.61,59.62,255,0,255,54.61,54.61,54.61,0
OCT,train,CNV,CNV-1112835-5.jpeg,512,496,253952,1.032,58.8,59.4,255,0,255,58.8,58.8,58.8,0
OCT,train,CNV,CNV-1112835-54.jpeg,768,496,380928,1.548,29.25,27.44,255,0,255,29.25,29.25,29.25,0
OCT,train,CNV,CNV-1112835-57.jpeg,768,496,380928,1.548,40.47,42.87,255,0,255,40.47,40.47,40.47,0
OCT,train,CNV,CNV-1112835-59.jpeg,768,496,380928,1.548,34.98,37.17,255,0,255,34.98,34.98,34.98,0
OCT,train,CNV,CNV-1112835-6.jpeg,512,496,253952,1.032,46.66,49.62,255,0,255,46.66,46.66,46.66,0
OCT,train,CNV,CNV-1112835-61.jpeg,512,496,253952,1.032,60.36,66.93,255,0,255,60.36,60.36,60.36,0
OCT,train,CNV,CNV-1112835-63.jpeg,512,496,253952,1.032,55.36,55.73,255,0,255,55.36,55.36,55.36,0
OCT,train,CNV,CNV-1112835-64.jpeg,512,496,253952,1.032,61.73,61.23,255,0,255,61.73,61.73,61.73,0
OCT,train,CNV,CNV-1112835-67.jpeg,512,496,253952,1.032,52.74,55.03,255,0,255,52.74,52.74,52.74,0
OCT,train,CNV,CNV-1112835-70.jpeg,512,496,253952,1.032,57.35,59.03,255,0,255,57.35,57.35,57.35,0
OCT,train,CNV,CNV-1112835-78.jpeg,768,496,380928,1.548,38.02,38.88,255,0,255,38.02,38.02,38.02,0
OCT,train,CNV,CNV-1112835-80.jpeg,512,496,253952,1.032,66.68,67.98,255,0,255,66.68,66.68,66.68,0
OCT,train,CNV,CNV-1112835-81.jpeg,512,496,253952,1.032,57.44,65.59,255,0,255,57.44,57.44,57.44,0
OCT,train,CNV,CNV-1112835-82.jpeg,512,496,253952,1.032,60.26,67.13,255,0,255,60.26,60.26,60.26,0
OCT,train,CNV,CNV-1112835-85.jpeg,512,496,253952,1.032,46.0,42.93,255,0,255,46.0,46.0,46.0,0
OCT,train,CNV,CNV-1113817-2.jpeg,512,496,253952,1.032,48.09,37.48,255,0,255,48.09,48.09,48.09,0
OCT,train,CNV,CNV-1117376-1.jpeg,768,496,380928,1.548,42.54,41.18,255,0,255,42.54,42.54,42.54,0
OCT,train,CNV,CNV-1130960-1.jpeg,768,496,380928,1.548,32.91,30.3,255,0,255,32.91,32.91,32.91,0
OCT,train,CNV,CNV-1130960-12.jpeg,768,496,380928,1.548,31.85,34.11,255,0,255,31.85,31.85,31.85,0
OCT,train,CNV,CNV-1130960-14.jpeg,768,496,380928,1.548,75.71,84.25,255,0,255,75.71,75.71,75.71,0
OCT,train,CNV,CNV-1130960-19.jpeg,768,496,380928,1.548,30.78,33.28,255,0,255,30.78,30.78,30.78,0
OCT,train,CNV,CNV-1130960-2.jpeg,768,496,380928,1.548,31.05,30.19,255,0,255,31.05,31.05,31.05,0
OCT,train,CNV,CNV-1130960-20.jpeg,768,496,380928,1.548,33.48,35.84,255,0,255,33.48,33.48,33.48,0
OCT,train,CNV,CNV-1130960-21.jpeg,768,496,380928,1.548,37.01,36.03,255,0,255,37.01,37.01,37.01,0
OCT,train,CNV,CNV-1130960-23.jpeg,768,496,380928,1.548,26.9,28.68,255,0,255,26.9,26.9,26.9,0
OCT,train,CNV,CNV-1130960-24.jpeg,768,496,380928,1.548,26.72,28.58,255,0,255,26.72,26.72,26.72,0
OCT,train,CNV,CNV-1130960-26.jpeg,1536,496,761856,3.097,25.89,26.71,255,0,255,25.89,25.89,25.89,0
OCT,train,CNV,CNV-1130960-28.jpeg,512,496,253952,1.032,52.11,58.78,255,0,255,52.11,52.11,52.11,0
OCT,train,CNV,CNV-1130960-29.jpeg,512,496,253952,1.032,42.13,51.4,255,0,255,42.13,42.13,42.13,0
OCT,train,CNV,CNV-1130960-3.jpeg,768,496,380928,1.548,37.87,36.87,255,0,255,37.87,37.87,37.87,0
OCT,train,CNV,CNV-1130960-30.jpeg,512,496,253952,1.032,45.04,51.29,255,0,255,45.04,45.04,45.04,0
OCT,train,CNV,CNV-1130960-31.jpeg,512,496,253952,1.032,40.59,51.68,255,0,255,40.59,40.59,40.59,0
OCT,train,CNV,CNV-1130960-33.jpeg,512,496,253952,1.032,42.77,57.83,255,0,255,42.77,42.77,42.77,0
OCT,train,CNV,CNV-1130960-35.jpeg,768,496,380928,1.548,30.13,31.69,255,0,255,30.13,30.13,30.13,0
OCT,train,CNV,CNV-1130960-39.jpeg,768,496,380928,1.548,40.15,38.58,255,0,255,40.15,40.15,40.15,0
OCT,train,CNV,CNV-1130960-4.jpeg,768,496,380928,1.548,30.22,29.9,255,0,255,30.22,30.22,30.22,0
OCT,train,CNV,CNV-1130960-42.jpeg,768,496,380928,1.548,59.41,74.97,255,0,255,59.41,59.41,59.41,0
OCT,train,CNV,CNV-1130960-5.jpeg,768,496,380928,1.548,33.75,34.75,255,0,255,33.75,33.75,33.75,0
OCT,train,CNV,CNV-1130960-6.jpeg,512,496,253952,1.032,33.61,42.65,255,0,255,33.61,33.61,33.61,0
OCT,train,CNV,CNV-1130960-7.jpeg,512,496,253952,1.032,42.85,48.52,255,0,255,42.85,42.85,42.85,0
OCT,train,CNV,CNV-1130960-8.jpeg,512,496,253952,1.032,40.26,48.0,255,0,255,40.26,40.26,40.26,0
OCT,train,CNV,CNV-1130960-9.jpeg,512,496,253952,1.032,51.15,61.81,255,0,255,51.15,51.15,51.15,0
OCT,train,CNV,CNV-1131664-1.jpeg,1536,496,761856,3.097,60.41,72.6,255,0,255,60.41,60.41,60.41,0
OCT,train,CNV,CNV-1131664-12.jpeg,512,496,253952,1.032,51.36,53.94,255,0,255,51.36,51.36,51.36,0
OCT,train,CNV,CNV-1131664-13.jpeg,768,496,380928,1.548,39.65,38.31,255,0,255,39.65,39.65,39.65,0
OCT,train,CNV,CNV-1131664-14.jpeg,768,496,380928,1.548,29.19,27.99,255,0,255,29.19,29.19,29.19,0
OCT,train,CNV,CNV-1131664-19.jpeg,768,496,380928,1.548,39.04,35.24,255,0,255,39.04,39.04,39.04,0
OCT,train,CNV,CNV-1131664-23.jpeg,1536,496,761856,3.097,25.86,30.07,255,0,255,25.86,25.86,25.86,0
OCT,train,CNV,CNV-1131664-25.jpeg,768,496,380928,1.548,27.77,29.39,255,0,255,27.77,27.77,27.77,0
OCT,train,CNV,CNV-1131664-26.jpeg,512,496,253952,1.032,53.04,53.19,255,0,255,53.04,53.04,53.04,0
OCT,train,CNV,CNV-1131664-27.jpeg,512,496,253952,1.032,52.26,55.01,255,0,255,52.26,52.26,52.26,0
OCT,train,CNV,CNV-1131664-30.jpeg,1536,496,761856,3.097,97.84,83.05,255,0,255,97.84,97.84,97.84,0
OCT,train,CNV,CNV-1131664-31.jpeg,512,496,253952,1.032,65.42,62.07,255,0,255,65.42,65.42,65.42,0
OCT,train,CNV,CNV-1131664-33.jpeg,512,496,253952,1.032,73.8,66.65,255,0,255,73.8,73.8,73.8,0
OCT,train,CNV,CNV-1131664-34.jpeg,512,496,253952,1.032,61.87,66.5,255,0,255,61.87,61.87,61.87,0
OCT,train,CNV,CNV-1131664-35.jpeg,512,496,253952,1.032,45.08,55.54,255,0,255,45.08,45.08,45.08,0
OCT,train,CNV,CNV-1131664-36.jpeg,512,496,253952,1.032,50.63,56.11,255,0,255,50.63,50.63,50.63,0
OCT,train,CNV,CNV-1131664-37.jpeg,768,496,380928,1.548,75.03,74.08,255,0,255,75.03,75.03,75.03,0
OCT,train,CNV,CNV-1131664-38.jpeg,768,496,380928,1.548,34.36,38.36,255,0,255,34.36,34.36,34.36,0
OCT,train,CNV,CNV-1131664-39.jpeg,768,496,380928,1.548,34.4,38.12,255,0,255,34.4,34.4,34.4,0
OCT,train,CNV,CNV-1131664-42.jpeg,512,496,253952,1.032,39.34,44.98,255,0,255,39.34,39.34,39.34,0
OCT,train,CNV,CNV-1131664-43.jpeg,512,496,253952,1.032,37.41,44.31,255,0,255,37.41,37.41,37.41,0
OCT,train,CNV,CNV-1131664-45.jpeg,512,496,253952,1.032,35.68,46.13,255,0,255,35.68,35.68,35.68,0
OCT,train,CNV,CNV-1131664-46.jpeg,768,496,380928,1.548,36.61,36.17,255,0,255,36.61,36.61,36.61,0
OCT,train,CNV,CNV-1131664-48.jpeg,768,496,380928,1.548,33.3,35.58,255,0,255,33.3,33.3,33.3,0
OCT,train,CNV,CNV-1131664-6.jpeg,512,496,253952,1.032,49.72,59.59,255,0,255,49.72,49.72,49.72,0
OCT,train,CNV,CNV-1131664-7.jpeg,512,496,253952,1.032,56.83,66.36,255,0,255,56.83,56.83,56.83,0
OCT,train,CNV,CNV-1131664-8.jpeg,768,496,380928,1.548,38.79,37.19,255,0,255,38.79,38.79,38.79,0
OCT,train,CNV,CNV-1131664-9.jpeg,768,496,380928,1.548,40.29,38.29,255,0,255,40.29,40.29,40.29,0
OCT,train,CNV,CNV-1136126-1.jpeg,1536,496,761856,3.097,35.19,35.56,255,0,255,35.19,35.19,35.19,0
OCT,train,CNV,CNV-1136126-10.jpeg,512,496,253952,1.032,53.72,55.64,255,0,255,53.72,53.72,53.72,0
OCT,train,CNV,CNV-1136126-14.jpeg,768,496,380928,1.548,30.46,30.83,255,0,255,30.46,30.46,30.46,0
OCT,train,CNV,CNV-1136126-17.jpeg,1536,496,761856,3.097,25.71,30.88,255,0,255,25.71,25.71,25.71,0
OCT,train,CNV,CNV-1136126-2.jpeg,1536,496,761856,3.097,40.0,37.45,255,0,255,40.0,40.0,40.0,0
OCT,train,CNV,CNV-1136126-20.jpeg,512,496,253952,1.032,75.14,66.11,255,0,255,75.14,75.14,75.14,0
OCT,train,CNV,CNV-1136126-23.jpeg,512,496,253952,1.032,93.62,88.82,255,0,255,93.62,93.62,93.62,0
OCT,train,CNV,CNV-1136126-26.jpeg,512,496,253952,1.032,74.71,52.73,255,0,255,74.71,74.71,74.71,0
OCT,train,CNV,CNV-1136126-28.jpeg,1536,496,761856,3.097,33.9,34.09,255,0,255,33.9,33.9,33.9,0
OCT,train,CNV,CNV-1136126-32.jpeg,512,496,253952,1.032,54.28,54.39,255,0,255,54.28,54.28,54.28,0
OCT,train,CNV,CNV-1136126-35.jpeg,512,496,253952,1.032,40.84,39.55,255,0,255,40.84,40.84,40.84,0
OCT,train,CNV,CNV-1136126-38.jpeg,512,496,253952,1.032,39.0,40.0,255,0,255,39.0,39.0,39.0,0
OCT,train,CNV,CNV-1136126-40.jpeg,1536,496,761856,3.097,38.59,38.53,255,0,255,38.59,38.59,38.59,0
OCT,train,CNV,CNV-1136126-42.jpeg,1536,496,761856,3.097,39.21,37.48,255,0,255,39.21,39.21,39.21,0
OCT,train,CNV,CNV-1136126-5.jpeg,512,496,253952,1.032,55.86,51.65,255,0,255,55.86,55.86,55.86,0
OCT,train,CNV,CNV-1147102-1.jpeg,768,496,380928,1.548,33.82,39.2,255,0,255,33.82,33.82,33.82,0
OCT,train,CNV,CNV-1169820-1.jpeg,768,496,380928,1.548,29.23,33.77,255,0,255,29.23,29.23,29.23,0
OCT,train,CNV,CNV-1169820-10.jpeg,768,496,380928,1.548,35.16,37.63,255,0,255,35.16,35.16,35.16,0
OCT,train,DME,DME-1072015-1.jpeg,512,496,253952,1.032,48.85,56.47,255,0,255,48.85,48.85,48.85,0
OCT,train,DME,DME-1072015-2.jpeg,1536,496,761856,3.097,25.79,26.24,255,0,255,25.79,25.79,25.79,0
OCT,train,DME,DME-1072015-3.jpeg,1536,496,761856,3.097,31.51,34.16,255,0,255,31.51,31.51,31.51,0
OCT,train,DME,DME-1072015-4.jpeg,512,496,253952,1.032,60.71,58.04,255,0,255,60.71,60.71,60.71,0
OCT,train,DME,DME-1072015-6.jpeg,1536,496,761856,3.097,36.39,38.8,255,0,255,36.39,36.39,36.39,0
OCT,train,DME,DME-1081406-1.jpeg,512,496,253952,1.032,58.31,70.86,255,0,255,58.31,58.31,58.31,0
OCT,train,DME,DME-1083927-1.jpeg,1536,496,761856,3.097,43.01,38.3,255,0,255,43.01,43.01,43.01,0
OCT,train,DME,DME-1083927-11.jpeg,512,496,253952,1.032,80.69,63.41,255,0,255,80.69,80.69,80.69,0
OCT,train,DME,DME-1083927-12.jpeg,512,496,253952,1.032,86.93,68.18,255,0,255,86.93,86.93,86.93,0
OCT,train,DME,DME-1083927-2.jpeg,768,496,380928,1.548,30.75,30.58,255,0,255,30.75,30.75,30.75,0
OCT,train,DME,DME-1083927-3.jpeg,768,496,380928,1.548,39.78,36.6,255,0,255,39.78,39.78,39.78,0
OCT,train,DME,DME-1083927-5.jpeg,512,496,253952,1.032,62.74,75.95,255,0,255,62.74,62.74,62.74,0
OCT,train,DME,DME-1083927-6.jpeg,768,496,380928,1.548,47.11,43.99,255,0,255,47.11,47.11,47.11,0
OCT,train,DME,DME-1083927-7.jpeg,768,496,380928,1.548,38.07,35.43,255,0,255,38.07,38.07,38.07,0
OCT,train,DME,DME-1083927-8.jpeg,512,496,253952,1.032,71.15,67.79,255,0,255,71.15,71.15,71.15,0
OCT,train,DME,DME-1102486-3.jpeg,768,496,380928,1.548,37.0,39.05,255,0,255,37.0,37.0,37.0,0
OCT,train,DME,DME-11053-1.jpeg,512,496,253952,1.032,42.85,39.61,255,0,255,42.85,42.85,42.85,0
OCT,train,DME,DME-1141111-1.jpeg,512,496,253952,1.032,39.74,44.43,255,0,255,39.74,39.74,39.74,0
OCT,train,DME,DME-1141111-2.jpeg,512,496,253952,1.032,45.28,54.85,255,0,255,45.28,45.28,45.28,0
OCT,train,DME,DME-1141111-3.jpeg,512,496,253952,1.032,43.65,52.98,255,0,255,43.65,43.65,43.65,0
OCT,train,DME,DME-1141111-5.jpeg,768,496,380928,1.548,29.62,33.39,255,0,255,29.62,29.62,29.62,0
OCT,train,DME,DME-1163718-1.jpeg,512,496,253952,1.032,58.32,63.52,255,0,255,58.32,58.32,58.32,0
OCT,train,DME,DME-1163718-2.jpeg,512,496,253952,1.032,58.28,61.7,255,0,255,58.28,58.28,58.28,0
OCT,train,DME,DME-1163718-5.jpeg,512,496,253952,1.032,62.44,50.65,255,0,255,62.44,62.44,62.44,0
OCT,train,DME,DME-1163718-6.jpeg,512,496,253952,1.032,63.3,51.72,255,0,255,63.3,63.3,63.3,0
OCT,train,DME,DME-1163718-7.jpeg,512,496,253952,1.032,53.95,54.05,255,0,255,53.95,53.95,53.95,0
OCT,train,DME,DME-1169820-1.jpeg,512,496,253952,1.032,57.09,53.89,255,0,255,57.09,57.09,57.09,0
OCT,train,DME,DME-1169820-3.jpeg,512,496,253952,1.032,57.26,55.28,255,0,255,57.26,57.26,57.26,0
OCT,train,DME,DME-119840-10.jpeg,512,512,262144,1.0,54.86,65.05,255,0,255,54.86,54.86,54.86,0
OCT,train,DME,DME-119840-11.jpeg,512,512,262144,1.0,51.49,59.87,255,0,255,51.49,51.49,51.49,0
OCT,train,DME,DME-119840-12.jpeg,512,512,262144,1.0,93.86,93.66,255,0,255,93.86,93.86,93.86,0
OCT,train,DME,DME-119840-14.jpeg,512,512,262144,1.0,32.03,37.07,255,0,255,32.03,32.03,32.03,0
OCT,train,DME,DME-119840-15.jpeg,512,512,262144,1.0,33.02,37.61,255,0,255,33.02,33.02,33.02,0
OCT,train,DME,DME-119840-16.jpeg,512,512,262144,1.0,28.39,31.17,255,0,255,28.39,28.39,28.39,0
OCT,train,DME,DME-119840-17.jpeg,512,512,262144,1.0,34.88,35.69,255,0,255,34.88,34.88,34.88,0
OCT,train,DME,DME-119840-2.jpeg,512,512,262144,1.0,46.44,60.45,255,0,255,46.44,46.44,46.44,0
OCT,train,DME,DME-119840-20.jpeg,512,512,262144,1.0,36.29,38.45,255,0,255,36.29,36.29,36.29,0
OCT,train,DME,DME-119840-21.jpeg,512,512,262144,1.0,49.04,56.01,255,0,255,49.04,49.04,49.04,0
OCT,train,DME,DME-119840-23.jpeg,512,512,262144,1.0,43.5,53.95,255,0,255,43.5,43.5,43.5,0
OCT,train,DME,DME-119840-25.jpeg,512,512,262144,1.0,34.6,35.86,255,0,255,34.6,34.6,34.6,0
OCT,train,DME,DME-119840-3.jpeg,512,512,262144,1.0,43.09,54.41,255,0,255,43.09,43.09,43.09,0
OCT,train,DME,DME-119840-4.jpeg,512,512,262144,1.0,38.22,50.95,255,0,255,38.22,38.22,38.22,0
OCT,train,DME,DME-119840-5.jpeg,512,512,262144,1.0,33.29,35.78,255,0,255,33.29,33.29,33.29,0
OCT,train,DME,DME-119840-7.jpeg,512,512,262144,1.0,36.05,53.86,255,0,255,36.05,36.05,36.05,0
OCT,train,DME,DME-119840-8.jpeg,512,512,262144,1.0,49.62,65.28,255,0,255,49.62,49.62,49.62,0
OCT,train,DME,DME-1274315-1.jpeg,768,496,380928,1.548,30.01,33.9,255,0,255,30.01,30.01,30.01,0
OCT,train,DME,DME-1274315-2.jpeg,768,496,380928,1.548,32.42,36.99,255,0,255,32.42,32.42,32.42,0
OCT,train,DME,DME-127971-3.jpeg,512,512,262144,1.0,91.3,91.08,255,0,255,91.3,91.3,91.3,0
OCT,train,DME,DME-127971-4.jpeg,512,512,262144,1.0,28.14,28.76,255,0,255,28.14,28.14,28.14,0
OCT,train,DME,DME-127971-6.jpeg,512,512,262144,1.0,67.96,74.67,255,0,255,67.96,67.96,67.96,0
OCT,train,DME,DME-127971-8.jpeg,512,512,262144,1.0,67.73,72.46,255,0,255,67.73,67.73,67.73,0
OCT,train,DME,DME-1356232-1.jpeg,512,512,262144,1.0,55.1,45.09,255,0,255,55.1,55.1,55.1,0
OCT,train,DME,DME-138971-1.jpeg,768,496,380928,1.548,36.48,29.65,255,0,255,36.48,36.48,36.48,0
OCT,train,DME,DME-138971-2.jpeg,512,496,253952,1.032,35.27,37.82,255,0,255,35.27,35.27,35.27,0
OCT,train,DME,DME-1430899-1.jpeg,768,496,380928,1.548,74.94,73.08,255,0,255,74.94,74.94,74.94,0
OCT,train,DME,DME-15208-1.jpeg,768,496,380928,1.548,66.31,66.9,255,0,255,66.31,66.31,66.31,0
OCT,train,DME,DME-15208-2.jpeg,768,496,380928,1.548,40.78,39.63,255,0,255,40.78,40.78,40.78,0
OCT,train,DME,DME-15307-1.jpeg,512,512,262144,1.0,45.28,68.3,255,0,255,45.28,45.28,45.28,0
OCT,train,DME,DME-15307-10.jpeg,512,512,262144,1.0,21.24,27.03,255,0,255,21.24,21.24,21.24,0
OCT,train,DME,DME-15307-2.jpeg,512,512,262144,1.0,89.24,90.73,255,0,255,89.24,89.24,89.24,0
OCT,train,DME,DME-15307-3.jpeg,512,512,262144,1.0,90.1,91.31,255,0,255,90.1,90.1,90.1,0
OCT,train,DME,DME-15307-4.jpeg,512,512,262144,1.0,84.07,93.51,255,0,255,84.07,84.07,84.07,0
OCT,train,DME,DME-15307-6.jpeg,512,512,262144,1.0,91.39,89.38,255,0,255,91.39,91.39,91.39,0
OCT,train,DME,DME-15307-7.jpeg,512,512,262144,1.0,91.64,87.91,255,0,255,91.64,91.64,91.64,0
OCT,train,DME,DME-15307-8.jpeg,512,512,262144,1.0,87.21,88.23,255,0,255,87.21,87.21,87.21,0
OCT,train,DME,DME-1591159-10.jpeg,512,512,262144,1.0,44.26,47.92,255,0,255,44.26,44.26,44.26,0
OCT,train,DME,DME-1591159-11.jpeg,512,512,262144,1.0,30.88,28.98,247,0,247,30.88,30.88,30.88,0
OCT,train,DME,DME-1591159-19.jpeg,512,512,262144,1.0,60.76,60.47,255,0,255,60.76,60.76,60.76,0
OCT,train,DME,DME-1591159-2.jpeg,512,512,262144,1.0,29.53,30.52,255,0,255,29.53,29.53,29.53,0
OCT,train,DME,DME-1591159-20.jpeg,512,512,262144,1.0,44.78,48.35,255,0,255,44.78,44.78,44.78,0
OCT,train,DME,DME-1591159-21.jpeg,512,512,262144,1.0,55.19,54.12,255,0,255,55.19,55.19,55.19,0
OCT,train,DME,DME-1591159-22.jpeg,512,512,262144,1.0,50.12,39.79,255,0,255,50.12,50.12,50.12,0
OCT,train,DME,DME-1591159-24.jpeg,512,512,262144,1.0,37.16,37.58,255,0,255,37.16,37.16,37.16,0
OCT,train,DME,DME-1591159-25.jpeg,512,512,262144,1.0,32.02,34.31,255,0,255,32.02,32.02,32.02,0
OCT,train,DME,DME-1591159-26.jpeg,512,512,262144,1.0,62.65,57.24,255,0,255,62.65,62.65,62.65,0
OCT,train,DME,DME-1591159-27.jpeg,512,512,262144,1.0,62.55,54.48,255,0,255,62.55,62.55,62.55,0
OCT,train,DME,DME-1591159-29.jpeg,512,512,262144,1.0,41.07,39.17,255,0,255,41.07,41.07,41.07,0
OCT,train,DME,DME-1591159-3.jpeg,512,512,262144,1.0,30.65,31.45,255,0,255,30.65,30.65,30.65,0
OCT,train,DME,DME-1591159-32.jpeg,512,512,262144,1.0,55.19,50.03,255,0,255,55.19,55.19,55.19,0
OCT,train,DME,DME-1591159-33.jpeg,512,512,262144,1.0,36.64,35.83,255,0,255,36.64,36.64,36.64,0
OCT,train,DME,DME-1591159-37.jpeg,512,512,262144,1.0,51.97,38.92,255,0,255,51.97,51.97,51.97,0
OCT,train,DME,DME-1591159-4.jpeg,512,512,262144,1.0,41.71,39.38,255,0,255,41.71,41.71,41.71,0
OCT,train,DME,DME-1591159-40.jpeg,512,512,262144,1.0,99.17,98.28,255,0,255,99.17,99.17,99.17,0
OCT,train,DME,DME-1591159-41.jpeg,512,512,262144,1.0,105.72,96.98,255,0,255,105.72,105.72,105.72,0
OCT,train,DME,DME-1591159-42.jpeg,512,512,262144,1.0,107.92,97.96,255,0,255,107.92,107.92,107.92,0
OCT,train,DME,DME-1591159-43.jpeg,512,512,262144,1.0,35.08,32.8,255,0,255,35.08,35.08,35.08,0
OCT,train,DME,DME-1591159-44.jpeg,512,512,262144,1.0,60.96,59.47,255,0,255,60.96,60.96,60.96,0
OCT,train,DME,DME-1591159-45.jpeg,512,512,262144,1.0,63.8,56.39,255,0,255,63.8,63.8,63.8,0
OCT,train,DME,DME-1591159-46.jpeg,512,512,262144,1.0,64.93,62.61,255,0,255,64.93,64.93,64.93,0
OCT,train,DME,DME-1591159-47.jpeg,512,512,262144,1.0,30.7,34.16,255,0,255,30.7,30.7,30.7,0
OCT,train,DME,DME-1591159-48.jpeg,512,512,262144,1.0,28.65,32.62,255,0,255,28.65,28.65,28.65,0
OCT,train,DME,DME-1591159-49.jpeg,512,512,262144,1.0,60.53,59.33,255,0,255,60.53,60.53,60.53,0
OCT,train,DME,DME-1591159-5.jpeg,512,512,262144,1.0,32.55,34.54,255,0,255,32.55,32.55,32.55,0
OCT,train,DME,DME-1591159-50.jpeg,512,512,262144,1.0,60.85,67.12,255,0,255,60.85,60.85,60.85,0
OCT,train,DME,DME-1591159-52.jpeg,512,512,262144,1.0,20.96,21.69,255,0,255,20.96,20.96,20.96,0
OCT,train,DME,DME-1591159-53.jpeg,512,512,262144,1.0,19.57,20.26,255,0,255,19.57,19.57,19.57,0
OCT,train,DME,DME-1591159-55.jpeg,512,512,262144,1.0,31.44,35.57,255,0,255,31.44,31.44,31.44,0
OCT,train,DME,DME-1591159-58.jpeg,512,512,262144,1.0,45.63,48.69,255,0,255,45.63,45.63,45.63,0
OCT,train,DME,DME-1591159-62.jpeg,512,512,262144,1.0,58.87,70.44,255,0,255,58.87,58.87,58.87,0
OCT,train,DME,DME-1591159-63.jpeg,512,512,262144,1.0,55.29,66.51,255,0,255,55.29,55.29,55.29,0
OCT,train,DME,DME-1591159-66.jpeg,512,512,262144,1.0,69.22,78.34,255,0,255,69.22,69.22,69.22,0
OCT,train,DME,DME-1591159-69.jpeg,512,512,262144,1.0,54.69,62.39,255,0,255,54.69,54.69,54.69,0
OCT,train,DME,DME-1591159-7.jpeg,512,512,262144,1.0,35.31,37.08,255,0,255,35.31,35.31,35.31,0
OCT,train,DME,DME-1591159-70.jpeg,512,512,262144,1.0,43.14,38.26,255,0,255,43.14,43.14,43.14,0
OCT,train,DME,DME-1591159-71.jpeg,512,512,262144,1.0,41.83,34.62,255,0,255,41.83,41.83,41.83,0
OCT,train,DME,DME-1591159-72.jpeg,512,512,262144,1.0,37.11,39.82,255,0,255,37.11,37.11,37.11,0
OCT,train,DME,DME-1591159-79.jpeg,512,512,262144,1.0,55.56,70.01,255,0,255,55.56,55.56,55.56,0
OCT,train,DME,DME-1591159-8.jpeg,512,512,262144,1.0,57.65,72.02,255,0,255,57.65,57.65,57.65,0
OCT,train,DME,DME-1591159-80.jpeg,512,512,262144,1.0,33.18,31.05,255,0,255,33.18,33.18,33.18,0
OCT,train,DME,DME-1591159-81.jpeg,512,512,262144,1.0,19.15,19.17,255,0,255,19.15,19.15,19.15,0
OCT,train,DME,DME-1591159-82.jpeg,512,512,262144,1.0,26.89,25.07,255,0,255,26.89,26.89,26.89,0
OCT,train,DME,DME-1591159-83.jpeg,512,512,262144,1.0,36.75,37.42,255,0,255,36.75,36.75,36.75,0
OCT,train,DME,DME-1591159-84.jpeg,512,512,262144,1.0,46.95,41.17,255,0,255,46.95,46.95,46.95,0
OCT,train,DME,DME-1591159-85.jpeg,512,512,262144,1.0,48.89,57.46,255,0,255,48.89,48.89,48.89,0
OCT,train,DME,DME-1591159-87.jpeg,512,512,262144,1.0,44.56,42.71,255,0,255,44.56,44.56,44.56,0
OCT,train,DME,DME-1591159-88.jpeg,512,512,262144,1.0,51.87,47.84,255,0,255,51.87,51.87,51.87,0
OCT,train,DME,DME-1591159-9.jpeg,512,512,262144,1.0,42.13,49.28,255,0,255,42.13,42.13,42.13,0
OCT,train,DME,DME-1597899-2.jpeg,512,512,262144,1.0,42.55,36.8,255,0,255,42.55,42.55,42.55,0
OCT,train,DME,DME-1597899-4.jpeg,512,512,262144,1.0,42.46,46.24,255,0,255,42.46,42.46,42.46,0
OCT,train,DME,DME-1597899-5.jpeg,512,512,262144,1.0,37.56,41.12,255,0,255,37.56,37.56,37.56,0
OCT,train,DME,DME-1597899-6.jpeg,512,512,262144,1.0,39.14,37.08,255,0,255,39.14,39.14,39.14,0
OCT,train,DME,DME-1605248-10.jpeg,512,512,262144,1.0,24.78,26.7,255,0,255,24.78,24.78,24.78,0
OCT,train,DME,DME-1605248-12.jpeg,512,512,262144,1.0,30.98,33.59,255,0,255,30.98,30.98,30.98,0
OCT,train,DME,DME-1605248-13.jpeg,512,512,262144,1.0,32.79,28.8,255,0,255,32.79,32.79,32.79,0
OCT,train,DME,DME-1605248-2.jpeg,512,512,262144,1.0,23.49,29.08,255,0,255,23.49,23.49,23.49,0
OCT,train,DME,DME-1605248-3.jpeg,512,512,262144,1.0,39.94,36.62,255,0,255,39.94,39.94,39.94,0
OCT,train,DME,DME-1605248-6.jpeg,512,512,262144,1.0,29.12,33.32,255,0,255,29.12,29.12,29.12,0
OCT,train,DME,DME-1605248-8.jpeg,512,512,262144,1.0,29.13,34.03,255,0,255,29.13,29.13,29.13,0
OCT,train,DME,DME-1608084-1.jpeg,512,512,262144,1.0,52.27,60.45,255,0,255,52.27,52.27,52.27,0
OCT,train,DME,DME-1608084-2.jpeg,512,512,262144,1.0,36.74,41.85,255,0,255,36.74,36.74,36.74,0
OCT,train,DME,DME-1608084-5.jpeg,512,512,262144,1.0,29.7,34.12,255,0,255,29.7,29.7,29.7,0
OCT,train,DME,DME-1608084-7.jpeg,512,512,262144,1.0,47.29,57.58,255,0,255,47.29,47.29,47.29,0
OCT,train,DME,DME-1629753-10.jpeg,512,512,262144,1.0,42.27,47.1,255,0,255,42.27,42.27,42.27,0
OCT,train,DME,DME-1629753-11.jpeg,512,512,262144,1.0,42.85,43.31,255,0,255,42.85,42.85,42.85,0
OCT,train,DME,DME-1629753-2.jpeg,512,512,262144,1.0,31.2,31.35,255,0,255,31.2,31.2,31.2,0
OCT,train,DME,DME-1629753-3.jpeg,512,512,262144,1.0,31.63,32.2,255,0,255,31.63,31.63,31.63,0
OCT,train,DME,DME-1629753-4.jpeg,512,512,262144,1.0,84.98,73.95,255,0,255,84.98,84.98,84.98,0
OCT,train,DME,DME-1629753-5.jpeg,512,512,262144,1.0,32.07,32.11,255,0,255,32.07,32.07,32.07,0
OCT,train,DME,DME-1629753-7.jpeg,512,512,262144,1.0,40.13,42.74,255,0,255,40.13,40.13,40.13,0
OCT,train,DME,DME-1629753-9.jpeg,512,512,262144,1.0,44.76,46.02,255,0,255,44.76,44.76,44.76,0
OCT,train,DME,DME-1635931-1.jpeg,512,512,262144,1.0,25.18,29.35,255,0,255,25.18,25.18,25.18,0
OCT,train,DME,DME-1635931-2.jpeg,512,512,262144,1.0,31.23,32.48,255,0,255,31.23,31.23,31.23,0
OCT,train,DME,DME-1635931-3.jpeg,512,512,262144,1.0,30.34,32.34,255,0,255,30.34,30.34,30.34,0
OCT,train,DME,DME-1635931-5.jpeg,512,512,262144,1.0,41.09,38.43,255,0,255,41.09,41.09,41.09,0
OCT,train,DME,DME-1635931-6.jpeg,512,512,262144,1.0,41.53,39.53,255,0,255,41.53,41.53,41.53,0
OCT,train,DME,DME-1635931-7.jpeg,512,512,262144,1.0,41.11,37.85,255,0,255,41.11,41.11,41.11,0
OCT,train,DME,DME-1635931-9.jpeg,512,512,262144,1.0,49.62,62.53,255,0,255,49.62,49.62,49.62,0
OCT,train,DME,DME-1641792-1.jpeg,512,512,262144,1.0,30.47,32.78,255,0,255,30.47,30.47,30.47,0
OCT,train,DME,DME-1641792-2.jpeg,512,512,262144,1.0,39.02,42.86,255,0,255,39.02,39.02,39.02,0
OCT,train,DME,DME-1645804-3.jpeg,512,512,262144,1.0,87.11,73.95,255,0,255,87.11,87.11,87.11,0
OCT,train,DME,DME-1645804-5.jpeg,512,512,262144,1.0,45.54,37.27,255,0,255,45.54,45.54,45.54,0
OCT,train,DME,DME-1649492-1.jpeg,512,512,262144,1.0,29.82,32.96,255,0,255,29.82,29.82,29.82,0
OCT,train,DME,DME-1649492-11.jpeg,512,512,262144,1.0,36.65,32.57,255,0,255,36.65,36.65,36.65,0
OCT,train,DME,DME-1649492-12.jpeg,512,512,262144,1.0,35.57,33.12,255,0,255,35.57,35.57,35.57,0
OCT,train,DME,DME-1649492-14.jpeg,512,512,262144,1.0,43.68,38.02,255,0,255,43.68,43.68,43.68,0
OCT,train,DME,DME-1649492-15.jpeg,512,512,262144,1.0,33.17,29.64,255,0,255,33.17,33.17,33.17,0
OCT,train,DME,DME-1649492-16.jpeg,512,512,262144,1.0,56.79,45.03,255,0,255,56.79,56.79,56.79,0
OCT,train,DME,DME-1649492-17.jpeg,512,512,262144,1.0,56.91,45.47,255,0,255,56.91,56.91,56.91,0
OCT,train,DME,DME-1649492-18.jpeg,512,512,262144,1.0,64.43,56.7,255,0,255,64.43,64.43,64.43,0
OCT,train,DME,DME-1649492-19.jpeg,512,512,262144,1.0,35.32,32.52,255,0,255,35.32,35.32,35.32,0
OCT,train,DME,DME-1649492-2.jpeg,512,512,262144,1.0,26.24,29.75,255,0,255,26.24,26.24,26.24,0
OCT,train,DME,DME-1649492-21.jpeg,512,512,262144,1.0,41.41,36.61,255,0,255,41.41,41.41,41.41,0
OCT,train,DME,DME-1649492-22.jpeg,512,512,262144,1.0,41.05,48.91,255,0,255,41.05,41.05,41.05,0
OCT,train,DME,DME-1649492-24.jpeg,512,512,262144,1.0,42.09,49.39,255,0,255,42.09,42.09,42.09,0
OCT,train,DME,DME-1649492-25.jpeg,512,512,262144,1.0,28.2,27.73,255,0,255,28.2,28.2,28.2,0
OCT,train,DME,DME-1649492-26.jpeg,512,512,262144,1.0,28.53,27.92,254,0,254,28.53,28.53,28.53,0
OCT,train,DME,DME-1649492-29.jpeg,512,512,262144,1.0,25.94,25.41,255,0,255,25.94,25.94,25.94,0
OCT,train,DME,DME-1649492-30.jpeg,512,512,262144,1.0,30.93,33.91,255,0,255,30.93,30.93,30.93,0
OCT,train,DME,DME-1649492-31.jpeg,512,512,262144,1.0,34.93,35.23,255,0,255,34.93,34.93,34.93,0
OCT,train,DME,DME-1649492-32.jpeg,512,512,262144,1.0,74.85,91.68,255,0,255,74.85,74.85,74.85,0
OCT,train,DME,DME-1649492-33.jpeg,512,512,262144,1.0,68.59,87.91,255,0,255,68.59,68.59,68.59,0
OCT,train,DME,DME-1649492-34.jpeg,512,512,262144,1.0,46.66,52.72,255,0,255,46.66,46.66,46.66,0
OCT,train,DME,DME-1649492-35.jpeg,512,512,262144,1.0,31.05,30.93,255,0,255,31.05,31.05,31.05,0
OCT,train,DME,DME-1649492-36.jpeg,512,512,262144,1.0,32.3,31.95,255,0,255,32.3,32.3,32.3,0
OCT,train,DME,DME-1649492-37.jpeg,512,512,262144,1.0,52.52,52.05,255,0,255,52.52,52.52,52.52,0
OCT,train,DME,DME-1649492-38.jpeg,512,512,262144,1.0,51.1,51.02,255,0,255,51.1,51.1,51.1,0
OCT,train,DME,DME-1649492-43.jpeg,512,512,262144,1.0,47.56,54.82,255,0,255,47.56,47.56,47.56,0
OCT,train,DME,DME-1649492-44.jpeg,512,512,262144,1.0,48.38,55.78,255,0,255,48.38,48.38,48.38,0
OCT,train,DME,DME-1649492-45.jpeg,512,512,262144,1.0,31.48,32.56,255,0,255,31.48,31.48,31.48,0
OCT,train,DME,DME-1649492-46.jpeg,512,512,262144,1.0,71.12,81.85,255,0,255,71.12,71.12,71.12,0
OCT,train,DME,DME-1649492-47.jpeg,512,512,262144,1.0,29.27,28.23,255,0,255,29.27,29.27,29.27,0
OCT,train,DME,DME-1649492-48.jpeg,512,512,262144,1.0,25.9,28.84,255,0,255,25.9,25.9,25.9,0
OCT,train,DME,DME-1649492-5.jpeg,512,512,262144,1.0,53.0,67.16,255,0,255,53.0,53.0,53.0,0
OCT,train,DME,DME-1649492-50.jpeg,512,512,262144,1.0,51.96,62.53,255,0,255,51.96,51.96,51.96,0
OCT,train,DME,DME-1649492-51.jpeg,512,512,262144,1.0,42.28,45.26,255,0,255,42.28,42.28,42.28,0
OCT,train,DME,DME-1649492-52.jpeg,512,512,262144,1.0,30.82,32.03,255,0,255,30.82,30.82,30.82,0
OCT,train,DME,DME-1649492-54.jpeg,512,512,262144,1.0,21.23,25.36,255,0,255,21.23,21.23,21.23,0
OCT,train,DME,DME-1649492-55.jpeg,512,512,262144,1.0,76.75,85.86,255,0,255,76.75,76.75,76.75,0
OCT,train,DME,DME-1649492-57.jpeg,512,512,262144,1.0,57.77,66.29,255,0,255,57.77,57.77,57.77,0
OCT,train,DME,DME-1649492-58.jpeg,512,512,262144,1.0,37.84,35.54,255,0,255,37.84,37.84,37.84,0
OCT,train,DME,DME-1649492-6.jpeg,512,512,262144,1.0,26.04,27.26,255,0,255,26.04,26.04,26.04,0
OCT,train,DME,DME-1649492-60.jpeg,512,512,262144,1.0,26.0,25.63,255,0,255,26.0,26.0,26.0,0
OCT,train,DME,DME-1649492-61.jpeg,512,512,262144,1.0,38.82,59.93,255,0,255,38.82,38.82,38.82,0
OCT,train,DME,DME-1649492-62.jpeg,512,512,262144,1.0,34.78,61.74,255,0,255,34.78,34.78,34.78,0
OCT,train,DME,DME-1649492-63.jpeg,512,512,262144,1.0,38.39,44.02,255,0,255,38.39,38.39,38.39,0
OCT,train,DME,DME-1649492-65.jpeg,512,512,262144,1.0,21.74,23.15,255,0,255,21.74,21.74,21.74,0
OCT,train,DME,DME-1649492-66.jpeg,512,512,262144,1.0,31.4,45.13,255,0,255,31.4,31.4,31.4,0
OCT,train,DME,DME-1649492-67.jpeg,512,512,262144,1.0,36.25,47.15,255,0,255,36.25,36.25,36.25,0
OCT,train,DME,DME-1649492-68.jpeg,512,512,262144,1.0,47.7,58.69,255,0,255,47.7,47.7,47.7,0
OCT,train,DME,DME-1649492-69.jpeg,512,512,262144,1.0,33.36,34.65,255,0,255,33.36,33.36,33.36,0
OCT,train,DME,DME-1649492-7.jpeg,512,512,262144,1.0,34.11,34.0,255,0,255,34.11,34.11,34.11,0
OCT,train,DME,DME-1649492-70.jpeg,512,512,262144,1.0,32.19,36.15,255,0,255,32.19,32.19,32.19,0
OCT,train,DME,DME-1649492-71.jpeg,512,512,262144,1.0,27.98,32.91,255,0,255,27.98,27.98,27.98,0
OCT,train,DME,DME-1649492-75.jpeg,512,512,262144,1.0,40.12,42.27,255,0,255,40.12,40.12,40.12,0
OCT,train,DME,DME-1649492-8.jpeg,512,512,262144,1.0,46.85,42.57,255,0,255,46.85,46.85,46.85,0
OCT,train,DME,DME-1686343-1.jpeg,512,512,262144,1.0,55.27,74.39,255,0,255,55.27,55.27,55.27,0
OCT,train,DME,DME-1686343-5.jpeg,512,512,262144,1.0,75.33,87.13,255,0,255,75.33,75.33,75.33,0
OCT,train,DME,DME-1695472-1.jpeg,512,512,262144,1.0,50.64,61.86,255,0,255,50.64,50.64,50.64,0
OCT,train,DME,DME-1695472-10.jpeg,512,512,262144,1.0,42.9,41.85,255,0,255,42.9,42.9,42.9,0
OCT,train,DME,DME-1695472-12.jpeg,512,512,262144,1.0,65.32,62.76,255,0,255,65.32,65.32,65.32,0
OCT,train,DME,DME-1695472-13.jpeg,512,512,262144,1.0,54.04,50.11,255,0,255,54.04,54.04,54.04,0
OCT,train,DME,DME-1695472-14.jpeg,512,512,262144,1.0,66.88,66.57,255,0,255,66.88,66.88,66.88,0
OCT,train,DME,DME-1695472-16.jpeg,512,512,262144,1.0,33.87,34.56,255,0,255,33.87,33.87,33.87,0
OCT,train,DME,DME-1695472-17.jpeg,512,512,262144,1.0,29.03,30.31,255,0,255,29.03,29.03,29.03,0
OCT,train,DME,DME-1695472-18.jpeg,512,512,262144,1.0,56.34,56.92,255,0,255,56.34,56.34,56.34,0
OCT,train,DME,DME-1695472-19.jpeg,512,512,262144,1.0,30.89,34.62,255,0,255,30.89,30.89,30.89,0
OCT,train,DME,DME-1695472-2.jpeg,512,512,262144,1.0,47.26,54.35,255,0,255,47.26,47.26,47.26,0
OCT,train,DME,DME-1695472-20.jpeg,512,512,262144,1.0,40.65,42.75,255,0,255,40.65,40.65,40.65,0
OCT,train,DME,DME-1695472-21.jpeg,512,512,262144,1.0,32.4,34.9,255,0,255,32.4,32.4,32.4,0
OCT,train,DME,DME-1695472-22.jpeg,512,512,262144,1.0,40.52,38.76,255,0,255,40.52,40.52,40.52,0
OCT,train,DME,DME-1695472-23.jpeg,512,512,262144,1.0,33.13,34.8,255,0,255,33.13,33.13,33.13,0
OCT,train,DME,DME-1695472-24.jpeg,512,512,262144,1.0,59.63,69.0,255,0,255,59.63,59.63,59.63,0
OCT,train,DME,DME-1695472-26.jpeg,512,512,262144,1.0,53.61,58.27,255,0,255,53.61,53.61,53.61,0
OCT,train,DME,DME-1695472-27.jpeg,512,512,262144,1.0,43.79,47.25,255,0,255,43.79,43.79,43.79,0
OCT,train,DME,DME-1695472-28.jpeg,512,512,262144,1.0,49.09,53.48,255,0,255,49.09,49.09,49.09,0
OCT,train,DME,DME-1695472-29.jpeg,512,512,262144,1.0,45.9,48.2,255,0,255,45.9,45.9,45.9,0
OCT,train,DME,DME-1695472-3.jpeg,512,512,262144,1.0,44.0,49.86,255,0,255,44.0,44.0,44.0,0
OCT,train,DME,DME-1695472-32.jpeg,512,512,262144,1.0,38.58,47.15,255,0,255,38.58,38.58,38.58,0
OCT,train,DME,DME-1695472-33.jpeg,512,512,262144,1.0,36.31,40.69,255,0,255,36.31,36.31,36.31,0
OCT,train,DME,DME-1695472-34.jpeg,512,512,262144,1.0,37.02,41.21,255,0,255,37.02,37.02,37.02,0
OCT,train,DME,DME-1695472-35.jpeg,512,512,262144,1.0,37.24,41.8,255,0,255,37.24,37.24,37.24,0
OCT,train,DME,DME-1695472-36.jpeg,512,512,262144,1.0,51.11,46.5,255,0,255,51.11,51.11,51.11,0
OCT,train,DME,DME-1695472-39.jpeg,512,512,262144,1.0,46.4,50.3,255,0,255,46.4,46.4,46.4,0
OCT,train,DME,DME-1695472-4.jpeg,512,512,262144,1.0,46.41,52.23,255,0,255,46.41,46.41,46.41,0
OCT,train,DME,DME-1695472-40.jpeg,512,512,262144,1.0,34.55,39.97,255,0,255,34.55,34.55,34.55,0
OCT,train,DME,DME-1695472-41.jpeg,512,512,262144,1.0,33.4,34.1,255,0,255,33.4,33.4,33.4,0
OCT,train,DME,DME-1695472-42.jpeg,512,512,262144,1.0,32.96,38.32,255,0,255,32.96,32.96,32.96,0
OCT,train,DME,DME-1695472-43.jpeg,512,512,262144,1.0,35.04,37.44,255,0,255,35.04,35.04,35.04,0
OCT,train,DME,DME-1695472-44.jpeg,512,512,262144,1.0,58.6,51.14,255,0,255,58.6,58.6,58.6,0
OCT,train,DME,DME-1695472-46.jpeg,512,512,262144,1.0,45.08,46.15,255,0,255,45.08,45.08,45.08,0
OCT,train,DME,DME-1695472-49.jpeg,512,512,262144,1.0,74.64,69.76,255,0,255,74.64,74.64,74.64,0
OCT,train,DME,DME-1695472-50.jpeg,512,512,262144,1.0,68.87,65.62,255,0,255,68.87,68.87,68.87,0
OCT,train,DME,DME-1695472-53.jpeg,512,512,262144,1.0,74.11,85.81,255,0,255,74.11,74.11,74.11,0
OCT,train,DME,DME-1695472-55.jpeg,512,512,262144,1.0,35.91,37.18,255,0,255,35.91,35.91,35.91,0
OCT,train,DME,DME-1695472-58.jpeg,512,512,262144,1.0,60.2,62.99,255,0,255,60.2,60.2,60.2,0
OCT,train,DME,DME-1695472-59.jpeg,512,512,262144,1.0,90.93,86.94,255,0,255,90.93,90.93,90.93,0
OCT,train,DME,DME-1695472-60.jpeg,512,512,262144,1.0,74.59,86.49,255,0,255,74.59,74.59,74.59,0
OCT,train,DME,DME-1695472-61.jpeg,512,512,262144,1.0,86.7,83.15,255,0,255,86.7,86.7,86.7,0
OCT,train,DME,DME-1695472-63.jpeg,512,512,262144,1.0,28.83,28.73,255,0,255,28.83,28.83,28.83,0
OCT,train,DME,DME-1695472-64.jpeg,512,512,262144,1.0,35.93,40.15,255,0,255,35.93,35.93,35.93,0
OCT,train,DME,DME-1695472-65.jpeg,512,512,262144,1.0,47.92,51.92,255,0,255,47.92,47.92,47.92,0
OCT,train,DME,DME-1695472-66.jpeg,512,512,262144,1.0,51.47,54.76,255,0,255,51.47,51.47,51.47,0
OCT,train,DME,DME-1695472-68.jpeg,512,512,262144,1.0,45.82,46.96,255,0,255,45.82,45.82,45.82,0
OCT,train,DME,DME-1695472-69.jpeg,512,512,262144,1.0,40.41,41.8,255,0,255,40.41,40.41,40.41,0
OCT,train,DME,DME-1695472-70.jpeg,512,512,262144,1.0,54.54,53.48,255,0,255,54.54,54.54,54.54,0
OCT,train,DME,DME-1695472-71.jpeg,512,512,262144,1.0,60.61,63.87,255,0,255,60.61,60.61,60.61,0
OCT,train,DME,DME-1695472-8.jpeg,512,512,262144,1.0,52.06,55.4,255,0,255,52.06,52.06,52.06,0
OCT,train,DME,DME-1695472-9.jpeg,512,512,262144,1.0,37.3,45.66,255,0,255,37.3,37.3,37.3,0
OCT,train,DME,DME-1702647-1.jpeg,512,512,262144,1.0,32.76,36.46,255,0,255,32.76,32.76,32.76,0
OCT,train,DME,DME-1702647-2.jpeg,512,512,262144,1.0,31.51,35.0,255,0,255,31.51,31.51,31.51,0
OCT,train,DME,DME-1702663-11.jpeg,512,512,262144,1.0,26.77,29.31,255,0,255,26.77,26.77,26.77,0
OCT,train,DME,DME-1702663-12.jpeg,512,512,262144,1.0,34.14,27.97,255,0,255,34.14,34.14,34.14,0
OCT,train,DME,DME-1702663-14.jpeg,512,512,262144,1.0,59.87,45.02,255,0,255,59.87,59.87,59.87,0
OCT,train,DME,DME-1702663-15.jpeg,512,512,262144,1.0,39.82,38.13,255,0,255,39.82,39.82,39.82,0
OCT,train,DME,DME-1702663-16.jpeg,512,512,262144,1.0,74.64,75.74,255,0,255,74.64,74.64,74.64,0
OCT,train,DME,DME-1702663-4.jpeg,512,512,262144,1.0,109.13,94.5,255,0,255,109.13,109.13,109.13,0
OCT,train,DME,DME-1702663-5.jpeg,512,512,262144,1.0,35.06,31.5,255,0,255,35.06,35.06,35.06,0
OCT,train,DME,DME-1702663-6.jpeg,512,512,262144,1.0,88.67,84.2,255,0,255,88.67,88.67,88.67,0
OCT,train,DME,DME-1702663-7.jpeg,512,512,262144,1.0,104.26,91.14,255,0,255,104.26,104.26,104.26,0
OCT,train,DME,DME-1702663-9.jpeg,512,512,262144,1.0,93.08,84.15,255,0,255,93.08,93.08,93.08,0
OCT,train,DME,DME-1726544-1.jpeg,512,512,262144,1.0,22.11,25.57,255,0,255,22.11,22.11,22.11,0
OCT,train,DME,DME-1726544-13.jpeg,512,512,262144,1.0,43.27,40.76,255,0,255,43.27,43.27,43.27,0
OCT,train,DME,DME-1726544-14.jpeg,512,512,262144,1.0,29.49,29.65,255,0,255,29.49,29.49,29.49,0
OCT,train,DME,DME-1726544-15.jpeg,512,512,262144,1.0,26.87,29.37,255,0,255,26.87,26.87,26.87,0
OCT,train,DME,DME-1726544-3.jpeg,512,512,262144,1.0,55.21,64.28,255,0,255,55.21,55.21,55.21,0
OCT,train,DME,DME-1726544-5.jpeg,512,512,262144,1.0,32.55,27.74,255,0,255,32.55,32.55,32.55,0
OCT,train,DME,DME-1726544-6.jpeg,512,512,262144,1.0,37.93,30.88,255,0,255,37.93,37.93,37.93,0
OCT,train,DME,DME-1726544-8.jpeg,512,512,262144,1.0,42.08,36.41,255,0,255,42.08,42.08,42.08,0
OCT,train,DME,DME-1726544-9.jpeg,512,512,262144,1.0,40.14,37.1,255,0,255,40.14,40.14,40.14,0
OCT,train,DME,DME-1729810-3.jpeg,512,512,262144,1.0,57.4,55.92,255,0,255,57.4,57.4,57.4,0
OCT,train,DME,DME-1729810-5.jpeg,512,512,262144,1.0,68.62,65.15,255,0,255,68.62,68.62,68.62,0
OCT,train,DME,DME-1735260-1.jpeg,512,512,262144,1.0,95.4,97.0,255,0,255,95.4,95.4,95.4,0
OCT,train,DME,DME-1735260-2.jpeg,512,512,262144,1.0,79.92,83.73,255,0,255,79.92,79.92,79.92,0
OCT,train,DME,DME-1743445-1.jpeg,512,512,262144,1.0,46.91,35.32,255,0,255,46.91,46.91,46.91,0
OCT,train,DME,DME-1743445-4.jpeg,512,512,262144,1.0,47.42,43.19,255,0,255,47.42,47.42,47.42,0
OCT,train,DME,DME-1743445-5.jpeg,512,512,262144,1.0,28.91,31.01,255,0,255,28.91,28.91,28.91,0
OCT,train,DME,DME-1743445-7.jpeg,512,512,262144,1.0,38.08,40.96,255,0,255,38.08,38.08,38.08,0
OCT,train,DME,DME-1750744-2.jpeg,512,512,262144,1.0,29.17,33.51,255,0,255,29.17,29.17,29.17,0
OCT,train,DME,DME-1750744-3.jpeg,512,512,262144,1.0,28.96,36.2,255,0,255,28.96,28.96,28.96,0
OCT,train,DME,DME-1750744-4.jpeg,512,512,262144,1.0,32.42,33.59,255,0,255,32.42,32.42,32.42,0
OCT,train,DME,DME-1750744-5.jpeg,512,512,262144,1.0,42.74,58.9,255,0,255,42.74,42.74,42.74,0
OCT,train,DME,DME-1750744-6.jpeg,512,512,262144,1.0,55.65,75.58,255,0,255,55.65,55.65,55.65,0
OCT,train,DME,DME-1750744-7.jpeg,512,512,262144,1.0,32.44,48.73,255,0,255,32.44,32.44,32.44,0
OCT,train,DME,DME-1753005-1.jpeg,512,496,253952,1.032,47.22,52.8,255,0,255,47.22,47.22,47.22,0
OCT,train,DME,DME-1760955-3.jpeg,768,496,380928,1.548,33.61,34.49,255,0,255,33.61,33.61,33.61,0
OCT,train,DME,DME-1760955-5.jpeg,512,496,253952,1.032,42.83,59.31,255,0,255,42.83,42.83,42.83,0
OCT,train,DME,DME-1783079-1.jpeg,1536,496,761856,3.097,40.78,42.48,255,0,255,40.78,40.78,40.78,0
OCT,train,DME,DME-1783079-4.jpeg,768,496,380928,1.548,27.34,30.22,255,0,255,27.34,27.34,27.34,0
OCT,train,DME,DME-1783079-6.jpeg,512,496,253952,1.032,41.01,41.28,255,0,255,41.01,41.01,41.01,0
OCT,train,DME,DME-1800879-1.jpeg,512,496,253952,1.032,73.32,68.43,255,0,255,73.32,73.32,73.32,0
OCT,train,DME,DME-1805818-1.jpeg,512,496,253952,1.032,89.9,81.64,255,0,255,89.9,89.9,89.9,0
OCT,train,DME,DME-1805818-3.jpeg,512,496,253952,1.032,103.82,88.51,255,0,255,103.82,103.82,103.82,0
OCT,train,DME,DME-1805818-5.jpeg,768,496,380928,1.548,41.73,39.76,255,0,255,41.73,41.73,41.73,0
OCT,train,DME,DME-1808783-1.jpeg,512,496,253952,1.032,55.28,69.66,255,0,255,55.28,55.28,55.28,0
OCT,train,DME,DME-1808783-10.jpeg,512,496,253952,1.032,61.83,68.61,255,0,255,61.83,61.83,61.83,0
OCT,train,DME,DME-1808783-11.jpeg,768,496,380928,1.548,29.68,30.69,255,0,255,29.68,29.68,29.68,0
OCT,train,DME,DME-1808783-12.jpeg,768,496,380928,1.548,31.89,34.81,255,0,255,31.89,31.89,31.89,0
OCT,train,DME,DME-1808783-13.jpeg,768,496,380928,1.548,31.5,31.46,255,0,255,31.5,31.5,31.5,0
OCT,train,DME,DME-1808783-15.jpeg,512,496,253952,1.032,118.98,97.21,255,0,255,118.98,118.98,118.98,0
OCT,train,DME,DME-1808783-16.jpeg,512,496,253952,1.032,179.29,92.83,255,0,255,179.29,179.29,179.29,0
OCT,train,DME,DME-1808783-3.jpeg,512,496,253952,1.032,56.54,68.89,255,0,255,56.54,56.54,56.54,0
OCT,train,DME,DME-1808783-4.jpeg,768,496,380928,1.548,28.44,29.91,255,0,255,28.44,28.44,28.44,0
OCT,train,DME,DME-1808783-5.jpeg,512,496,253952,1.032,48.22,49.8,255,0,255,48.22,48.22,48.22,0
OCT,train,DME,DME-1808783-6.jpeg,512,496,253952,1.032,54.46,58.34,255,0,255,54.46,54.46,54.46,0
OCT,train,DME,DME-1808783-7.jpeg,512,496,253952,1.032,37.25,52.67,255,0,255,37.25,37.25,37.25,0
OCT,train,DME,DME-1808783-9.jpeg,512,496,253952,1.032,69.37,72.78,255,0,255,69.37,69.37,69.37,0
OCT,train,DME,DME-1823896-1.jpeg,512,496,253952,1.032,107.2,86.59,255,0,255,107.2,107.2,107.2,0
OCT,train,DME,DME-1823896-2.jpeg,512,496,253952,1.032,97.29,86.75,255,0,255,97.29,97.29,97.29,0
OCT,train,DME,DME-1823896-3.jpeg,512,496,253952,1.032,104.01,87.18,255,0,255,104.01,104.01,104.01,0
OCT,train,DME,DME-1837437-1.jpeg,768,496,380928,1.548,41.43,42.25,255,0,255,41.43,41.43,41.43,0
OCT,train,DME,DME-1837437-2.jpeg,768,496,380928,1.548,35.88,36.92,255,0,255,35.88,35.88,35.88,0
OCT,train,DME,DME-1837437-3.jpeg,512,496,253952,1.032,47.26,46.79,255,0,255,47.26,47.26,47.26,0
OCT,train,DME,DME-1837437-4.jpeg,512,496,253952,1.032,51.44,49.46,255,0,255,51.44,51.44,51.44,0
OCT,train,DME,DME-1837437-5.jpeg,512,496,253952,1.032,54.93,54.63,255,0,255,54.93,54.93,54.93,0
OCT,train,DME,DME-1858286-2.jpeg,512,496,253952,1.032,37.77,41.43,255,0,255,37.77,37.77,37.77,0
OCT,train,DME,DME-1858286-3.jpeg,512,496,253952,1.032,27.88,35.59,255,0,255,27.88,27.88,27.88,0
OCT,train,DME,DME-1860310-11.jpeg,512,496,253952,1.032,39.65,42.15,255,0,255,39.65,39.65,39.65,0
OCT,train,DME,DME-1860310-13.jpeg,768,496,380928,1.548,35.02,37.12,255,0,255,35.02,35.02,35.02,0
OCT,train,DME,DME-1860310-14.jpeg,768,496,380928,1.548,33.35,35.06,255,0,255,33.35,33.35,33.35,0
OCT,train,DME,DME-1860310-15.jpeg,512,496,253952,1.032,31.76,40.05,255,0,255,31.76,31.76,31.76,0
OCT,train,DME,DME-1860310-16.jpeg,512,496,253952,1.032,28.99,39.17,255,0,255,28.99,28.99,28.99,0
OCT,train,DME,DME-1860310-17.jpeg,512,496,253952,1.032,37.73,42.38,255,0,255,37.73,37.73,37.73,0
OCT,train,DME,DME-1860310-19.jpeg,768,496,380928,1.548,42.27,41.84,255,0,255,42.27,42.27,42.27,0
OCT,train,DME,DME-1860310-2.jpeg,1536,496,761856,3.097,25.42,29.65,255,0,255,25.42,25.42,25.42,0
OCT,train,DME,DME-1860310-22.jpeg,512,496,253952,1.032,37.93,43.1,255,0,255,37.93,37.93,37.93,0
OCT,train,DME,DME-1860310-23.jpeg,512,496,253952,1.032,32.22,36.53,255,0,255,32.22,32.22,32.22,0
OCT,train,DME,DME-1860310-24.jpeg,512,496,253952,1.032,34.82,40.41,255,0,255,34.82,34.82,34.82,0
OCT,train,DME,DME-1860310-26.jpeg,512,496,253952,1.032,36.23,41.53,255,0,255,36.23,36.23,36.23,0
OCT,train,DME,DME-1860310-27.jpeg,512,496,253952,1.032,30.36,33.71,255,0,255,30.36,30.36,30.36,0
OCT,train,DME,DME-1860310-28.jpeg,768,496,380928,1.548,29.1,35.0,255,0,255,29.1,29.1,29.1,0
OCT,train,DME,DME-1860310-3.jpeg,512,496,253952,1.032,43.8,52.91,255,0,255,43.8,43.8,43.8,0
OCT,train,DME,DME-1860310-31.jpeg,512,496,253952,1.032,39.72,47.79,255,0,255,39.72,39.72,39.72,0
OCT,train,DME,DME-1860310-32.jpeg,768,496,380928,1.548,34.37,37.7,255,0,255,34.37,34.37,34.37,0
OCT,train,DME,DME-1860310-33.jpeg,768,496,380928,1.548,28.01,28.17,255,0,255,28.01,28.01,28.01,0
OCT,train,DME,DME-1860310-4.jpeg,512,496,253952,1.032,34.17,41.44,255,0,255,34.17,34.17,34.17,0
OCT,train,DME,DME-1860310-6.jpeg,768,496,380928,1.548,34.44,34.57,255,0,255,34.44,34.44,34.44,0
OCT,train,DME,DME-1860310-7.jpeg,768,496,380928,1.548,41.49,39.51,255,0,255,41.49,41.49,41.49,0
OCT,train,DME,DME-1860310-8.jpeg,768,496,380928,1.548,39.28,37.2,255,0,255,39.28,39.28,39.28,0
OCT,train,DME,DME-1875232-1.jpeg,1536,496,761856,3.097,46.68,55.53,255,0,255,46.68,46.68,46.68,0
OCT,train,DME,DME-1875232-10.jpeg,1024,496,507904,2.065,58.94,66.68,255,0,255,58.94,58.94,58.94,0
OCT,train,DME,DME-1875232-11.jpeg,1024,496,507904,2.065,33.63,44.67,255,0,255,33.63,33.63,33.63,0
OCT,train,DME,DME-1875232-12.jpeg,1024,496,507904,2.065,41.5,50.87,255,0,255,41.5,41.5,41.5,0
OCT,train,DME,DME-1875232-3.jpeg,1024,496,507904,2.065,63.29,72.65,255,0,255,63.29,63.29,63.29,0
OCT,train,DME,DME-1875232-4.jpeg,1024,496,507904,2.065,71.03,85.07,255,0,255,71.03,71.03,71.03,0
OCT,train,DME,DME-1875232-6.jpeg,1024,496,507904,2.065,64.92,85.91,255,0,255,64.92,64.92,64.92,0
OCT,train,DME,DME-1875232-8.jpeg,1024,496,507904,2.065,70.69,78.96,255,0,255,70.69,70.69,70.69,0
OCT,train,DME,DME-1888479-1.jpeg,512,496,253952,1.032,69.85,75.86,255,0,255,69.85,69.85,69.85,0
OCT,train,DME,DME-1888479-11.jpeg,512,512,262144,1.0,37.96,34.36,255,0,255,37.96,37.96,37.96,0
OCT,train,DME,DME-1888479-12.jpeg,512,512,262144,1.0,37.5,34.53,255,0,255,37.5,37.5,37.5,0
OCT,train,DME,DME-1888479-13.jpeg,512,496,253952,1.032,55.87,45.96,255,0,255,55.87,55.87,55.87,0
OCT,train,DME,DME-1888479-15.jpeg,512,496,253952,1.032,70.32,71.38,255,0,255,70.32,70.32,70.32,0
OCT,train,DME,DME-1888479-17.jpeg,512,496,253952,1.032,58.86,54.32,255,0,255,58.86,58.86,58.86,0
OCT,train,DME,DME-1888479-18.jpeg,768,496,380928,1.548,38.96,38.22,255,0,255,38.96,38.96,38.96,0
OCT,train,DME,DME-1888479-19.jpeg,512,512,262144,1.0,45.91,40.54,255,0,255,45.91,45.91,45.91,0
OCT,train,DME,DME-1888479-2.jpeg,512,496,253952,1.032,62.32,71.63,255,0,255,62.32,62.32,62.32,0
OCT,train,DME,DME-1888479-20.jpeg,512,496,253952,1.032,50.79,53.08,255,0,255,50.79,50.79,50.79,0
OCT,train,DME,DME-1888479-22.jpeg,512,496,253952,1.032,53.03,59.18,255,0,255,53.03,53.03,53.03,0
OCT,train,DME,DME-1888479-23.jpeg,512,496,253952,1.032,50.55,51.3,255,0,255,50.55,50.55,50.55,0
OCT,train,DME,DME-1888479-26.jpeg,768,496,380928,1.548,40.88,42.87,255,0,255,40.88,40.88,40.88,0
OCT,train,DME,DME-1888479-29.jpeg,512,496,253952,1.032,61.63,63.14,255,0,255,61.63,61.63,61.63,0
OCT,train,DME,DME-1888479-3.jpeg,512,496,253952,1.032,57.85,62.71,255,0,255,57.85,57.85,57.85,0
OCT,train,DME,DME-1888479-32.jpeg,512,512,262144,1.0,37.83,38.04,255,0,255,37.83,37.83,37.83,0
OCT,train,DME,DME-1888479-33.jpeg,768,496,380928,1.548,38.82,41.49,255,0,255,38.82,38.82,38.82,0
OCT,train,DME,DME-1888479-34.jpeg,512,496,253952,1.032,43.55,38.7,255,0,255,43.55,43.55,43.55,0
OCT,train,DME,DME-1888479-37.jpeg,512,512,262144,1.0,45.39,42.17,255,0,255,45.39,45.39,45.39,0
OCT,train,DME,DME-1888479-38.jpeg,512,496,253952,1.032,49.63,48.96,255,0,255,49.63,49.63,49.63,0
OCT,train,DME,DME-1888479-39.jpeg,512,512,262144,1.0,66.54,60.96,255,0,255,66.54,66.54,66.54,0
OCT,train,DME,DME-1888479-40.jpeg,512,512,262144,1.0,60.32,51.38,255,0,255,60.32,60.32,60.32,0
OCT,train,DME,DME-1888479-42.jpeg,512,512,262144,1.0,42.13,37.93,255,0,255,42.13,42.13,42.13,0
OCT,train,DME,DME-1888479-43.jpeg,512,512,262144,1.0,37.32,36.4,255,0,255,37.32,37.32,37.32,0
OCT,train,DME,DME-1888479-46.jpeg,512,496,253952,1.032,51.44,47.72,255,0,255,51.44,51.44,51.44,0
OCT,train,DME,DME-1888479-47.jpeg,512,496,253952,1.032,49.62,46.87,255,0,255,49.62,49.62,49.62,0
OCT,train,DME,DME-1888479-5.jpeg,512,512,262144,1.0,44.03,38.64,255,0,255,44.03,44.03,44.03,0
OCT,train,DME,DME-1888479-6.jpeg,512,496,253952,1.032,61.81,68.74,255,0,255,61.81,61.81,61.81,0
OCT,train,DME,DME-1888479-9.jpeg,512,512,262144,1.0,31.13,29.52,255,0,255,31.13,31.13,31.13,0
OCT,train,DME,DME-1896542-10.jpeg,512,496,253952,1.032,50.74,48.36,255,0,255,50.74,50.74,50.74,0
OCT,train,DME,DME-1896542-11.jpeg,768,496,380928,1.548,27.29,33.39,255,0,255,27.29,27.29,27.29,0
OCT,train,DME,DME-1896542-12.jpeg,768,496,380928,1.548,25.33,30.52,255,0,255,25.33,25.33,25.33,0
OCT,train,DME,DME-1896542-13.jpeg,512,496,253952,1.032,45.91,50.33,255,0,255,45.91,45.91,45.91,0
OCT,train,DME,DME-1896542-14.jpeg,512,496,253952,1.032,51.54,57.74,255,0,255,51.54,51.54,51.54,0
OCT,train,DME,DME-1896542-16.jpeg,512,496,253952,1.032,45.61,62.23,255,0,255,45.61,45.61,45.61,0
OCT,train,DME,DME-1896542-17.jpeg,512,496,253952,1.032,47.75,68.14,255,0,255,47.75,47.75,47.75,0
OCT,train,DME,DME-1896542-19.jpeg,512,496,253952,1.032,53.99,58.1,255,0,255,53.99,53.99,53.99,0
OCT,train,DME,DME-1896542-2.jpeg,512,496,253952,1.032,34.6,48.52,255,0,255,34.6,34.6,34.6,0
OCT,train,DME,DME-1896542-20.jpeg,512,496,253952,1.032,59.05,58.71,255,0,255,59.05,59.05,59.05,0
OCT,train,DME,DME-1896542-21.jpeg,512,496,253952,1.032,66.67,64.06,255,0,255,66.67,66.67,66.67,0
OCT,train,DME,DME-1896542-24.jpeg,768,496,380928,1.548,50.52,64.3,255,0,255,50.52,50.52,50.52,0
OCT,train,DME,DME-1896542-26.jpeg,768,496,380928,1.548,48.46,70.69,255,0,255,48.46,48.46,48.46,0
OCT,train,DME,DME-1896542-27.jpeg,768,496,380928,1.548,71.68,96.73,255,0,255,71.68,71.68,71.68,0
OCT,train,DME,DME-1896542-28.jpeg,512,496,253952,1.032,43.89,49.86,255,0,255,43.89,43.89,43.89,0
OCT,train,DME,DME-1896542-29.jpeg,512,496,253952,1.032,44.42,48.53,255,0,255,44.42,44.42,44.42,0
OCT,train,DME,DME-1896542-31.jpeg,512,496,253952,1.032,41.81,57.71,255,0,255,41.81,41.81,41.81,0
OCT,train,DME,DME-1896542-32.jpeg,512,496,253952,1.032,39.87,64.4,255,0,255,39.87,39.87,39.87,0
OCT,train,DME,DME-1896542-33.jpeg,512,496,253952,1.032,30.26,43.19,255,0,255,30.26,30.26,30.26,0
OCT,train,DME,DME-1896542-35.jpeg,768,496,380928,1.548,63.48,86.62,255,0,255,63.48,63.48,63.48,0
OCT,train,DME,DME-1896542-36.jpeg,512,496,253952,1.032,65.52,75.76,255,0,255,65.52,65.52,65.52,0
OCT,train,DME,DME-1896542-37.jpeg,512,496,253952,1.032,57.88,76.63,255,0,255,57.88,57.88,57.88,0
OCT,train,DME,DME-1896542-38.jpeg,512,496,253952,1.032,45.72,65.2,255,0,255,45.72,45.72,45.72,0
OCT,train,DME,DME-1896542-4.jpeg,512,496,253952,1.032,39.9,54.94,255,0,255,39.9,39.9,39.9,0
OCT,train,DME,DME-1896542-5.jpeg,768,496,380928,1.548,44.46,62.9,255,0,255,44.46,44.46,44.46,0
OCT,train,DME,DME-1896542-6.jpeg,512,496,253952,1.032,47.57,65.68,255,0,255,47.57,47.57,47.57,0
OCT,train,DME,DME-1896542-7.jpeg,512,496,253952,1.032,50.26,71.98,255,0,255,50.26,50.26,50.26,0
OCT,train,DME,DME-1920087-10.jpeg,512,496,253952,1.032,41.5,46.84,255,0,255,41.5,41.5,41.5,0
OCT,train,DME,DME-1920087-11.jpeg,512,496,253952,1.032,50.72,59.48,255,0,255,50.72,50.72,50.72,0
OCT,train,DME,DME-1920087-12.jpeg,1536,496,761856,3.097,25.54,29.46,255,0,255,25.54,25.54,25.54,0
OCT,train,DME,DME-1920087-13.jpeg,1536,496,761856,3.097,22.32,25.85,255,0,255,22.32,22.32,22.32,0
OCT,train,DME,DME-1920087-14.jpeg,512,496,253952,1.032,39.02,53.65,255,0,255,39.02,39.02,39.02,0
OCT,train,DME,DME-1920087-15.jpeg,512,496,253952,1.032,48.11,56.08,255,0,255,48.11,48.11,48.11,0
OCT,train,DME,DME-1920087-16.jpeg,512,496,253952,1.032,65.86,72.38,255,0,255,65.86,65.86,65.86,0
OCT,train,DME,DME-1920087-18.jpeg,512,496,253952,1.032,41.24,63.04,255,0,255,41.24,41.24,41.24,0
OCT,train,DME,DME-1920087-2.jpeg,512,496,253952,1.032,36.47,48.24,255,0,255,36.47,36.47,36.47,0
OCT,train,DME,DME-1920087-20.jpeg,768,496,380928,1.548,33.09,36.96,255,0,255,33.09,33.09,33.09,0
OCT,train,DME,DME-1920087-21.jpeg,768,496,380928,1.548,29.77,34.1,255,0,255,29.77,29.77,29.77,0
OCT,train,DME,DME-1920087-22.jpeg,768,496,380928,1.548,36.8,39.35,255,0,255,36.8,36.8,36.8,0
OCT,train,DME,DME-1920087-23.jpeg,768,496,380928,1.548,32.65,37.61,255,0,255,32.65,32.65,32.65,0
OCT,train,DME,DME-1920087-4.jpeg,512,496,253952,1.032,51.36,58.38,255,0,255,51.36,51.36,51.36,0
OCT,train,DME,DME-1920087-6.jpeg,768,496,380928,1.548,29.98,32.06,255,0,255,29.98,29.98,29.98,0
OCT,train,DME,DME-1920087-7.jpeg,1536,496,761856,3.097,27.68,29.19,255,0,255,27.68,27.68,27.68,0
OCT,train,DME,DME-1920087-8.jpeg,1536,496,761856,3.097,33.6,36.05,255,0,255,33.6,33.6,33.6,0
OCT,train,DME,DME-1923967-1.jpeg,512,496,253952,1.032,44.91,37.04,255,0,255,44.91,44.91,44.91,0
OCT,train,DME,DME-1923967-3.jpeg,512,496,253952,1.032,49.04,45.84,255,0,255,49.04,49.04,49.04,0
OCT,train,DME,DME-1923967-4.jpeg,768,496,380928,1.548,38.6,38.42,255,0,255,38.6,38.6,38.6,0
OCT,train,DME,DME-1966898-10.jpeg,512,496,253952,1.032,147.2,99.23,255,0,255,147.2,147.2,147.2,0
OCT,train,DME,DME-1966898-11.jpeg,512,496,253952,1.032,143.03,100.5,255,0,255,143.03,143.03,143.03,0
OCT,train,DME,DME-1966898-12.jpeg,512,512,262144,1.0,95.64,88.98,255,0,255,95.64,95.64,95.64,0
OCT,train,DME,DME-1966898-13.jpeg,512,512,262144,1.0,27.34,28.34,255,0,255,27.34,27.34,27.34,0
OCT,train,DME,DME-1966898-14.jpeg,512,512,262144,1.0,39.17,38.18,255,0,255,39.17,39.17,39.17,0
OCT,train,DME,DME-1966898-15.jpeg,512,512,262144,1.0,48.75,52.96,255,0,255,48.75,48.75,48.75,0
OCT,train,DME,DME-1966898-16.jpeg,512,512,262144,1.0,46.84,51.28,255,0,255,46.84,46.84,46.84,0
OCT,train,DME,DME-1966898-17.jpeg,512,512,262144,1.0,47.6,53.72,255,0,255,47.6,47.6,47.6,0
OCT,train,DME,DME-1966898-18.jpeg,512,512,262144,1.0,38.32,37.58,255,0,255,38.32,38.32,38.32,0
OCT,train,DME,DME-1966898-19.jpeg,768,496,380928,1.548,27.14,23.21,255,0,255,27.14,27.14,27.14,0
OCT,train,DME,DME-1966898-4.jpeg,512,512,262144,1.0,30.28,33.18,255,0,255,30.28,30.28,30.28,0
OCT,train,DME,DME-1966898-5.jpeg,512,512,262144,1.0,28.51,28.88,255,0,255,28.51,28.51,28.51,0
OCT,train,DME,DME-1966898-7.jpeg,512,512,262144,1.0,25.43,26.13,255,0,255,25.43,25.43,25.43,0
OCT,train,DME,DME-1966898-8.jpeg,512,512,262144,1.0,35.96,31.64,255,0,255,35.96,35.96,35.96,0
OCT,train,DME,DME-1966898-9.jpeg,512,512,262144,1.0,39.89,35.96,255,0,255,39.89,39.89,39.89,0
OCT,train,DME,DME-2063196-1.jpeg,512,512,262144,1.0,34.94,35.47,255,0,255,34.94,34.94,34.94,0
OCT,train,DME,DME-2063196-2.jpeg,512,512,262144,1.0,41.15,36.82,255,0,255,41.15,41.15,41.15,0
OCT,train,DME,DME-2063196-3.jpeg,512,512,262144,1.0,36.71,37.72,255,0,255,36.71,36.71,36.71,0
OCT,train,DME,DME-2063196-4.jpeg,512,512,262144,1.0,27.67,29.11,255,0,255,27.67,27.67,27.67,0
OCT,train,DME,DME-2097858-1.jpeg,512,512,262144,1.0,24.57,31.63,255,0,255,24.57,24.57,24.57,0
OCT,train,DME,DME-2105194-1.jpeg,512,496,253952,1.032,47.17,52.71,255,0,255,47.17,47.17,47.17,0
OCT,train,DME,DME-2126962-1.jpeg,512,496,253952,1.032,55.71,51.49,255,0,255,55.71,55.71,55.71,0
OCT,train,DME,DME-214825-2.jpeg,512,496,253952,1.032,35.0,29.57,255,0,255,35.0,35.0,35.0,0
OCT,train,DME,DME-214825-3.jpeg,768,496,380928,1.548,68.01,72.2,255,0,255,68.01,68.01,68.01,0
OCT,train,DME,DME-214825-4.jpeg,512,496,253952,1.032,57.23,46.09,255,0,255,57.23,57.23,57.23,0
OCT,train,DME,DME-214825-5.jpeg,512,496,253952,1.032,59.02,53.79,255,0,255,59.02,59.02,59.02,0
OCT,train,DME,DME-2205167-1.jpeg,768,496,380928,1.548,43.7,46.92,255,0,255,43.7,43.7,43.7,0
OCT,train,DME,DME-2205167-10.jpeg,512,496,253952,1.032,71.58,83.2,255,0,255,71.58,71.58,71.58,0
OCT,train,DME,DME-2205167-12.jpeg,768,496,380928,1.548,49.79,56.74,255,0,255,49.79,49.79,49.79,0
OCT,train,DME,DME-2205167-13.jpeg,768,496,380928,1.548,70.51,75.53,255,0,255,70.51,70.51,70.51,0
OCT,train,DME,DME-2205167-14.jpeg,512,512,262144,1.0,109.61,90.94,255,0,255,109.61,109.61,109.61,0
OCT,train,DME,DME-2205167-16.jpeg,512,512,262144,1.0,61.38,64.92,255,0,255,61.38,61.38,61.38,0
OCT,train,DME,DME-2205167-17.jpeg,512,512,262144,1.0,69.39,76.27,255,0,255,69.39,69.39,69.39,0
OCT,train,DME,DME-2205167-18.jpeg,768,496,380928,1.548,41.37,43.01,255,0,255,41.37,41.37,41.37,0
OCT,train,DME,DME-2205167-19.jpeg,768,496,380928,1.548,91.27,97.35,255,0,255,91.27,91.27,91.27,0
OCT,train,DME,DME-2205167-2.jpeg,768,496,380928,1.548,54.79,58.59,255,0,255,54.79,54.79,54.79,0
OCT,train,DME,DME-2205167-20.jpeg,768,496,380928,1.548,91.61,89.29,255,0,255,91.61,91.61,91.61,0
OCT,train,DME,DME-2205167-21.jpeg,768,496,380928,1.548,61.0,69.5,255,0,255,61.0,61.0,61.0,0
OCT,train,DME,DME-2205167-23.jpeg,512,496,253952,1.032,86.88,87.18,255,0,255,86.88,86.88,86.88,0
OCT,train,DME,DME-2205167-25.jpeg,512,512,262144,1.0,59.69,60.5,255,0,255,59.69,59.69,59.69,0
OCT,train,DME,DME-2205167-26.jpeg,512,496,253952,1.032,82.54,70.85,255,0,255,82.54,82.54,82.54,0
OCT,train,DME,DME-2205167-28.jpeg,512,496,253952,1.032,73.08,69.86,255,0,255,73.08,73.08,73.08,0
OCT,train,DME,DME-2205167-29.jpeg,512,512,262144,1.0,50.18,66.11,255,0,255,50.18,50.18,50.18,0
OCT,train,DME,DME-2205167-3.jpeg,768,496,380928,1.548,50.56,54.69,255,0,255,50.56,50.56,50.56,0
OCT,train,DME,DME-2205167-4.jpeg,768,496,380928,1.548,53.58,56.09,255,0,255,53.58,53.58,53.58,0
OCT,train,DME,DME-2205167-5.jpeg,768,496,380928,1.548,73.47,78.33,255,0,255,73.47,73.47,73.47,0
OCT,train,DME,DME-2205167-6.jpeg,512,496,253952,1.032,75.56,84.4,255,0,255,75.56,75.56,75.56,0
OCT,train,DME,DME-2205167-7.jpeg,512,496,253952,1.032,74.0,81.92,255,0,255,74.0,74.0,74.0,0
OCT,train,DME,DME-2205167-9.jpeg,768,496,380928,1.548,37.17,39.13,255,0,255,37.17,37.17,37.17,0
OCT,train,DME,DME-2232211-10.jpeg,512,496,253952,1.032,41.51,49.72,255,0,255,41.51,41.51,41.51,0
OCT,train,DME,DME-2232211-11.jpeg,768,496,380928,1.548,29.95,32.37,255,0,255,29.95,29.95,29.95,0
OCT,train,DME,DME-2232211-13.jpeg,768,496,380928,1.548,28.74,29.5,255,0,255,28.74,28.74,28.74,0
OCT,train,DME,DME-2232211-17.jpeg,512,496,253952,1.032,37.38,34.98,255,0,255,37.38,37.38,37.38,0
OCT,train,DME,DME-2232211-18.jpeg,512,512,262144,1.0,16.56,18.27,255,0,255,16.56,16.56,16.56,0
OCT,train,DME,DME-2232211-5.jpeg,512,512,262144,1.0,32.13,32.63,255,0,255,32.13,32.13,32.13,0
OCT,train,DME,DME-2232211-6.jpeg,512,512,262144,1.0,31.36,32.66,255,0,255,31.36,31.36,31.36,0
OCT,train,DME,DME-2232211-7.jpeg,512,512,262144,1.0,32.62,33.93,255,0,255,32.62,32.62,32.62,0
OCT,train,DME,DME-2232211-8.jpeg,512,496,253952,1.032,44.75,53.96,255,0,255,44.75,44.75,44.75,0
OCT,train,DME,DME-2232211-9.jpeg,512,496,253952,1.032,42.44,51.86,255,0,255,42.44,42.44,42.44,0
OCT,train,DME,DME-224974-1.jpeg,512,512,262144,1.0,46.16,72.35,255,0,255,46.16,46.16,46.16,0
OCT,train,DME,DME-224974-2.jpeg,512,512,262144,1.0,111.93,106.29,255,0,255,111.93,111.93,111.93,0
OCT,train,DME,DME-224974-3.jpeg,512,512,262144,1.0,27.96,27.76,255,0,255,27.96,27.96,27.96,0
OCT,train,DME,DME-224974-4.jpeg,512,512,262144,1.0,76.24,91.65,255,0,255,76.24,76.24,76.24,0
OCT,train,DME,DME-2261889-1.jpeg,768,496,380928,1.548,36.35,38.43,255,0,255,36.35,36.35,36.35,0
OCT,train,DME,DME-2261889-10.jpeg,512,496,253952,1.032,52.71,44.37,255,0,255,52.71,52.71,52.71,0
OCT,train,DME,DME-2261889-14.jpeg,512,512,262144,1.0,31.67,35.31,255,0,255,31.67,31.67,31.67,0
OCT,train,DME,DME-2261889-15.jpeg,512,512,262144,1.0,38.17,36.45,255,0,255,38.17,38.17,38.17,0
OCT,train,DME,DME-2261889-17.jpeg,512,512,262144,1.0,24.08,26.3,255,0,255,24.08,24.08,24.08,0
OCT,train,DRUSEN,DRUSEN-1001666-2.jpeg,512,496,253952,1.032,54.9,65.46,255,0,255,54.9,54.9,54.9,0
OCT,train,DRUSEN,DRUSEN-1001666-3.jpeg,512,496,253952,1.032,54.12,64.12,255,0,255,54.12,54.12,54.12,0
OCT,train,DRUSEN,DRUSEN-1001666-4.jpeg,512,496,253952,1.032,51.3,53.41,255,0,255,51.3,51.3,51.3,0
OCT,train,DRUSEN,DRUSEN-1001666-5.jpeg,512,496,253952,1.032,53.04,53.42,255,0,255,53.04,53.04,53.04,0
OCT,train,DRUSEN,DRUSEN-1016042-2.jpeg,768,496,380928,1.548,43.94,40.68,255,0,255,43.94,43.94,43.94,0
OCT,train,DRUSEN,DRUSEN-1016042-4.jpeg,768,496,380928,1.548,41.07,42.77,255,0,255,41.07,41.07,41.07,0
OCT,train,DRUSEN,DRUSEN-1016042-7.jpeg,768,496,380928,1.548,42.25,43.19,255,0,255,42.25,42.25,42.25,0
OCT,train,DRUSEN,DRUSEN-1020679-1.jpeg,768,496,380928,1.548,37.16,41.69,255,0,255,37.16,37.16,37.16,0
OCT,train,DRUSEN,DRUSEN-1020679-2.jpeg,512,496,253952,1.032,42.72,55.24,255,0,255,42.72,42.72,42.72,0
OCT,train,DRUSEN,DRUSEN-1020679-3.jpeg,512,496,253952,1.032,41.68,53.59,255,0,255,41.68,41.68,41.68,0
OCT,train,DRUSEN,DRUSEN-1021530-1.jpeg,512,496,253952,1.032,77.71,89.08,255,0,255,77.71,77.71,77.71,0
OCT,train,DRUSEN,DRUSEN-103885-1.jpeg,512,496,253952,1.032,87.42,77.86,255,0,255,87.42,87.42,87.42,0
OCT,train,DRUSEN,DRUSEN-1042462-1.jpeg,512,496,253952,1.032,41.2,44.53,255,0,255,41.2,41.2,41.2,0
OCT,train,DRUSEN,DRUSEN-1046294-1.jpeg,768,496,380928,1.548,36.12,37.69,255,0,255,36.12,36.12,36.12,0
OCT,train,DRUSEN,DRUSEN-1046294-4.jpeg,512,496,253952,1.032,118.08,104.11,255,0,255,118.08,118.08,118.08,0
OCT,train,DRUSEN,DRUSEN-1047803-2.jpeg,512,496,253952,1.032,98.84,75.97,255,0,255,98.84,98.84,98.84,0
OCT,train,DRUSEN,DRUSEN-1047803-4.jpeg,512,496,253952,1.032,59.73,52.24,255,0,255,59.73,59.73,59.73,0
OCT,train,DRUSEN,DRUSEN-1047803-5.jpeg,512,496,253952,1.032,50.3,40.23,255,0,255,50.3,50.3,50.3,0
OCT,train,DRUSEN,DRUSEN-1047803-6.jpeg,768,496,380928,1.548,34.39,34.18,255,0,255,34.39,34.39,34.39,0
OCT,train,DRUSEN,DRUSEN-1071961-1.jpeg,768,496,380928,1.548,31.28,35.97,255,0,255,31.28,31.28,31.28,0
OCT,train,DRUSEN,DRUSEN-1071961-2.jpeg,768,496,380928,1.548,32.79,35.39,255,0,255,32.79,32.79,32.79,0
OCT,train,DRUSEN,DRUSEN-1071961-5.jpeg,512,496,253952,1.032,41.96,41.07,255,0,255,41.96,41.96,41.96,0
OCT,train,DRUSEN,DRUSEN-1071961-8.jpeg,512,496,253952,1.032,95.44,86.15,255,0,255,95.44,95.44,95.44,0
OCT,train,DRUSEN,DRUSEN-1071961-9.jpeg,512,496,253952,1.032,94.2,85.69,255,0,255,94.2,94.2,94.2,0
OCT,train,DRUSEN,DRUSEN-1077513-1.jpeg,512,496,253952,1.032,54.37,62.42,255,0,255,54.37,54.37,54.37,0
OCT,train,DRUSEN,DRUSEN-1077513-10.jpeg,1536,496,761856,3.097,35.73,37.01,255,0,255,35.73,35.73,35.73,0
OCT,train,DRUSEN,DRUSEN-1077513-11.jpeg,512,496,253952,1.032,47.13,47.66,255,0,255,47.13,47.13,47.13,0
OCT,train,DRUSEN,DRUSEN-1077513-12.jpeg,512,496,253952,1.032,45.1,46.89,255,0,255,45.1,45.1,45.1,0
OCT,train,DRUSEN,DRUSEN-1077513-13.jpeg,1536,496,761856,3.097,32.66,36.51,255,0,255,32.66,32.66,32.66,0
OCT,train,DRUSEN,DRUSEN-1077513-14.jpeg,512,496,253952,1.032,57.61,60.01,255,0,255,57.61,57.61,57.61,0
OCT,train,DRUSEN,DRUSEN-1077513-15.jpeg,512,496,253952,1.032,54.44,56.37,255,0,255,54.44,54.44,54.44,0
OCT,train,DRUSEN,DRUSEN-1077513-8.jpeg,512,496,253952,1.032,71.9,84.43,255,0,255,71.9,71.9,71.9,0
OCT,train,DRUSEN,DRUSEN-1077513-9.jpeg,512,496,253952,1.032,70.2,79.87,255,0,255,70.2,70.2,70.2,0
OCT,train,DRUSEN,DRUSEN-1081406-2.jpeg,1536,496,761856,3.097,47.33,68.36,255,0,255,47.33,47.33,47.33,0
OCT,train,DRUSEN,DRUSEN-1081406-4.jpeg,1536,496,761856,3.097,42.35,57.98,255,0,255,42.35,42.35,42.35,0
OCT,train,DRUSEN,DRUSEN-1081406-5.jpeg,1536,496,761856,3.097,58.68,70.86,255,0,255,58.68,58.68,58.68,0
OCT,train,DRUSEN,DRUSEN-1081406-7.jpeg,1536,496,761856,3.097,53.85,73.29,255,0,255,53.85,53.85,53.85,0
OCT,train,DRUSEN,DRUSEN-1083159-11.jpeg,512,496,253952,1.032,79.76,76.22,255,0,255,79.76,79.76,79.76,0
OCT,train,DRUSEN,DRUSEN-1083159-12.jpeg,768,496,380928,1.548,32.19,36.29,255,0,255,32.19,32.19,32.19,0
OCT,train,DRUSEN,DRUSEN-1083159-3.jpeg,768,496,380928,1.548,37.04,37.98,255,0,255,37.04,37.04,37.04,0
OCT,train,DRUSEN,DRUSEN-1083159-5.jpeg,512,496,253952,1.032,57.33,48.82,255,0,255,57.33,57.33,57.33,0
OCT,train,DRUSEN,DRUSEN-1083159-8.jpeg,512,496,253952,1.032,53.9,43.11,255,0,255,53.9,53.9,53.9,0
OCT,train,DRUSEN,DRUSEN-1083159-9.jpeg,512,496,253952,1.032,65.94,67.8,255,0,255,65.94,65.94,65.94,0
OCT,train,DRUSEN,DRUSEN-1094282-1.jpeg,768,496,380928,1.548,30.17,37.09,255,0,255,30.17,30.17,30.17,0
OCT,train,DRUSEN,DRUSEN-1094282-11.jpeg,512,496,253952,1.032,36.2,40.77,255,0,255,36.2,36.2,36.2,0
OCT,train,DRUSEN,DRUSEN-1094282-12.jpeg,512,496,253952,1.032,43.1,55.8,255,0,255,43.1,43.1,43.1,0
OCT,train,DRUSEN,DRUSEN-1094282-13.jpeg,512,496,253952,1.032,46.99,58.35,255,0,255,46.99,46.99,46.99,0
OCT,train,DRUSEN,DRUSEN-1094282-2.jpeg,512,496,253952,1.032,40.7,51.84,255,0,255,40.7,40.7,40.7,0
OCT,train,DRUSEN,DRUSEN-1094282-3.jpeg,512,496,253952,1.032,40.43,50.81,255,0,255,40.43,40.43,40.43,0
OCT,train,DRUSEN,DRUSEN-1094282-4.jpeg,512,496,253952,1.032,43.6,55.97,255,0,255,43.6,43.6,43.6,0
OCT,train,DRUSEN,DRUSEN-1094282-5.jpeg,512,496,253952,1.032,25.75,34.2,255,0,255,25.75,25.75,25.75,0
OCT,train,DRUSEN,DRUSEN-1094282-6.jpeg,512,496,253952,1.032,42.12,52.95,255,0,255,42.12,42.12,42.12,0
OCT,train,DRUSEN,DRUSEN-1094282-8.jpeg,768,496,380928,1.548,33.68,39.26,255,0,255,33.68,33.68,33.68,0
OCT,train,DRUSEN,DRUSEN-1094282-9.jpeg,512,496,253952,1.032,38.23,44.12,255,0,255,38.23,38.23,38.23,0
OCT,train,DRUSEN,DRUSEN-1108857-1.jpeg,512,496,253952,1.032,47.63,49.49,255,0,255,47.63,47.63,47.63,0
OCT,train,DRUSEN,DRUSEN-1108857-2.jpeg,512,496,253952,1.032,47.18,51.67,255,0,255,47.18,47.18,47.18,0
OCT,train,DRUSEN,DRUSEN-1108857-3.jpeg,512,496,253952,1.032,45.35,51.96,255,0,255,45.35,45.35,45.35,0
OCT,train,DRUSEN,DRUSEN-1110738-1.jpeg,512,496,253952,1.032,42.08,44.52,255,0,255,42.08,42.08,42.08,0
OCT,train,DRUSEN,DRUSEN-1112835-1.jpeg,1536,496,761856,3.097,30.55,33.24,255,0,255,30.55,30.55,30.55,0
OCT,train,DRUSEN,DRUSEN-1112835-11.jpeg,512,496,253952,1.032,56.75,50.53,255,0,255,56.75,56.75,56.75,0
OCT,train,DRUSEN,DRUSEN-1112835-12.jpeg,512,496,253952,1.032,64.16,64.92,255,0,255,64.16,64.16,64.16,0
OCT,train,DRUSEN,DRUSEN-1112835-14.jpeg,512,496,253952,1.032,52.97,52.07,255,0,255,52.97,52.97,52.97,0
OCT,train,DRUSEN,DRUSEN-1112835-15.jpeg,512,496,253952,1.032,76.75,59.96,255,0,255,76.75,76.75,76.75,0
OCT,train,DRUSEN,DRUSEN-1112835-16.jpeg,512,496,253952,1.032,76.01,63.32,255,0,255,76.01,76.01,76.01,0
OCT,train,DRUSEN,DRUSEN-1112835-19.jpeg,512,496,253952,1.032,45.89,56.14,255,0,255,45.89,45.89,45.89,0
OCT,train,DRUSEN,DRUSEN-1112835-21.jpeg,512,496,253952,1.032,78.09,84.11,255,0,255,78.09,78.09,78.09,0
OCT,train,DRUSEN,DRUSEN-1112835-3.jpeg,512,496,253952,1.032,61.43,66.99,255,0,255,61.43,61.43,61.43,0
OCT,train,DRUSEN,DRUSEN-1112835-4.jpeg,512,496,253952,1.032,61.81,63.48,255,0,255,61.81,61.81,61.81,0
OCT,train,DRUSEN,DRUSEN-1112835-5.jpeg,512,496,253952,1.032,50.59,48.21,255,0,255,50.59,50.59,50.59,0
OCT,train,DRUSEN,DRUSEN-1112835-6.jpeg,512,496,253952,1.032,56.32,63.78,255,0,255,56.32,56.32,56.32,0
OCT,train,DRUSEN,DRUSEN-1112835-7.jpeg,512,496,253952,1.032,48.84,50.34,255,0,255,48.84,48.84,48.84,0
OCT,train,DRUSEN,DRUSEN-1112835-9.jpeg,512,496,253952,1.032,50.28,49.89,255,0,255,50.28,50.28,50.28,0
OCT,train,DRUSEN,DRUSEN-1117376-2.jpeg,512,496,253952,1.032,41.19,38.03,255,0,255,41.19,41.19,41.19,0
OCT,train,DRUSEN,DRUSEN-1130960-1.jpeg,1536,496,761856,3.097,25.47,27.58,255,0,255,25.47,25.47,25.47,0
OCT,train,DRUSEN,DRUSEN-1130960-10.jpeg,512,496,253952,1.032,48.04,55.0,255,0,255,48.04,48.04,48.04,0
OCT,train,DRUSEN,DRUSEN-1130960-11.jpeg,768,496,380928,1.548,29.67,30.68,255,0,255,29.67,29.67,29.67,0
OCT,train,DRUSEN,DRUSEN-1130960-13.jpeg,512,496,253952,1.032,38.93,41.95,255,0,255,38.93,38.93,38.93,0
OCT,train,DRUSEN,DRUSEN-1130960-19.jpeg,768,496,380928,1.548,35.74,35.04,255,0,255,35.74,35.74,35.74,0
OCT,train,DRUSEN,DRUSEN-1130960-20.jpeg,768,496,380928,1.548,36.8,38.42,255,0,255,36.8,36.8,36.8,0
OCT,train,DRUSEN,DRUSEN-1130960-21.jpeg,1536,496,761856,3.097,35.24,35.3,255,0,255,35.24,35.24,35.24,0
OCT,train,DRUSEN,DRUSEN-1130960-22.jpeg,1536,496,761856,3.097,25.32,26.07,255,0,255,25.32,25.32,25.32,0
OCT,train,DRUSEN,DRUSEN-1130960-24.jpeg,512,496,253952,1.032,142.42,103.12,255,0,255,142.42,142.42,142.42,0
OCT,train,DRUSEN,DRUSEN-1130960-25.jpeg,512,496,253952,1.032,140.37,104.98,255,0,255,140.37,140.37,140.37,0
OCT,train,DRUSEN,DRUSEN-1130960-26.jpeg,1536,496,761856,3.097,27.0,28.82,255,0,255,27.0,27.0,27.0,0
OCT,train,DRUSEN,DRUSEN-1130960-3.jpeg,512,496,253952,1.032,43.62,41.61,255,0,255,43.62,43.62,43.62,0
OCT,train,DRUSEN,DRUSEN-1130960-33.jpeg,512,496,253952,1.032,43.39,49.02,255,0,255,43.39,43.39,43.39,0
OCT,train,DRUSEN,DRUSEN-1130960-35.jpeg,1536,496,761856,3.097,33.76,34.68,255,0,255,33.76,33.76,33.76,0
OCT,train,DRUSEN,DRUSEN-1130960-37.jpeg,1536,496,761856,3.097,35.05,35.83,255,0,255,35.05,35.05,35.05,0
OCT,train,DRUSEN,DRUSEN-1130960-39.jpeg,512,496,253952,1.032,48.32,52.49,255,0,255,48.32,48.32,48.32,0
OCT,train,DRUSEN,DRUSEN-1130960-41.jpeg,512,496,253952,1.032,59.67,68.02,255,0,255,59.67,59.67,59.67,0
OCT,train,DRUSEN,DRUSEN-1130960-43.jpeg,1536,496,761856,3.097,30.26,33.31,255,0,255,30.26,30.26,30.26,0
OCT,train,DRUSEN,DRUSEN-1130960-44.jpeg,512,496,253952,1.032,46.9,50.92,255,0,255,46.9,46.9,46.9,0
OCT,train,DRUSEN,DRUSEN-1130960-46.jpeg,512,496,253952,1.032,42.86,49.62,255,0,255,42.86,42.86,42.86,0
OCT,train,DRUSEN,DRUSEN-1130960-50.jpeg,1536,496,761856,3.097,27.86,32.24,255,0,255,27.86,27.86,27.86,0
OCT,train,DRUSEN,DRUSEN-1130960-54.jpeg,512,496,253952,1.032,43.79,53.44,255,0,255,43.79,43.79,43.79,0
OCT,train,DRUSEN,DRUSEN-1130960-56.jpeg,512,496,253952,1.032,39.27,50.18,255,0,255,39.27,39.27,39.27,0
OCT,train,DRUSEN,DRUSEN-1130960-58.jpeg,512,496,253952,1.032,39.85,46.32,255,0,255,39.85,39.85,39.85,0
OCT,train,DRUSEN,DRUSEN-1130960-60.jpeg,512,496,253952,1.032,47.87,53.05,255,0,255,47.87,47.87,47.87,0
OCT,train,DRUSEN,DRUSEN-1130960-62.jpeg,768,496,380928,1.548,37.86,37.66,255,0,255,37.86,37.86,37.86,0
OCT,train,DRUSEN,DRUSEN-1130960-63.jpeg,768,496,380928,1.548,30.79,30.97,255,0,255,30.79,30.79,30.79,0
OCT,train,DRUSEN,DRUSEN-1130960-64.jpeg,768,496,380928,1.548,35.38,38.35,255,0,255,35.38,35.38,35.38,0
OCT,train,DRUSEN,DRUSEN-1130960-65.jpeg,768,496,380928,1.548,36.27,38.83,255,0,255,36.27,36.27,36.27,0
OCT,train,DRUSEN,DRUSEN-1130960-66.jpeg,768,496,380928,1.548,31.57,34.7,255,0,255,31.57,31.57,31.57,0
OCT,train,DRUSEN,DRUSEN-1130960-69.jpeg,512,496,253952,1.032,54.73,61.67,255,0,255,54.73,54.73,54.73,0
OCT,train,DRUSEN,DRUSEN-1130960-71.jpeg,512,496,253952,1.032,48.4,49.15,255,0,255,48.4,48.4,48.4,0
OCT,train,DRUSEN,DRUSEN-1130960-72.jpeg,768,496,380928,1.548,77.98,88.03,255,0,255,77.98,77.98,77.98,0
OCT,train,DRUSEN,DRUSEN-1130960-73.jpeg,768,496,380928,1.548,91.22,88.49,255,0,255,91.22,91.22,91.22,0
OCT,train,DRUSEN,DRUSEN-1130960-74.jpeg,512,496,253952,1.032,46.82,51.04,255,0,255,46.82,46.82,46.82,0
OCT,train,DRUSEN,DRUSEN-1130960-75.jpeg,512,496,253952,1.032,48.89,54.9,255,0,255,48.89,48.89,48.89,0
OCT,train,DRUSEN,DRUSEN-1130960-77.jpeg,512,496,253952,1.032,47.87,56.37,255,0,255,47.87,47.87,47.87,0
OCT,train,DRUSEN,DRUSEN-1130960-9.jpeg,512,496,253952,1.032,49.41,59.23,255,0,255,49.41,49.41,49.41,0
OCT,train,DRUSEN,DRUSEN-1131664-1.jpeg,768,496,380928,1.548,56.24,75.76,255,0,255,56.24,56.24,56.24,0
OCT,train,DRUSEN,DRUSEN-1136126-1.jpeg,512,496,253952,1.032,75.26,72.47,255,0,255,75.26,75.26,75.26,0
OCT,train,DRUSEN,DRUSEN-1146923-1.jpeg,512,496,253952,1.032,64.41,54.06,255,0,255,64.41,64.41,64.41,0
OCT,train,DRUSEN,DRUSEN-1146923-13.jpeg,512,496,253952,1.032,74.63,70.15,255,0,255,74.63,74.63,74.63,0
OCT,train,DRUSEN,DRUSEN-1146923-15.jpeg,768,496,380928,1.548,45.47,57.31,255,0,255,45.47,45.47,45.47,0
OCT,train,DRUSEN,DRUSEN-1146923-16.jpeg,1536,496,761856,3.097,61.09,75.67,255,0,255,61.09,61.09,61.09,0
OCT,train,DRUSEN,DRUSEN-1146923-17.jpeg,512,496,253952,1.032,54.1,63.84,255,0,255,54.1,54.1,54.1,0
OCT,train,DRUSEN,DRUSEN-1146923-19.jpeg,512,496,253952,1.032,60.24,63.38,255,0,255,60.24,60.24,60.24,0
OCT,train,DRUSEN,DRUSEN-1146923-2.jpeg,512,496,253952,1.032,67.39,65.04,255,0,255,67.39,67.39,67.39,0
OCT,train,DRUSEN,DRUSEN-1146923-20.jpeg,512,496,253952,1.032,101.41,95.49,255,0,255,101.41,101.41,101.41,0
OCT,train,DRUSEN,DRUSEN-1146923-21.jpeg,512,496,253952,1.032,101.43,96.17,255,0,255,101.43,101.43,101.43,0
OCT,train,DRUSEN,DRUSEN-1146923-23.jpeg,768,496,380928,1.548,83.07,92.53,255,0,255,83.07,83.07,83.07,0
OCT,train,DRUSEN,DRUSEN-1146923-27.jpeg,512,496,253952,1.032,51.47,52.08,255,0,255,51.47,51.47,51.47,0
OCT,train,DRUSEN,DRUSEN-1146923-3.jpeg,512,496,253952,1.032,70.81,61.86,255,0,255,70.81,70.81,70.81,0
OCT,train,DRUSEN,DRUSEN-1146923-30.jpeg,768,496,380928,1.548,79.46,81.37,255,0,255,79.46,79.46,79.46,0
OCT,train,DRUSEN,DRUSEN-1146923-31.jpeg,512,496,253952,1.032,66.27,76.19,255,0,255,66.27,66.27,66.27,0
OCT,train,DRUSEN,DRUSEN-1146923-32.jpeg,512,496,253952,1.032,80.68,79.75,255,0,255,80.68,80.68,80.68,0
OCT,train,DRUSEN,DRUSEN-1146923-33.jpeg,512,496,253952,1.032,82.22,76.77,255,0,255,82.22,82.22,82.22,0
OCT,train,DRUSEN,DRUSEN-1146923-4.jpeg,512,496,253952,1.032,62.03,52.4,255,0,255,62.03,62.03,62.03,0
OCT,train,DRUSEN,DRUSEN-1146923-5.jpeg,512,496,253952,1.032,74.95,66.55,255,0,255,74.95,74.95,74.95,0
OCT,train,DRUSEN,DRUSEN-1169820-11.jpeg,512,496,253952,1.032,91.0,88.48,255,0,255,91.0,91.0,91.0,0
OCT,train,DRUSEN,DRUSEN-1169820-12.jpeg,512,496,253952,1.032,94.81,90.82,255,0,255,94.81,94.81,94.81,0
OCT,train,DRUSEN,DRUSEN-1169820-16.jpeg,512,496,253952,1.032,117.23,101.79,255,0,255,117.23,117.23,117.23,0
OCT,train,DRUSEN,DRUSEN-1169820-17.jpeg,512,496,253952,1.032,119.09,101.36,255,0,255,119.09,119.09,119.09,0
OCT,train,DRUSEN,DRUSEN-1169820-18.jpeg,512,496,253952,1.032,108.36,102.16,255,0,255,108.36,108.36,108.36,0
OCT,train,DRUSEN,DRUSEN-1169820-19.jpeg,512,496,253952,1.032,54.67,67.83,255,0,255,54.67,54.67,54.67,0
OCT,train,DRUSEN,DRUSEN-1169820-2.jpeg,512,496,253952,1.032,51.41,55.03,255,0,255,51.41,51.41,51.41,0
OCT,train,DRUSEN,DRUSEN-1169820-23.jpeg,768,496,380928,1.548,41.1,39.99,255,0,255,41.1,41.1,41.1,0
OCT,train,DRUSEN,DRUSEN-1169820-24.jpeg,768,496,380928,1.548,41.95,40.75,255,0,255,41.95,41.95,41.95,0
OCT,train,DRUSEN,DRUSEN-1169820-25.jpeg,512,496,253952,1.032,82.32,72.43,255,0,255,82.32,82.32,82.32,0
OCT,train,DRUSEN,DRUSEN-1169820-26.jpeg,512,496,253952,1.032,69.16,61.5,255,0,255,69.16,69.16,69.16,0
OCT,train,DRUSEN,DRUSEN-1169820-27.jpeg,512,496,253952,1.032,58.6,46.26,255,0,255,58.6,58.6,58.6,0
OCT,train,DRUSEN,DRUSEN-1169820-28.jpeg,512,496,253952,1.032,68.96,55.79,255,0,255,68.96,68.96,68.96,0
OCT,train,DRUSEN,DRUSEN-1169820-29.jpeg,512,496,253952,1.032,58.06,70.61,255,0,255,58.06,58.06,58.06,0
OCT,train,DRUSEN,DRUSEN-1169820-3.jpeg,512,496,253952,1.032,54.12,55.48,255,0,255,54.12,54.12,54.12,0
OCT,train,DRUSEN,DRUSEN-1169820-30.jpeg,512,496,253952,1.032,45.94,43.03,255,0,255,45.94,45.94,45.94,0
OCT,train,DRUSEN,DRUSEN-1169820-31.jpeg,512,496,253952,1.032,58.67,62.04,255,0,255,58.67,58.67,58.67,0
OCT,train,DRUSEN,DRUSEN-1169820-32.jpeg,512,496,253952,1.032,52.84,57.71,255,0,255,52.84,52.84,52.84,0
OCT,train,DRUSEN,DRUSEN-1169820-33.jpeg,512,496,253952,1.032,56.79,68.62,255,0,255,56.79,56.79,56.79,0
OCT,train,DRUSEN,DRUSEN-1169820-34.jpeg,512,496,253952,1.032,60.01,71.69,255,0,255,60.01,60.01,60.01,0
OCT,train,DRUSEN,DRUSEN-1169820-35.jpeg,512,496,253952,1.032,86.33,90.59,255,0,255,86.33,86.33,86.33,0
OCT,train,DRUSEN,DRUSEN-1169820-36.jpeg,512,496,253952,1.032,53.89,51.59,255,0,255,53.89,53.89,53.89,0
OCT,train,DRUSEN,DRUSEN-1169820-37.jpeg,512,496,253952,1.032,50.57,47.46,255,0,255,50.57,50.57,50.57,0
OCT,train,DRUSEN,DRUSEN-1169820-38.jpeg,512,496,253952,1.032,44.64,40.87,255,0,255,44.64,44.64,44.64,0
OCT,train,DRUSEN,DRUSEN-1169820-40.jpeg,512,496,253952,1.032,56.41,52.51,255,0,255,56.41,56.41,56.41,0
OCT,train,DRUSEN,DRUSEN-1169820-42.jpeg,512,496,253952,1.032,57.45,54.63,255,0,255,57.45,57.45,57.45,0
OCT,train,DRUSEN,DRUSEN-1169820-43.jpeg,512,496,253952,1.032,50.69,45.62,255,0,255,50.69,50.69,50.69,0
OCT,train,DRUSEN,DRUSEN-1169820-6.jpeg,512,496,253952,1.032,87.76,84.31,255,0,255,87.76,87.76,87.76,0
OCT,train,DRUSEN,DRUSEN-1169820-7.jpeg,768,496,380928,1.548,39.92,43.58,255,0,255,39.92,39.92,39.92,0
OCT,train,DRUSEN,DRUSEN-1169820-8.jpeg,768,496,380928,1.548,38.69,41.92,255,0,255,38.69,38.69,38.69,0
OCT,train,DRUSEN,DRUSEN-1169820-9.jpeg,512,496,253952,1.032,99.16,93.9,255,0,255,99.16,99.16,99.16,0
OCT,train,DRUSEN,DRUSEN-1173253-11.jpeg,512,496,253952,1.032,46.02,52.0,255,0,255,46.02,46.02,46.02,0
OCT,train,DRUSEN,DRUSEN-1173253-12.jpeg,512,496,253952,1.032,39.37,33.8,255,0,255,39.37,39.37,39.37,0
OCT,train,DRUSEN,DRUSEN-1173253-3.jpeg,512,496,253952,1.032,56.31,53.45,255,0,255,56.31,56.31,56.31,0
OCT,train,DRUSEN,DRUSEN-1173253-4.jpeg,768,496,380928,1.548,44.41,39.15,255,0,255,44.41,44.41,44.41,0
OCT,train,DRUSEN,DRUSEN-1173253-5.jpeg,512,496,253952,1.032,52.8,54.32,255,0,255,52.8,52.8,52.8,0
OCT,train,DRUSEN,DRUSEN-1173253-8.jpeg,512,496,253952,1.032,42.83,40.12,255,0,255,42.83,42.83,42.83,0
OCT,train,DRUSEN,DRUSEN-1183510-2.jpeg,512,496,253952,1.032,43.6,46.26,255,0,255,43.6,43.6,43.6,0
OCT,train,DRUSEN,DRUSEN-1193659-1.jpeg,1536,496,761856,3.097,34.6,38.6,255,0,255,34.6,34.6,34.6,0
OCT,train,DRUSEN,DRUSEN-1193659-2.jpeg,512,496,253952,1.032,47.23,54.29,255,0,255,47.23,47.23,47.23,0
OCT,train,DRUSEN,DRUSEN-1193659-4.jpeg,512,496,253952,1.032,39.17,41.84,255,0,255,39.17,39.17,39.17,0
OCT,train,DRUSEN,DRUSEN-1193659-5.jpeg,768,496,380928,1.548,30.86,34.09,255,0,255,30.86,30.86,30.86,0
OCT,train,DRUSEN,DRUSEN-1202145-3.jpeg,768,496,380928,1.548,76.15,77.17,255,0,255,76.15,76.15,76.15,0
OCT,train,DRUSEN,DRUSEN-1202145-4.jpeg,768,496,380928,1.548,64.42,83.11,255,0,255,64.42,64.42,64.42,0
OCT,train,DRUSEN,DRUSEN-1202145-5.jpeg,768,496,380928,1.548,43.67,57.86,255,0,255,43.67,43.67,43.67,0
OCT,train,DRUSEN,DRUSEN-1202145-7.jpeg,768,496,380928,1.548,93.98,98.9,255,0,255,93.98,93.98,93.98,0
OCT,train,DRUSEN,DRUSEN-1202145-8.jpeg,512,496,253952,1.032,80.85,81.34,255,0,255,80.85,80.85,80.85,0
OCT,train,DRUSEN,DRUSEN-1206086-11.jpeg,512,496,253952,1.032,66.65,74.61,255,0,255,66.65,66.65,66.65,0
OCT,train,DRUSEN,DRUSEN-1206086-12.jpeg,512,496,253952,1.032,61.48,67.98,255,0,255,61.48,61.48,61.48,0
OCT,train,DRUSEN,DRUSEN-1206086-2.jpeg,1536,496,761856,3.097,43.02,42.8,255,0,255,43.02,43.02,43.02,0
OCT,train,DRUSEN,DRUSEN-1206086-5.jpeg,512,496,253952,1.032,59.86,44.3,255,0,255,59.86,59.86,59.86,0
OCT,train,DRUSEN,DRUSEN-1206086-6.jpeg,512,496,253952,1.032,47.96,50.16,255,0,255,47.96,47.96,47.96,0
OCT,train,DRUSEN,DRUSEN-1206086-8.jpeg,768,496,380928,1.548,41.76,39.84,255,0,255,41.76,41.76,41.76,0
OCT,train,DRUSEN,DRUSEN-1206086-9.jpeg,768,496,380928,1.548,23.31,24.32,255,0,255,23.31,23.31,23.31,0
OCT,train,DRUSEN,DRUSEN-1219727-1.jpeg,512,496,253952,1.032,57.08,64.25,255,0,255,57.08,57.08,57.08,0
OCT,train,DRUSEN,DRUSEN-1219727-2.jpeg,512,496,253952,1.032,30.65,69.16,255,0,255,30.65,30.65,30.65,0
OCT,train,DRUSEN,DRUSEN-1219727-4.jpeg,768,496,380928,1.548,41.55,42.71,255,0,255,41.55,41.55,41.55,0
OCT,train,DRUSEN,DRUSEN-1222350-1.jpeg,768,496,380928,1.548,85.14,95.39,255,0,255,85.14,85.14,85.14,0
OCT,train,DRUSEN,DRUSEN-1225603-1.jpeg,512,496,253952,1.032,41.9,36.41,255,0,255,41.9,41.9,41.9,0
OCT,train,DRUSEN,DRUSEN-1225603-11.jpeg,768,496,380928,1.548,30.37,35.75,255,0,255,30.37,30.37,30.37,0
OCT,train,DRUSEN,DRUSEN-1225603-12.jpeg,512,496,253952,1.032,56.08,57.5,255,0,255,56.08,56.08,56.08,0
OCT,train,DRUSEN,DRUSEN-1225603-14.jpeg,512,496,253952,1.032,51.55,50.04,255,0,255,51.55,51.55,51.55,0
OCT,train,DRUSEN,DRUSEN-1225603-15.jpeg,512,496,253952,1.032,48.43,46.3,255,0,255,48.43,48.43,48.43,0
OCT,train,DRUSEN,DRUSEN-1225603-17.jpeg,512,496,253952,1.032,40.3,45.05,255,0,255,40.3,40.3,40.3,0
OCT,train,DRUSEN,DRUSEN-1225603-18.jpeg,512,496,253952,1.032,44.37,51.39,255,0,255,44.37,44.37,44.37,0
OCT,train,DRUSEN,DRUSEN-1225603-19.jpeg,768,496,380928,1.548,33.57,35.11,255,0,255,33.57,33.57,33.57,0
OCT,train,DRUSEN,DRUSEN-1225603-22.jpeg,512,496,253952,1.032,45.55,50.41,255,0,255,45.55,45.55,45.55,0
OCT,train,DRUSEN,DRUSEN-1225603-25.jpeg,512,496,253952,1.032,51.27,64.47,255,0,255,51.27,51.27,51.27,0
OCT,train,DRUSEN,DRUSEN-1225603-27.jpeg,768,496,380928,1.548,32.38,34.46,255,0,255,32.38,32.38,32.38,0
OCT,train,DRUSEN,DRUSEN-1225603-29.jpeg,512,496,253952,1.032,57.74,64.96,255,0,255,57.74,57.74,57.74,0
OCT,train,DRUSEN,DRUSEN-1225603-33.jpeg,512,496,253952,1.032,48.15,50.73,255,0,255,48.15,48.15,48.15,0
OCT,train,DRUSEN,DRUSEN-1225603-34.jpeg,768,496,380928,1.548,38.09,37.54,255,0,255,38.09,38.09,38.09,0
OCT,train,DRUSEN,DRUSEN-1225603-36.jpeg,512,496,253952,1.032,45.95,49.3,255,0,255,45.95,45.95,45.95,0
OCT,train,DRUSEN,DRUSEN-1225603-38.jpeg,512,496,253952,1.032,43.33,45.35,255,0,255,43.33,43.33,43.33,0
OCT,train,DRUSEN,DRUSEN-1225603-39.jpeg,768,496,380928,1.548,33.71,36.04,255,0,255,33.71,33.71,33.71,0
OCT,train,DRUSEN,DRUSEN-1225603-4.jpeg,512,496,253952,1.032,48.08,45.84,255,0,255,48.08,48.08,48.08,0
OCT,train,DRUSEN,DRUSEN-1225603-41.jpeg,512,496,253952,1.032,40.78,40.79,255,0,255,40.78,40.78,40.78,0
OCT,train,DRUSEN,DRUSEN-1225603-43.jpeg,512,496,253952,1.032,44.88,47.94,255,0,255,44.88,44.88,44.88,0
OCT,train,DRUSEN,DRUSEN-1225603-45.jpeg,768,496,380928,1.548,32.2,37.14,255,0,255,32.2,32.2,32.2,0
OCT,train,DRUSEN,DRUSEN-1225603-46.jpeg,512,496,253952,1.032,61.54,62.31,255,0,255,61.54,61.54,61.54,0
OCT,train,DRUSEN,DRUSEN-1225603-47.jpeg,512,496,253952,1.032,56.64,60.05,255,0,255,56.64,56.64,56.64,0
OCT,train,DRUSEN,DRUSEN-1225603-48.jpeg,512,496,253952,1.032,48.78,47.83,255,0,255,48.78,48.78,48.78,0
OCT,train,DRUSEN,DRUSEN-1225603-49.jpeg,768,496,380928,1.548,35.69,38.79,255,0,255,35.69,35.69,35.69,0
OCT,train,DRUSEN,DRUSEN-1225603-5.jpeg,768,496,380928,1.548,35.57,38.41,255,0,255,35.57,35.57,35.57,0
OCT,train,DRUSEN,DRUSEN-1225603-52.jpeg,512,496,253952,1.032,43.84,46.37,255,0,255,43.84,43.84,43.84,0
OCT,train,DRUSEN,DRUSEN-1225603-54.jpeg,512,496,253952,1.032,42.62,43.2,255,0,255,42.62,42.62,42.62,0
OCT,train,DRUSEN,DRUSEN-1225603-56.jpeg,512,496,253952,1.032,41.52,43.01,255,0,255,41.52,41.52,41.52,0
OCT,train,DRUSEN,DRUSEN-1225603-58.jpeg,512,496,253952,1.032,47.88,58.9,255,0,255,47.88,47.88,47.88,0
OCT,train,DRUSEN,DRUSEN-1225603-61.jpeg,512,496,253952,1.032,44.04,51.06,255,0,255,44.04,44.04,44.04,0
OCT,train,DRUSEN,DRUSEN-1225603-63.jpeg,512,496,253952,1.032,68.48,73.59,255,0,255,68.48,68.48,68.48,0
OCT,train,DRUSEN,DRUSEN-1225603-65.jpeg,512,496,253952,1.032,40.33,41.84,255,0,255,40.33,40.33,40.33,0
OCT,train,DRUSEN,DRUSEN-1225603-66.jpeg,768,496,380928,1.548,35.28,40.65,255,0,255,35.28,35.28,35.28,0
OCT,train,DRUSEN,DRUSEN-1225603-67.jpeg,768,496,380928,1.548,34.77,38.84,255,0,255,34.77,34.77,34.77,0
OCT,train,DRUSEN,DRUSEN-1225603-68.jpeg,512,496,253952,1.032,48.04,45.65,255,0,255,48.04,48.04,48.04,0
OCT,train,DRUSEN,DRUSEN-1225603-7.jpeg,512,496,253952,1.032,43.18,43.49,255,0,255,43.18,43.18,43.18,0
OCT,train,DRUSEN,DRUSEN-1225603-71.jpeg,768,496,380928,1.548,43.36,42.33,255,0,255,43.36,43.36,43.36,0
OCT,train,DRUSEN,DRUSEN-1225603-72.jpeg,512,496,253952,1.032,59.43,68.36,255,0,255,59.43,59.43,59.43,0
OCT,train,DRUSEN,DRUSEN-1225603-73.jpeg,512,496,253952,1.032,47.81,51.91,255,0,255,47.81,47.81,47.81,0
OCT,train,DRUSEN,DRUSEN-1225603-74.jpeg,512,496,253952,1.032,47.23,46.61,255,0,255,47.23,47.23,47.23,0
OCT,train,DRUSEN,DRUSEN-1225603-75.jpeg,768,496,380928,1.548,36.21,40.26,255,0,255,36.21,36.21,36.21,0
OCT,train,DRUSEN,DRUSEN-1225603-76.jpeg,768,496,380928,1.548,32.71,36.65,255,0,255,32.71,32.71,32.71,0
OCT,train,DRUSEN,DRUSEN-1225603-9.jpeg,512,496,253952,1.032,46.0,47.28,255,0,255,46.0,46.0,46.0,0
OCT,train,DRUSEN,DRUSEN-1226510-1.jpeg,768,496,380928,1.548,44.38,44.27,255,0,255,44.38,44.38,44.38,0
OCT,train,DRUSEN,DRUSEN-1226510-3.jpeg,512,496,253952,1.032,66.91,64.7,255,0,255,66.91,66.91,66.91,0
OCT,train,DRUSEN,DRUSEN-1233824-1.jpeg,512,496,253952,1.032,39.05,52.61,255,0,255,39.05,39.05,39.05,0
OCT,train,DRUSEN,DRUSEN-1233824-2.jpeg,512,496,253952,1.032,42.51,64.39,255,0,255,42.51,42.51,42.51,0
OCT,train,DRUSEN,DRUSEN-1233824-3.jpeg,512,496,253952,1.032,47.9,65.45,255,0,255,47.9,47.9,47.9,0
OCT,train,DRUSEN,DRUSEN-1237848-1.jpeg,768,496,380928,1.548,32.64,34.58,255,0,255,32.64,32.64,32.64,0
OCT,train,DRUSEN,DRUSEN-1237848-10.jpeg,768,496,380928,1.548,34.57,36.01,255,0,255,34.57,34.57,34.57,0
OCT,train,DRUSEN,DRUSEN-1237848-11.jpeg,768,496,380928,1.548,36.51,40.01,255,0,255,36.51,36.51,36.51,0
OCT,train,DRUSEN,DRUSEN-1237848-14.jpeg,768,496,380928,1.548,40.57,38.13,255,0,255,40.57,40.57,40.57,0
OCT,train,DRUSEN,DRUSEN-1237848-16.jpeg,512,496,253952,1.032,41.87,41.0,255,0,255,41.87,41.87,41.87,0
OCT,train,DRUSEN,DRUSEN-1237848-18.jpeg,512,496,253952,1.032,41.79,40.68,255,0,255,41.79,41.79,41.79,0
OCT,train,DRUSEN,DRUSEN-1237848-2.jpeg,768,496,380928,1.548,30.94,32.37,255,0,255,30.94,30.94,30.94,0
OCT,train,DRUSEN,DRUSEN-1237848-21.jpeg,512,496,253952,1.032,41.87,53.32,255,0,255,41.87,41.87,41.87,0
OCT,train,DRUSEN,DRUSEN-1237848-23.jpeg,512,496,253952,1.032,43.91,59.31,255,0,255,43.91,43.91,43.91,0
OCT,train,DRUSEN,DRUSEN-1237848-24.jpeg,768,496,380928,1.548,40.34,38.97,255,0,255,40.34,40.34,40.34,0
OCT,train,DRUSEN,DRUSEN-1237848-25.jpeg,768,496,380928,1.548,33.62,32.85,255,0,255,33.62,33.62,33.62,0
OCT,train,DRUSEN,DRUSEN-1237848-26.jpeg,768,496,380928,1.548,31.73,32.5,255,0,255,31.73,31.73,31.73,0
OCT,train,DRUSEN,DRUSEN-1237848-28.jpeg,512,496,253952,1.032,63.01,73.25,255,0,255,63.01,63.01,63.01,0
OCT,train,DRUSEN,DRUSEN-1237848-3.jpeg,512,496,253952,1.032,48.16,53.51,255,0,255,48.16,48.16,48.16,0
OCT,train,DRUSEN,DRUSEN-1237848-30.jpeg,512,496,253952,1.032,47.23,65.3,255,0,255,47.23,47.23,47.23,0
OCT,train,DRUSEN,DRUSEN-1237848-32.jpeg,512,496,253952,1.032,44.75,51.2,255,0,255,44.75,44.75,44.75,0
OCT,train,DRUSEN,DRUSEN-1237848-33.jpeg,512,496,253952,1.032,41.29,54.17,255,0,255,41.29,41.29,41.29,0
OCT,train,DRUSEN,DRUSEN-1237848-34.jpeg,768,496,380928,1.548,25.42,25.86,255,0,255,25.42,25.42,25.42,0
OCT,train,DRUSEN,DRUSEN-1237848-35.jpeg,768,496,380928,1.548,28.41,27.19,255,0,255,28.41,28.41,28.41,0
OCT,train,DRUSEN,DRUSEN-1237848-36.jpeg,768,496,380928,1.548,41.71,38.31,255,0,255,41.71,41.71,41.71,0
OCT,train,DRUSEN,DRUSEN-1237848-37.jpeg,1536,496,761856,3.097,30.57,33.81,255,0,255,30.57,30.57,30.57,0
OCT,train,DRUSEN,DRUSEN-1237848-38.jpeg,1536,496,761856,3.097,23.28,24.96,255,0,255,23.28,23.28,23.28,0
OCT,train,DRUSEN,DRUSEN-1237848-39.jpeg,512,496,253952,1.032,44.64,41.31,255,0,255,44.64,44.64,44.64,0
OCT,train,DRUSEN,DRUSEN-1237848-40.jpeg,512,496,253952,1.032,49.99,51.0,255,0,255,49.99,49.99,49.99,0
OCT,train,DRUSEN,DRUSEN-1237848-41.jpeg,512,496,253952,1.032,49.51,53.34,255,0,255,49.51,49.51,49.51,0
OCT,train,DRUSEN,DRUSEN-1237848-43.jpeg,512,496,253952,1.032,43.87,48.07,255,0,255,43.87,43.87,43.87,0
OCT,train,DRUSEN,DRUSEN-1237848-44.jpeg,512,496,253952,1.032,37.84,48.4,255,0,255,37.84,37.84,37.84,0
OCT,train,DRUSEN,DRUSEN-1237848-45.jpeg,768,496,380928,1.548,28.54,31.55,255,0,255,28.54,28.54,28.54,0
OCT,train,DRUSEN,DRUSEN-1237848-46.jpeg,768,496,380928,1.548,24.13,26.58,255,0,255,24.13,24.13,24.13,0
OCT,train,DRUSEN,DRUSEN-1237848-49.jpeg,512,496,253952,1.032,56.35,52.45,255,0,255,56.35,56.35,56.35,0
OCT,train,DRUSEN,DRUSEN-1237848-5.jpeg,512,496,253952,1.032,42.2,42.85,255,0,255,42.2,42.2,42.2,0
OCT,train,DRUSEN,DRUSEN-1237848-50.jpeg,512,496,253952,1.032,52.94,48.11,255,0,255,52.94,52.94,52.94,0
OCT,train,DRUSEN,DRUSEN-1237848-53.jpeg,512,496,253952,1.032,36.2,37.28,255,0,255,36.2,36.2,36.2,0
OCT,train,DRUSEN,DRUSEN-1237848-54.jpeg,512,496,253952,1.032,31.69,38.15,255,0,255,31.69,31.69,31.69,0
OCT,train,DRUSEN,DRUSEN-1237848-55.jpeg,768,496,380928,1.548,37.03,37.4,255,0,255,37.03,37.03,37.03,0
OCT,train,DRUSEN,DRUSEN-1237848-56.jpeg,768,496,380928,1.548,40.75,38.44,255,0,255,40.75,40.75,40.75,0
OCT,train,DRUSEN,DRUSEN-1237848-57.jpeg,768,496,380928,1.548,52.12,47.44,255,0,255,52.12,52.12,52.12,0
OCT,train,DRUSEN,DRUSEN-1237848-58.jpeg,768,496,380928,1.548,31.69,35.11,255,0,255,31.69,31.69,31.69,0
OCT,train,DRUSEN,DRUSEN-1237848-59.jpeg,768,496,380928,1.548,33.79,36.02,255,0,255,33.79,33.79,33.79,0
OCT,train,DRUSEN,DRUSEN-1237848-6.jpeg,512,496,253952,1.032,53.63,58.71,255,0,255,53.63,53.63,53.63,0
OCT,train,DRUSEN,DRUSEN-1237848-61.jpeg,512,496,253952,1.032,72.98,80.75,255,0,255,72.98,72.98,72.98,0
OCT,train,DRUSEN,DRUSEN-1237848-62.jpeg,512,496,253952,1.032,76.08,82.28,255,0,255,76.08,76.08,76.08,0
OCT,train,DRUSEN,DRUSEN-1237848-63.jpeg,512,496,253952,1.032,53.23,69.51,255,0,255,53.23,53.23,53.23,0
OCT,train,DRUSEN,DRUSEN-1237848-64.jpeg,512,496,253952,1.032,65.33,73.97,255,0,255,65.33,65.33,65.33,0
OCT,train,DRUSEN,DRUSEN-1237848-65.jpeg,512,496,253952,1.032,71.21,75.43,255,0,255,71.21,71.21,71.21,0
OCT,train,DRUSEN,DRUSEN-1237848-66.jpeg,512,496,253952,1.032,77.03,78.55,255,0,255,77.03,77.03,77.03,0
OCT,train,DRUSEN,DRUSEN-1237848-70.jpeg,512,496,253952,1.032,63.42,77.96,255,0,255,63.42,63.42,63.42,0
OCT,train,DRUSEN,DRUSEN-1237848-72.jpeg,1536,496,761856,3.097,36.94,41.82,255,0,255,36.94,36.94,36.94,0
OCT,train,DRUSEN,DRUSEN-1237848-74.jpeg,512,496,253952,1.032,96.42,84.87,255,0,255,96.42,96.42,96.42,0
OCT,train,DRUSEN,DRUSEN-1237848-75.jpeg,512,496,253952,1.032,89.91,77.28,255,0,255,89.91,89.91,89.91,0
OCT,train,DRUSEN,DRUSEN-1237848-76.jpeg,512,496,253952,1.032,88.59,73.85,255,0,255,88.59,88.59,88.59,0
OCT,train,DRUSEN,DRUSEN-1237848-78.jpeg,512,496,253952,1.032,44.78,53.95,255,0,255,44.78,44.78,44.78,0
OCT,train,DRUSEN,DRUSEN-1237848-8.jpeg,512,496,253952,1.032,37.29,45.82,255,0,255,37.29,37.29,37.29,0
OCT,train,DRUSEN,DRUSEN-1237848-80.jpeg,768,496,380928,1.548,37.13,37.44,255,0,255,37.13,37.13,37.13,0
OCT,train,DRUSEN,DRUSEN-1237848-81.jpeg,768,496,380928,1.548,30.94,31.41,255,0,255,30.94,30.94,30.94,0
OCT,train,DRUSEN,DRUSEN-1237848-9.jpeg,512,496,253952,1.032,30.25,39.16,255,0,255,30.25,30.25,30.25,0
OCT,train,DRUSEN,DRUSEN-1246453-1.jpeg,512,496,253952,1.032,55.77,59.66,255,0,255,55.77,55.77,55.77,0
OCT,train,DRUSEN,DRUSEN-1246453-10.jpeg,512,496,253952,1.032,106.34,100.86,255,0,255,106.34,106.34,106.34,0
OCT,train,DRUSEN,DRUSEN-1246453-11.jpeg,512,496,253952,1.032,97.26,96.84,255,0,255,97.26,97.26,97.26,0
OCT,train,DRUSEN,DRUSEN-1246453-12.jpeg,512,496,253952,1.032,127.52,105.34,255,0,255,127.52,127.52,127.52,0
OCT,train,DRUSEN,DRUSEN-1246453-13.jpeg,512,496,253952,1.032,160.82,96.66,255,0,255,160.82,160.82,160.82,0
OCT,train,DRUSEN,DRUSEN-1246453-14.jpeg,512,496,253952,1.032,165.64,96.7,255,0,255,165.64,165.64,165.64,0
OCT,train,DRUSEN,DRUSEN-1246453-17.jpeg,512,496,253952,1.032,48.85,59.74,255,0,255,48.85,48.85,48.85,0
OCT,train,DRUSEN,DRUSEN-1246453-18.jpeg,512,496,253952,1.032,41.77,47.37,255,0,255,41.77,41.77,41.77,0
OCT,train,DRUSEN,DRUSEN-1246453-19.jpeg,512,496,253952,1.032,38.5,45.69,255,0,255,38.5,38.5,38.5,0
OCT,train,DRUSEN,DRUSEN-1246453-21.jpeg,512,496,253952,1.032,71.96,74.73,255,0,255,71.96,71.96,71.96,0
OCT,train,DRUSEN,DRUSEN-1246453-22.jpeg,512,496,253952,1.032,75.09,76.68,255,0,255,75.09,75.09,75.09,0
OCT,train,DRUSEN,DRUSEN-1246453-23.jpeg,512,496,253952,1.032,77.48,76.43,255,0,255,77.48,77.48,77.48,0
OCT,train,DRUSEN,DRUSEN-1246453-25.jpeg,768,496,380928,1.548,48.98,43.37,255,0,255,48.98,48.98,48.98,0
OCT,train,DRUSEN,DRUSEN-1246453-5.jpeg,512,496,253952,1.032,53.43,42.04,255,0,255,53.43,53.43,53.43,0
OCT,train,DRUSEN,DRUSEN-1246453-7.jpeg,512,496,253952,1.032,45.51,57.43,255,0,255,45.51,45.51,45.51,0
OCT,train,DRUSEN,DRUSEN-1246453-8.jpeg,512,496,253952,1.032,36.77,40.42,255,0,255,36.77,36.77,36.77,0
OCT,train,DRUSEN,DRUSEN-1283307-10.jpeg,512,496,253952,1.032,40.38,51.46,255,0,255,40.38,40.38,40.38,0
OCT,train,DRUSEN,DRUSEN-1283307-11.jpeg,512,496,253952,1.032,41.12,51.72,255,0,255,41.12,41.12,41.12,0
OCT,train,DRUSEN,DRUSEN-1283307-13.jpeg,512,496,253952,1.032,47.84,47.23,255,0,255,47.84,47.84,47.84,0
OCT,train,DRUSEN,DRUSEN-1283307-14.jpeg,768,496,380928,1.548,33.35,35.91,255,0,255,33.35,33.35,33.35,0
OCT,train,DRUSEN,DRUSEN-1283307-16.jpeg,512,496,253952,1.032,56.15,60.39,255,0,255,56.15,56.15,56.15,0
OCT,train,DRUSEN,DRUSEN-1283307-18.jpeg,512,496,253952,1.032,54.87,50.09,255,0,255,54.87,54.87,54.87,0
OCT,train,DRUSEN,DRUSEN-1283307-19.jpeg,1536,496,761856,3.097,33.03,34.25,255,0,255,33.03,33.03,33.03,0
OCT,train,DRUSEN,DRUSEN-1283307-2.jpeg,512,496,253952,1.032,37.43,37.37,255,0,255,37.43,37.43,37.43,0
OCT,train,DRUSEN,DRUSEN-1283307-20.jpeg,1536,496,761856,3.097,33.77,35.36,255,0,255,33.77,33.77,33.77,0
OCT,train,DRUSEN,DRUSEN-1283307-22.jpeg,512,496,253952,1.032,54.08,55.67,255,0,255,54.08,54.08,54.08,0
OCT,train,DRUSEN,DRUSEN-1283307-23.jpeg,512,496,253952,1.032,48.09,56.13,255,0,255,48.09,48.09,48.09,0
OCT,train,DRUSEN,DRUSEN-1283307-24.jpeg,768,496,380928,1.548,30.33,33.24,255,0,255,30.33,30.33,30.33,0
OCT,train,DRUSEN,DRUSEN-1283307-3.jpeg,512,496,253952,1.032,50.13,54.97,255,0,255,50.13,50.13,50.13,0
OCT,train,DRUSEN,DRUSEN-1283307-5.jpeg,768,496,380928,1.548,45.14,41.67,255,0,255,45.14,45.14,45.14,0
OCT,train,DRUSEN,DRUSEN-1283307-6.jpeg,768,496,380928,1.548,41.23,39.56,255,0,255,41.23,41.23,41.23,0
OCT,train,DRUSEN,DRUSEN-1283307-7.jpeg,1536,496,761856,3.097,27.05,32.32,255,0,255,27.05,27.05,27.05,0
OCT,train,DRUSEN,DRUSEN-1283307-8.jpeg,1536,496,761856,3.097,30.44,34.7,255,0,255,30.44,30.44,30.44,0
OCT,train,DRUSEN,DRUSEN-1292620-1.jpeg,512,496,253952,1.032,56.39,62.24,255,0,255,56.39,56.39,56.39,0
OCT,train,DRUSEN,DRUSEN-1292620-3.jpeg,512,496,253952,1.032,37.77,45.85,255,0,255,37.77,37.77,37.77,0
OCT,train,DRUSEN,DRUSEN-1292620-4.jpeg,768,496,380928,1.548,42.71,42.09,255,0,255,42.71,42.71,42.71,0
OCT,train,DRUSEN,DRUSEN-1292620-5.jpeg,768,496,380928,1.548,41.94,40.87,255,0,255,41.94,41.94,41.94,0
OCT,train,DRUSEN,DRUSEN-1295395-1.jpeg,512,496,253952,1.032,63.0,62.27,255,0,255,63.0,63.0,63.0,0
OCT,train,DRUSEN,DRUSEN-1295395-2.jpeg,512,496,253952,1.032,64.02,56.62,255,0,255,64.02,64.02,64.02,0
OCT,train,DRUSEN,DRUSEN-1305450-1.jpeg,768,496,380928,1.548,28.78,29.94,255,0,255,28.78,28.78,28.78,0
OCT,train,DRUSEN,DRUSEN-1326108-1.jpeg,512,496,253952,1.032,50.56,45.36,255,0,255,50.56,50.56,50.56,0
OCT,train,DRUSEN,DRUSEN-1327692-10.jpeg,768,496,380928,1.548,33.55,37.13,255,0,255,33.55,33.55,33.55,0
OCT,train,DRUSEN,DRUSEN-1327692-13.jpeg,512,496,253952,1.032,52.52,64.11,255,0,255,52.52,52.52,52.52,0
OCT,train,DRUSEN,DRUSEN-1327692-14.jpeg,512,496,253952,1.032,85.2,91.77,255,0,255,85.2,85.2,85.2,0
OCT,train,DRUSEN,DRUSEN-1327692-16.jpeg,768,496,380928,1.548,29.29,34.54,255,0,255,29.29,29.29,29.29,0
OCT,train,DRUSEN,DRUSEN-1327692-17.jpeg,768,496,380928,1.548,33.88,39.12,255,0,255,33.88,33.88,33.88,0
OCT,train,DRUSEN,DRUSEN-1327692-2.jpeg,1536,496,761856,3.097,34.23,33.98,255,0,255,34.23,34.23,34.23,0
OCT,train,DRUSEN,DRUSEN-1327692-5.jpeg,512,496,253952,1.032,46.87,49.09,255,0,255,46.87,46.87,46.87,0
OCT,train,DRUSEN,DRUSEN-1327692-9.jpeg,768,496,380928,1.548,30.64,36.43,255,0,255,30.64,30.64,30.64,0
OCT,train,DRUSEN,DRUSEN-1335032-1.jpeg,512,496,253952,1.032,40.13,44.68,255,0,255,40.13,40.13,40.13,0
OCT,train,DRUSEN,DRUSEN-1341538-1.jpeg,512,496,253952,1.032,60.44,59.86,255,0,255,60.44,60.44,60.44,0
OCT,train,DRUSEN,DRUSEN-1347813-1.jpeg,512,496,253952,1.032,56.7,69.02,255,0,255,56.7,56.7,56.7,0
OCT,train,DRUSEN,DRUSEN-1347813-2.jpeg,1024,496,507904,2.065,57.56,66.1,255,0,255,57.56,57.56,57.56,0
OCT,train,DRUSEN,DRUSEN-1347813-3.jpeg,1024,496,507904,2.065,44.58,41.64,255,0,255,44.58,44.58,44.58,0
OCT,train,DRUSEN,DRUSEN-1348350-1.jpeg,512,496,253952,1.032,35.89,48.81,255,0,255,35.89,35.89,35.89,0
OCT,train,DRUSEN,DRUSEN-1356232-1.jpeg,768,496,380928,1.548,36.89,35.26,255,0,255,36.89,36.89,36.89,0
OCT,train,DRUSEN,DRUSEN-1356232-2.jpeg,768,496,380928,1.548,31.75,34.45,255,0,255,31.75,31.75,31.75,0
OCT,train,DRUSEN,DRUSEN-1367689-1.jpeg,512,496,253952,1.032,68.2,69.1,255,0,255,68.2,68.2,68.2,0
OCT,train,DRUSEN,DRUSEN-1367689-2.jpeg,512,496,253952,1.032,89.6,88.4,255,0,255,89.6,89.6,89.6,0
OCT,train,DRUSEN,DRUSEN-1367689-3.jpeg,512,496,253952,1.032,89.63,88.71,255,0,255,89.63,89.63,89.63,0
OCT,train,DRUSEN,DRUSEN-1373359-1.jpeg,512,496,253952,1.032,41.96,45.44,255,0,255,41.96,41.96,41.96,0
OCT,train,DRUSEN,DRUSEN-1373359-2.jpeg,512,496,253952,1.032,39.35,44.65,255,0,255,39.35,39.35,39.35,0
OCT,train,DRUSEN,DRUSEN-1373359-3.jpeg,768,496,380928,1.548,44.99,43.92,255,0,255,44.99,44.99,44.99,0
OCT,train,DRUSEN,DRUSEN-1373359-4.jpeg,768,496,380928,1.548,43.63,46.33,255,0,255,43.63,43.63,43.63,0
OCT,train,DRUSEN,DRUSEN-1380233-1.jpeg,768,496,380928,1.548,36.45,33.78,255,0,255,36.45,36.45,36.45,0
OCT,train,DRUSEN,DRUSEN-1380233-4.jpeg,768,496,380928,1.548,36.12,35.9,255,0,255,36.12,36.12,36.12,0
OCT,train,DRUSEN,DRUSEN-1380233-6.jpeg,512,496,253952,1.032,38.01,44.17,255,0,255,38.01,38.01,38.01,0
OCT,train,DRUSEN,DRUSEN-1380233-7.jpeg,512,496,253952,1.032,41.63,46.56,255,0,255,41.63,41.63,41.63,0
OCT,train,DRUSEN,DRUSEN-1383370-1.jpeg,768,496,380928,1.548,34.56,40.02,255,0,255,34.56,34.56,34.56,0
OCT,train,DRUSEN,DRUSEN-1386426-1.jpeg,768,496,380928,1.548,28.5,30.9,255,0,255,28.5,28.5,28.5,0
OCT,train,DRUSEN,DRUSEN-1398504-1.jpeg,512,496,253952,1.032,42.56,43.86,255,0,255,42.56,42.56,42.56,0
OCT,train,DRUSEN,DRUSEN-1399466-1.jpeg,768,496,380928,1.548,38.79,36.71,255,0,255,38.79,38.79,38.79,0
OCT,train,DRUSEN,DRUSEN-1399466-2.jpeg,768,496,380928,1.548,39.2,36.72,255,0,255,39.2,39.2,39.2,0
OCT,train,DRUSEN,DRUSEN-1421450-1.jpeg,512,496,253952,1.032,41.61,40.35,255,0,255,41.61,41.61,41.61,0
OCT,train,DRUSEN,DRUSEN-142234-11.jpeg,512,496,253952,1.032,48.67,37.85,255,0,255,48.67,48.67,48.67,0
OCT,train,DRUSEN,DRUSEN-142234-12.jpeg,512,496,253952,1.032,49.64,41.67,255,0,255,49.64,49.64,49.64,0
OCT,train,DRUSEN,DRUSEN-142234-14.jpeg,512,496,253952,1.032,50.37,55.17,255,0,255,50.37,50.37,50.37,0
OCT,train,DRUSEN,DRUSEN-142234-15.jpeg,512,496,253952,1.032,39.27,39.32,255,0,255,39.27,39.27,39.27,0
OCT,train,DRUSEN,DRUSEN-142234-16.jpeg,512,496,253952,1.032,46.36,58.07,255,0,255,46.36,46.36,46.36,0
OCT,train,DRUSEN,DRUSEN-142234-17.jpeg,512,496,253952,1.032,33.8,34.42,255,0,255,33.8,33.8,33.8,0
OCT,train,DRUSEN,DRUSEN-142234-18.jpeg,512,496,253952,1.032,44.04,47.31,255,0,255,44.04,44.04,44.04,0
OCT,train,DRUSEN,DRUSEN-142234-2.jpeg,512,496,253952,1.032,46.64,59.19,255,0,255,46.64,46.64,46.64,0
OCT,train,DRUSEN,DRUSEN-142234-20.jpeg,1536,496,761856,3.097,31.83,34.91,255,0,255,31.83,31.83,31.83,0
OCT,train,DRUSEN,DRUSEN-142234-21.jpeg,512,496,253952,1.032,42.19,44.24,255,0,255,42.19,42.19,42.19,0
OCT,train,DRUSEN,DRUSEN-142234-22.jpeg,512,496,253952,1.032,45.89,47.58,255,0,255,45.89,45.89,45.89,0
OCT,train,DRUSEN,DRUSEN-142234-23.jpeg,512,496,253952,1.032,42.48,44.83,255,0,255,42.48,42.48,42.48,0
OCT,train,DRUSEN,DRUSEN-142234-24.jpeg,512,496,253952,1.032,48.78,60.49,255,0,255,48.78,48.78,48.78,0
OCT,train,DRUSEN,DRUSEN-142234-25.jpeg,512,496,253952,1.032,45.36,55.32,255,0,255,45.36,45.36,45.36,0
OCT,train,DRUSEN,DRUSEN-142234-26.jpeg,512,496,253952,1.032,45.57,53.49,255,0,255,45.57,45.57,45.57,0
OCT,train,DRUSEN,DRUSEN-142234-27.jpeg,768,496,380928,1.548,35.53,37.52,255,0,255,35.53,35.53,35.53,0
OCT,train,DRUSEN,DRUSEN-142234-3.jpeg,512,496,253952,1.032,49.7,58.51,255,0,255,49.7,49.7,49.7,0
OCT,train,DRUSEN,DRUSEN-142234-4.jpeg,512,496,253952,1.032,36.23,39.3,255,0,255,36.23,36.23,36.23,0
OCT,train,DRUSEN,DRUSEN-142234-5.jpeg,512,496,253952,1.032,46.15,56.1,255,0,255,46.15,46.15,46.15,0
OCT,train,DRUSEN,DRUSEN-142234-6.jpeg,512,496,253952,1.032,45.32,58.88,255,0,255,45.32,45.32,45.32,0
OCT,train,DRUSEN,DRUSEN-142234-7.jpeg,512,496,253952,1.032,44.37,59.81,255,0,255,44.37,44.37,44.37,0
OCT,train,DRUSEN,DRUSEN-142234-8.jpeg,768,496,380928,1.548,44.45,43.56,255,0,255,44.45,44.45,44.45,0
OCT,train,DRUSEN,DRUSEN-142234-9.jpeg,1536,496,761856,3.097,37.23,38.5,255,0,255,37.23,37.23,37.23,0
OCT,train,DRUSEN,DRUSEN-1440587-10.jpeg,512,496,253952,1.032,44.58,45.34,255,0,255,44.58,44.58,44.58,0
OCT,train,DRUSEN,DRUSEN-1440587-11.jpeg,512,496,253952,1.032,44.38,54.4,255,0,255,44.38,44.38,44.38,0
OCT,train,DRUSEN,DRUSEN-1440587-2.jpeg,768,496,380928,1.548,40.15,42.95,255,0,255,40.15,40.15,40.15,0
OCT,train,DRUSEN,DRUSEN-1440587-3.jpeg,512,496,253952,1.032,33.89,39.57,255,0,255,33.89,33.89,33.89,0
OCT,train,DRUSEN,DRUSEN-1440587-4.jpeg,768,496,380928,1.548,27.05,31.62,255,0,255,27.05,27.05,27.05,0
OCT,train,DRUSEN,DRUSEN-1440587-5.jpeg,512,496,253952,1.032,41.51,43.5,255,0,255,41.51,41.51,41.51,0
OCT,train,DRUSEN,DRUSEN-1440587-6.jpeg,512,496,253952,1.032,41.19,49.53,255,0,255,41.19,41.19,41.19,0
OCT,train,DRUSEN,DRUSEN-1440587-7.jpeg,512,496,253952,1.032,43.52,44.49,255,0,255,43.52,43.52,43.52,0
OCT,train,DRUSEN,DRUSEN-1440587-8.jpeg,512,496,253952,1.032,45.04,52.06,255,0,255,45.04,45.04,45.04,0
OCT,train,DRUSEN,DRUSEN-1440587-9.jpeg,512,496,253952,1.032,41.89,47.35,255,0,255,41.89,41.89,41.89,0
OCT,train,DRUSEN,DRUSEN-1455244-3.jpeg,768,496,380928,1.548,37.25,38.38,255,0,255,37.25,37.25,37.25,0
OCT,train,DRUSEN,DRUSEN-1455244-4.jpeg,512,496,253952,1.032,51.32,52.75,255,0,255,51.32,51.32,51.32,0
OCT,train,DRUSEN,DRUSEN-1455244-5.jpeg,512,496,253952,1.032,44.53,53.3,255,0,255,44.53,44.53,44.53,0
OCT,train,DRUSEN,DRUSEN-1462842-1.jpeg,512,496,253952,1.032,45.1,50.94,255,0,255,45.1,45.1,45.1,0
OCT,train,DRUSEN,DRUSEN-1483139-1.jpeg,768,496,380928,1.548,86.5,93.84,255,0,255,86.5,86.5,86.5,0
OCT,train,DRUSEN,DRUSEN-1487749-1.jpeg,768,496,380928,1.548,51.83,43.65,255,0,255,51.83,51.83,51.83,0
OCT,train,DRUSEN,DRUSEN-1487749-10.jpeg,768,496,380928,1.548,35.32,37.77,255,0,255,35.32,35.32,35.32,0
OCT,train,DRUSEN,DRUSEN-1487749-12.jpeg,768,496,380928,1.548,39.72,41.23,255,0,255,39.72,39.72,39.72,0
OCT,train,DRUSEN,DRUSEN-1487749-14.jpeg,768,496,380928,1.548,39.67,41.53,255,0,255,39.67,39.67,39.67,0
OCT,train,DRUSEN,DRUSEN-1487749-15.jpeg,768,496,380928,1.548,35.06,37.5,255,0,255,35.06,35.06,35.06,0
OCT,train,DRUSEN,DRUSEN-1487749-16.jpeg,512,496,253952,1.032,46.66,47.3,255,0,255,46.66,46.66,46.66,0
OCT,train,DRUSEN,DRUSEN-1487749-17.jpeg,512,496,253952,1.032,44.86,44.71,255,0,255,44.86,44.86,44.86,0
OCT,train,DRUSEN,DRUSEN-1487749-18.jpeg,512,496,253952,1.032,51.13,55.44,255,0,255,51.13,51.13,51.13,0
OCT,train,DRUSEN,DRUSEN-1487749-2.jpeg,768,496,380928,1.548,31.18,31.66,255,0,255,31.18,31.18,31.18,0
OCT,train,DRUSEN,DRUSEN-1487749-21.jpeg,512,496,253952,1.032,40.22,41.06,255,0,255,40.22,40.22,40.22,0
OCT,train,DRUSEN,DRUSEN-1487749-23.jpeg,512,496,253952,1.032,41.93,45.01,255,0,255,41.93,41.93,41.93,0
OCT,train,DRUSEN,DRUSEN-1487749-29.jpeg,1536,496,761856,3.097,40.52,40.22,255,0,255,40.52,40.52,40.52,0
OCT,train,DRUSEN,DRUSEN-1487749-3.jpeg,512,496,253952,1.032,47.91,50.82,255,0,255,47.91,47.91,47.91,0
OCT,train,DRUSEN,DRUSEN-1487749-31.jpeg,512,496,253952,1.032,36.04,45.96,255,0,255,36.04,36.04,36.04,0
OCT,train,DRUSEN,DRUSEN-1487749-32.jpeg,512,496,253952,1.032,50.06,57.06,255,0,255,50.06,50.06,50.06,0
OCT,train,DRUSEN,DRUSEN-1487749-33.jpeg,512,496,253952,1.032,42.9,46.76,255,0,255,42.9,42.9,42.9,0
OCT,train,DRUSEN,DRUSEN-1487749-34.jpeg,512,496,253952,1.032,38.86,42.09,255,0,255,38.86,38.86,38.86,0
OCT,train,DRUSEN,DRUSEN-1487749-35.jpeg,512,496,253952,1.032,44.88,50.7,255,0,255,44.88,44.88,44.88,0
OCT,train,DRUSEN,DRUSEN-1487749-37.jpeg,768,496,380928,1.548,32.4,37.45,255,0,255,32.4,32.4,32.4,0
OCT,train,DRUSEN,DRUSEN-1487749-38.jpeg,768,496,380928,1.548,37.5,40.51,255,0,255,37.5,37.5,37.5,0
OCT,train,DRUSEN,DRUSEN-1487749-39.jpeg,768,496,380928,1.548,38.99,41.37,255,0,255,38.99,38.99,38.99,0
OCT,train,DRUSEN,DRUSEN-1487749-40.jpeg,768,496,380928,1.548,38.43,42.49,255,0,255,38.43,38.43,38.43,0
OCT,train,DRUSEN,DRUSEN-1487749-41.jpeg,512,496,253952,1.032,49.81,48.78,255,0,255,49.81,49.81,49.81,0
OCT,train,DRUSEN,DRUSEN-1487749-42.jpeg,512,496,253952,1.032,52.94,54.54,255,0,255,52.94,52.94,52.94,0
OCT,train,DRUSEN,DRUSEN-1487749-43.jpeg,512,496,253952,1.032,47.49,47.95,255,0,255,47.49,47.49,47.49,0
OCT,train,DRUSEN,DRUSEN-1487749-46.jpeg,512,496,253952,1.032,48.3,50.54,255,0,255,48.3,48.3,48.3,0
OCT,train,DRUSEN,DRUSEN-1487749-47.jpeg,512,496,253952,1.032,49.92,53.79,255,0,255,49.92,49.92,49.92,0
OCT,train,DRUSEN,DRUSEN-1487749-48.jpeg,768,496,380928,1.548,34.1,37.59,255,0,255,34.1,34.1,34.1,0
OCT,train,DRUSEN,DRUSEN-1487749-5.jpeg,512,496,253952,1.032,50.47,55.54,255,0,255,50.47,50.47,50.47,0
OCT,train,DRUSEN,DRUSEN-1487749-6.jpeg,512,496,253952,1.032,43.52,44.33,255,0,255,43.52,43.52,43.52,0
OCT,train,DRUSEN,DRUSEN-1487749-7.jpeg,512,496,253952,1.032,44.5,47.08,255,0,255,44.5,44.5,44.5,0
OCT,train,DRUSEN,DRUSEN-1487749-8.jpeg,512,496,253952,1.032,40.38,43.4,255,0,255,40.38,40.38,40.38,0
OCT,train,DRUSEN,DRUSEN-1495986-2.jpeg,512,496,253952,1.032,48.46,65.25,255,0,255,48.46,48.46,48.46,0
OCT,train,DRUSEN,DRUSEN-1495986-4.jpeg,768,496,380928,1.548,38.81,39.15,255,0,255,38.81,38.81,38.81,0
OCT,train,DRUSEN,DRUSEN-1514075-1.jpeg,768,496,380928,1.548,31.76,34.62,255,0,255,31.76,31.76,31.76,0
OCT,train,DRUSEN,DRUSEN-1514075-10.jpeg,512,496,253952,1.032,39.18,41.43,255,0,255,39.18,39.18,39.18,0
OCT,train,DRUSEN,DRUSEN-1514075-11.jpeg,768,496,380928,1.548,30.7,34.71,255,0,255,30.7,30.7,30.7,0
OCT,train,DRUSEN,DRUSEN-1514075-12.jpeg,768,496,380928,1.548,36.92,38.78,255,0,255,36.92,36.92,36.92,0
OCT,train,DRUSEN,DRUSEN-1514075-16.jpeg,768,496,380928,1.548,27.01,28.38,255,0,255,27.01,27.01,27.01,0
OCT,train,DRUSEN,DRUSEN-1514075-18.jpeg,512,496,253952,1.032,35.15,45.01,255,0,255,35.15,35.15,35.15,0
OCT,train,DRUSEN,DRUSEN-1514075-19.jpeg,512,496,253952,1.032,37.67,46.33,255,0,255,37.67,37.67,37.67,0
OCT,train,DRUSEN,DRUSEN-1514075-2.jpeg,768,496,380928,1.548,40.42,41.64,255,0,255,40.42,40.42,40.42,0
OCT,train,DRUSEN,DRUSEN-1514075-20.jpeg,768,496,380928,1.548,32.37,33.78,255,0,255,32.37,32.37,32.37,0
OCT,train,DRUSEN,DRUSEN-1514075-21.jpeg,768,496,380928,1.548,42.53,39.92,255,0,255,42.53,42.53,42.53,0
OCT,train,DRUSEN,DRUSEN-1514075-22.jpeg,768,496,380928,1.548,42.09,41.56,255,0,255,42.09,42.09,42.09,0
OCT,train,DRUSEN,DRUSEN-1514075-23.jpeg,512,496,253952,1.032,42.15,43.82,255,0,255,42.15,42.15,42.15,0
OCT,train,DRUSEN,DRUSEN-1514075-24.jpeg,768,496,380928,1.548,41.1,41.65,255,0,255,41.1,41.1,41.1,0
OCT,train,DRUSEN,DRUSEN-1514075-25.jpeg,768,496,380928,1.548,32.81,30.94,255,0,255,32.81,32.81,32.81,0
OCT,train,DRUSEN,DRUSEN-1514075-3.jpeg,512,496,253952,1.032,30.72,41.57,255,0,255,30.72,30.72,30.72,0
OCT,train,DRUSEN,DRUSEN-1514075-4.jpeg,512,496,253952,1.032,42.97,50.91,255,0,255,42.97,42.97,42.97,0
OCT,train,DRUSEN,DRUSEN-1514075-6.jpeg,768,496,380928,1.548,35.41,36.1,255,0,255,35.41,35.41,35.41,0
OCT,train,DRUSEN,DRUSEN-1514075-7.jpeg,768,496,380928,1.548,44.5,44.66,255,0,255,44.5,44.5,44.5,0
OCT,train,DRUSEN,DRUSEN-1519086-1.jpeg,1536,496,761856,3.097,43.07,42.27,255,0,255,43.07,43.07,43.07,0
OCT,train,DRUSEN,DRUSEN-1530990-10.jpeg,768,496,380928,1.548,43.34,41.8,255,0,255,43.34,43.34,43.34,0
OCT,train,DRUSEN,DRUSEN-1530990-11.jpeg,768,496,380928,1.548,38.56,38.54,255,0,255,38.56,38.56,38.56,0
OCT,train,DRUSEN,DRUSEN-1530990-12.jpeg,512,496,253952,1.032,65.46,60.87,255,0,255,65.46,65.46,65.46,0
OCT,train,DRUSEN,DRUSEN-1530990-13.jpeg,512,496,253952,1.032,69.35,70.06,255,0,255,69.35,69.35,69.35,0
OCT,train,DRUSEN,DRUSEN-1530990-14.jpeg,512,496,253952,1.032,72.37,67.11,255,0,255,72.37,72.37,72.37,0
OCT,train,DRUSEN,DRUSEN-1530990-16.jpeg,512,496,253952,1.032,55.55,56.54,255,0,255,55.55,55.55,55.55,0
OCT,train,DRUSEN,DRUSEN-1530990-17.jpeg,512,496,253952,1.032,63.45,70.45,255,0,255,63.45,63.45,63.45,0
OCT,train,DRUSEN,DRUSEN-1530990-18.jpeg,768,496,380928,1.548,38.39,41.05,255,0,255,38.39,38.39,38.39,0
OCT,train,DRUSEN,DRUSEN-1530990-19.jpeg,768,496,380928,1.548,32.98,34.35,255,0,255,32.98,32.98,32.98,0
OCT,train,DRUSEN,DRUSEN-1530990-21.jpeg,512,496,253952,1.032,44.43,50.68,255,0,255,44.43,44.43,44.43,0
OCT,train,DRUSEN,DRUSEN-1530990-23.jpeg,512,496,253952,1.032,92.65,93.61,255,0,255,92.65,92.65,92.65,0
OCT,train,DRUSEN,DRUSEN-1530990-24.jpeg,768,496,380928,1.548,36.74,36.75,255,0,255,36.74,36.74,36.74,0
OCT,train,DRUSEN,DRUSEN-1530990-26.jpeg,512,496,253952,1.032,52.74,57.51,255,0,255,52.74,52.74,52.74,0
OCT,train,DRUSEN,DRUSEN-1530990-3.jpeg,768,496,380928,1.548,31.59,34.26,255,0,255,31.59,31.59,31.59,0
OCT,train,DRUSEN,DRUSEN-1530990-4.jpeg,512,496,253952,1.032,48.25,56.09,255,0,255,48.25,48.25,48.25,0
OCT,train,DRUSEN,DRUSEN-1530990-7.jpeg,512,496,253952,1.032,64.57,71.91,255,0,255,64.57,64.57,64.57,0
OCT,train,DRUSEN,DRUSEN-1530990-8.jpeg,512,496,253952,1.032,74.46,74.03,255,0,255,74.46,74.46,74.46,0
OCT,train,DRUSEN,DRUSEN-1530990-9.jpeg,768,496,380928,1.548,26.86,34.27,255,0,255,26.86,26.86,26.86,0
OCT,train,DRUSEN,DRUSEN-1557979-1.jpeg,768,496,380928,1.548,34.05,36.17,255,0,255,34.05,34.05,34.05,0
OCT,train,DRUSEN,DRUSEN-1557979-2.jpeg,768,496,380928,1.548,31.86,34.5,255,0,255,31.86,31.86,31.86,0
OCT,train,DRUSEN,DRUSEN-1568644-2.jpeg,768,496,380928,1.548,34.49,36.12,255,0,255,34.49,34.49,34.49,0
OCT,train,DRUSEN,DRUSEN-1577991-1.jpeg,768,496,380928,1.548,40.55,38.68,255,0,255,40.55,40.55,40.55,0
OCT,train,DRUSEN,DRUSEN-1577991-10.jpeg,512,496,253952,1.032,101.84,89.4,255,0,255,101.84,101.84,101.84,0
OCT,train,DRUSEN,DRUSEN-1577991-12.jpeg,512,496,253952,1.032,80.94,53.11,255,0,255,80.94,80.94,80.94,0
OCT,train,DRUSEN,DRUSEN-1577991-13.jpeg,1536,496,761856,3.097,47.13,42.79,255,0,255,47.13,47.13,47.13,0
OCT,train,DRUSEN,DRUSEN-1577991-15.jpeg,1536,496,761856,3.097,44.52,41.65,255,0,255,44.52,44.52,44.52,0
OCT,train,DRUSEN,DRUSEN-1577991-16.jpeg,1536,496,761856,3.097,49.27,44.87,255,0,255,49.27,49.27,49.27,0
OCT,train,DRUSEN,DRUSEN-1577991-17.jpeg,1536,496,761856,3.097,49.82,45.26,255,0,255,49.82,49.82,49.82,0
OCT,train,DRUSEN,DRUSEN-1577991-18.jpeg,1536,496,761856,3.097,48.37,44.15,255,0,255,48.37,48.37,48.37,0
OCT,train,DRUSEN,DRUSEN-1577991-3.jpeg,768,496,380928,1.548,40.15,40.26,255,0,255,40.15,40.15,40.15,0
OCT,train,DRUSEN,DRUSEN-1577991-4.jpeg,1536,496,761856,3.097,40.18,39.12,255,0,255,40.18,40.18,40.18,0
OCT,train,DRUSEN,DRUSEN-1577991-7.jpeg,1536,496,761856,3.097,40.32,39.26,255,0,255,40.32,40.32,40.32,0
OCT,train,DRUSEN,DRUSEN-1577991-8.jpeg,1536,496,761856,3.097,42.0,42.13,255,0,255,42.0,42.0,42.0,0
OCT,train,DRUSEN,DRUSEN-1581935-1.jpeg,768,496,380928,1.548,38.11,40.0,255,0,255,38.11,38.11,38.11,0
OCT,train,DRUSEN,DRUSEN-1581935-3.jpeg,1536,496,761856,3.097,96.65,93.88,255,0,255,96.65,96.65,96.65,0
OCT,train,DRUSEN,DRUSEN-1581935-4.jpeg,512,496,253952,1.032,47.15,55.4,255,0,255,47.15,47.15,47.15,0
OCT,train,DRUSEN,DRUSEN-1581935-5.jpeg,768,496,380928,1.548,32.69,33.08,255,0,255,32.69,32.69,32.69,0
OCT,train,DRUSEN,DRUSEN-1581935-6.jpeg,768,496,380928,1.548,32.38,33.67,255,0,255,32.38,32.38,32.38,0
OCT,train,DRUSEN,DRUSEN-1588792-1.jpeg,512,496,253952,1.032,58.1,64.33,255,0,255,58.1,58.1,58.1,0
OCT,train,DRUSEN,DRUSEN-1588792-2.jpeg,512,496,253952,1.032,56.89,64.02,255,0,255,56.89,56.89,56.89,0
OCT,train,DRUSEN,DRUSEN-1588792-6.jpeg,512,496,253952,1.032,43.08,55.29,255,0,255,43.08,43.08,43.08,0
OCT,train,NORMAL,NORMAL-1001772-1.jpeg,512,496,253952,1.032,42.23,53.75,255,0,255,42.23,42.23,42.23,0
OCT,train,NORMAL,NORMAL-1001772-6.jpeg,1536,496,761856,3.097,30.25,29.84,255,0,255,30.25,30.25,30.25,0
OCT,train,NORMAL,NORMAL-1004480-10.jpeg,512,496,253952,1.032,55.74,66.96,255,0,255,55.74,55.74,55.74,0
OCT,train,NORMAL,NORMAL-1004480-11.jpeg,512,496,253952,1.032,53.61,64.15,255,0,255,53.61,53.61,53.61,0
OCT,train,NORMAL,NORMAL-1004480-12.jpeg,512,496,253952,1.032,49.75,51.66,255,0,255,49.75,49.75,49.75,0
OCT,train,NORMAL,NORMAL-1004480-14.jpeg,768,496,380928,1.548,39.06,39.89,255,0,255,39.06,39.06,39.06,0
OCT,train,NORMAL,NORMAL-1004480-2.jpeg,512,496,253952,1.032,47.0,51.32,255,0,255,47.0,47.0,47.0,0
OCT,train,NORMAL,NORMAL-1004480-4.jpeg,512,496,253952,1.032,46.21,49.77,255,0,255,46.21,46.21,46.21,0
OCT,train,NORMAL,NORMAL-1004480-7.jpeg,768,496,380928,1.548,40.11,37.57,255,0,255,40.11,40.11,40.11,0
OCT,train,NORMAL,NORMAL-1004480-9.jpeg,768,496,380928,1.548,33.25,35.07,255,0,255,33.25,33.25,33.25,0
OCT,train,NORMAL,NORMAL-100580-3.jpeg,512,512,262144,1.0,41.39,48.04,255,0,255,41.39,41.39,41.39,0
OCT,train,NORMAL,NORMAL-100580-6.jpeg,512,512,262144,1.0,38.09,40.57,255,0,255,38.09,38.09,38.09,0
OCT,train,NORMAL,NORMAL-100580-7.jpeg,768,496,380928,1.548,38.24,41.12,255,0,255,38.24,38.24,38.24,0
OCT,train,NORMAL,NORMAL-1007507-1.jpeg,512,496,253952,1.032,72.71,78.81,255,0,255,72.71,72.71,72.71,0
OCT,train,NORMAL,NORMAL-1007507-2.jpeg,768,496,380928,1.548,35.88,37.57,255,0,255,35.88,35.88,35.88,0
OCT,train,NORMAL,NORMAL-1014193-1.jpeg,1536,496,761856,3.097,35.11,40.22,255,0,255,35.11,35.11,35.11,0
OCT,train,NORMAL,NORMAL-1014193-2.jpeg,512,496,253952,1.032,46.03,41.29,255,0,255,46.03,46.03,46.03,0
OCT,train,NORMAL,NORMAL-1014193-4.jpeg,512,496,253952,1.032,36.87,48.89,255,0,255,36.87,36.87,36.87,0
OCT,train,NORMAL,NORMAL-1014715-1.jpeg,768,496,380928,1.548,32.18,37.05,255,0,255,32.18,32.18,32.18,0
OCT,train,NORMAL,NORMAL-1014715-10.jpeg,512,496,253952,1.032,36.96,50.34,255,0,255,36.96,36.96,36.96,0
OCT,train,NORMAL,NORMAL-1014715-11.jpeg,512,496,253952,1.032,40.62,54.39,255,0,255,40.62,40.62,40.62,0
OCT,train,NORMAL,NORMAL-1014715-2.jpeg,768,496,380928,1.548,34.38,39.68,255,0,255,34.38,34.38,34.38,0
OCT,train,NORMAL,NORMAL-1014715-4.jpeg,512,496,253952,1.032,36.72,50.34,255,0,255,36.72,36.72,36.72,0
OCT,train,NORMAL,NORMAL-1014715-6.jpeg,512,496,253952,1.032,43.6,51.6,255,0,255,43.6,43.6,43.6,0
OCT,train,NORMAL,NORMAL-1014715-7.jpeg,512,496,253952,1.032,45.58,53.75,255,0,255,45.58,45.58,45.58,0
OCT,train,NORMAL,NORMAL-1014715-8.jpeg,1536,496,761856,3.097,22.99,30.85,255,0,255,22.99,22.99,22.99,0
OCT,train,NORMAL,NORMAL-1015755-1.jpeg,768,496,380928,1.548,39.51,41.07,255,0,255,39.51,39.51,39.51,0
OCT,train,NORMAL,NORMAL-1015755-10.jpeg,512,496,253952,1.032,49.8,53.82,255,0,255,49.8,49.8,49.8,0
OCT,train,NORMAL,NORMAL-1015755-11.jpeg,512,496,253952,1.032,43.65,46.0,255,0,255,43.65,43.65,43.65,0
OCT,train,NORMAL,NORMAL-1015755-12.jpeg,512,496,253952,1.032,68.41,79.85,255,0,255,68.41,68.41,68.41,0
OCT,train,NORMAL,NORMAL-1015755-13.jpeg,768,496,380928,1.548,46.3,41.56,255,0,255,46.3,46.3,46.3,0
OCT,train,NORMAL,NORMAL-1015755-14.jpeg,512,496,253952,1.032,52.28,52.71,255,0,255,52.28,52.28,52.28,0
OCT,train,NORMAL,NORMAL-1015755-16.jpeg,768,496,380928,1.548,56.58,52.82,255,0,255,56.58,56.58,56.58,0
OCT,train,NORMAL,NORMAL-1015755-17.jpeg,512,496,253952,1.032,97.56,75.38,255,0,255,97.56,97.56,97.56,0
OCT,train,NORMAL,NORMAL-1015755-19.jpeg,768,496,380928,1.548,38.19,38.15,255,0,255,38.19,38.19,38.19,0
OCT,train,NORMAL,NORMAL-1015755-2.jpeg,768,496,380928,1.548,40.08,40.63,255,0,255,40.08,40.08,40.08,0
OCT,train,NORMAL,NORMAL-1015755-20.jpeg,512,496,253952,1.032,43.97,43.54,255,0,255,43.97,43.97,43.97,0
OCT,train,NORMAL,NORMAL-1015755-3.jpeg,512,496,253952,1.032,45.03,48.18,255,0,255,45.03,45.03,45.03,0
OCT,train,NORMAL,NORMAL-1015755-6.jpeg,512,496,253952,1.032,45.31,41.8,255,0,255,45.31,45.31,45.31,0
OCT,train,NORMAL,NORMAL-1015755-7.jpeg,768,496,380928,1.548,55.89,44.89,255,0,255,55.89,55.89,55.89,0
OCT,train,NORMAL,NORMAL-1015755-8.jpeg,512,496,253952,1.032,107.25,72.61,255,0,255,107.25,107.25,107.25,0
OCT,train,NORMAL,NORMAL-1015755-9.jpeg,1536,496,761856,3.097,26.76,31.55,255,0,255,26.76,26.76,26.76,0
OCT,train,NORMAL,NORMAL-1016042-1.jpeg,512,512,262144,1.0,33.54,38.22,255,0,255,33.54,33.54,33.54,0
OCT,train,NORMAL,NORMAL-1016042-10.jpeg,512,512,262144,1.0,34.77,35.48,255,0,255,34.77,34.77,34.77,0
OCT,train,NORMAL,NORMAL-1016042-12.jpeg,512,512,262144,1.0,167.08,99.78,255,0,255,167.08,167.08,167.08,0
OCT,train,NORMAL,NORMAL-1016042-13.jpeg,512,512,262144,1.0,75.49,75.7,255,0,255,75.49,75.49,75.49,0
OCT,train,NORMAL,NORMAL-1016042-15.jpeg,512,512,262144,1.0,73.4,77.0,255,0,255,73.4,73.4,73.4,0
OCT,train,NORMAL,NORMAL-1016042-19.jpeg,512,512,262144,1.0,36.13,39.18,255,0,255,36.13,36.13,36.13,0
OCT,train,NORMAL,NORMAL-1016042-21.jpeg,512,512,262144,1.0,72.18,55.41,255,0,255,72.18,72.18,72.18,0
OCT,train,NORMAL,NORMAL-1016042-23.jpeg,512,512,262144,1.0,73.61,55.49,255,0,255,73.61,73.61,73.61,0
OCT,train,NORMAL,NORMAL-1016042-25.jpeg,512,512,262144,1.0,45.63,35.86,255,0,255,45.63,45.63,45.63,0
OCT,train,NORMAL,NORMAL-1016042-28.jpeg,512,512,262144,1.0,56.7,44.82,255,0,255,56.7,56.7,56.7,0
OCT,train,NORMAL,NORMAL-1016042-30.jpeg,512,512,262144,1.0,85.15,89.18,255,0,255,85.15,85.15,85.15,0
OCT,train,NORMAL,NORMAL-1016042-33.jpeg,512,512,262144,1.0,38.97,37.62,255,0,255,38.97,38.97,38.97,0
OCT,train,NORMAL,NORMAL-1016042-34.jpeg,512,512,262144,1.0,46.34,53.22,255,0,255,46.34,46.34,46.34,0
OCT,train,NORMAL,NORMAL-1016042-35.jpeg,512,512,262144,1.0,33.64,34.9,255,0,255,33.64,33.64,33.64,0
OCT,train,NORMAL,NORMAL-1016042-36.jpeg,512,512,262144,1.0,43.75,39.42,255,0,255,43.75,43.75,43.75,0
OCT,train,NORMAL,NORMAL-1016042-38.jpeg,512,512,262144,1.0,59.37,59.2,255,0,255,59.37,59.37,59.37,0
OCT,train,NORMAL,NORMAL-1016042-39.jpeg,512,512,262144,1.0,61.25,55.65,255,0,255,61.25,61.25,61.25,0
OCT,train,NORMAL,NORMAL-1016042-41.jpeg,512,512,262144,1.0,43.12,40.28,255,0,255,43.12,43.12,43.12,0
OCT,train,NORMAL,NORMAL-1016042-43.jpeg,512,512,262144,1.0,42.93,39.27,255,0,255,42.93,42.93,42.93,0
OCT,train,NORMAL,NORMAL-1016042-47.jpeg,512,512,262144,1.0,43.48,40.89,255,0,255,43.48,43.48,43.48,0
OCT,train,NORMAL,NORMAL-1016042-48.jpeg,512,512,262144,1.0,51.55,49.28,255,0,255,51.55,51.55,51.55,0
OCT,train,NORMAL,NORMAL-1016042-49.jpeg,512,512,262144,1.0,54.71,52.64,255,0,255,54.71,54.71,54.71,0
OCT,train,NORMAL,NORMAL-1016042-50.jpeg,512,512,262144,1.0,60.24,48.89,255,0,255,60.24,60.24,60.24,0
OCT,train,NORMAL,NORMAL-1016042-53.jpeg,512,512,262144,1.0,23.68,26.11,255,0,255,23.68,23.68,23.68,0
OCT,train,NORMAL,NORMAL-1016042-54.jpeg,512,512,262144,1.0,40.25,38.42,255,0,255,40.25,40.25,40.25,0
OCT,train,NORMAL,NORMAL-1016042-59.jpeg,512,512,262144,1.0,42.68,42.92,255,0,255,42.68,42.68,42.68,0
OCT,train,NORMAL,NORMAL-1016042-6.jpeg,512,512,262144,1.0,76.26,80.73,255,0,255,76.26,76.26,76.26,0
OCT,train,NORMAL,NORMAL-1016042-62.jpeg,512,512,262144,1.0,48.88,53.07,255,0,255,48.88,48.88,48.88,0
OCT,train,NORMAL,NORMAL-1016042-63.jpeg,512,512,262144,1.0,40.58,48.78,255,0,255,40.58,40.58,40.58,0
OCT,train,NORMAL,NORMAL-1016042-8.jpeg,512,512,262144,1.0,50.61,57.66,255,0,255,50.61,50.61,50.61,0
OCT,train,NORMAL,NORMAL-1016710-2.jpeg,512,496,253952,1.032,48.2,48.83,255,0,255,48.2,48.2,48.2,0
OCT,train,NORMAL,NORMAL-1016710-3.jpeg,512,496,253952,1.032,48.87,51.19,255,0,255,48.87,48.87,48.87,0
OCT,train,NORMAL,NORMAL-1016710-5.jpeg,768,496,380928,1.548,27.56,37.11,255,0,255,27.56,27.56,27.56,0
OCT,train,NORMAL,NORMAL-1017127-1.jpeg,1536,496,761856,3.097,30.98,34.4,255,0,255,30.98,30.98,30.98,0
OCT,train,NORMAL,NORMAL-1017127-2.jpeg,512,496,253952,1.032,47.13,48.3,255,0,255,47.13,47.13,47.13,0
OCT,train,NORMAL,NORMAL-1017127-3.jpeg,512,496,253952,1.032,43.7,44.52,255,0,255,43.7,43.7,43.7,0
OCT,train,NORMAL,NORMAL-1017237-1.jpeg,1536,496,761856,3.097,37.46,35.36,255,0,255,37.46,37.46,37.46,0
OCT,train,NORMAL,NORMAL-1017237-4.jpeg,512,496,253952,1.032,44.3,40.79,255,0,255,44.3,44.3,44.3,0
OCT,train,NORMAL,NORMAL-1017237-6.jpeg,512,496,253952,1.032,56.93,54.57,255,0,255,56.93,56.93,56.93,0
OCT,train,NORMAL,NORMAL-1017885-1.jpeg,768,496,380928,1.548,34.81,37.7,255,0,255,34.81,34.81,34.81,0
OCT,train,NORMAL,NORMAL-1017885-2.jpeg,512,496,253952,1.032,64.7,75.61,255,0,255,64.7,64.7,64.7,0
OCT,train,NORMAL,NORMAL-1017885-3.jpeg,512,496,253952,1.032,61.87,71.78,255,0,255,61.87,61.87,61.87,0
OCT,train,NORMAL,NORMAL-1017885-5.jpeg,768,496,380928,1.548,30.04,32.78,255,0,255,30.04,30.04,30.04,0
OCT,train,NORMAL,NORMAL-1017885-6.jpeg,512,496,253952,1.032,37.24,43.01,255,0,255,37.24,37.24,37.24,0
OCT,train,NORMAL,NORMAL-101880-1.jpeg,512,496,253952,1.032,45.8,49.76,255,0,255,45.8,45.8,45.8,0
OCT,train,NORMAL,NORMAL-101880-4.jpeg,768,496,380928,1.548,33.35,42.05,255,0,255,33.35,33.35,33.35,0
OCT,train,NORMAL,NORMAL-101880-7.jpeg,768,496,380928,1.548,26.89,29.19,255,0,255,26.89,26.89,26.89,0
OCT,train,NORMAL,NORMAL-1020679-1.jpeg,512,496,253952,1.032,47.93,59.36,255,0,255,47.93,47.93,47.93,0
OCT,train,NORMAL,NORMAL-1021530-1.jpeg,512,496,253952,1.032,48.35,57.06,255,0,255,48.35,48.35,48.35,0
OCT,train,NORMAL,NORMAL-1022943-2.jpeg,512,496,253952,1.032,36.27,43.06,255,0,255,36.27,36.27,36.27,0
OCT,train,NORMAL,NORMAL-1022943-3.jpeg,512,496,253952,1.032,45.94,62.3,255,0,255,45.94,45.94,45.94,0
OCT,train,NORMAL,NORMAL-1025847-1.jpeg,768,496,380928,1.548,38.64,40.91,255,0,255,38.64,38.64,38.64,0
OCT,train,NORMAL,NORMAL-1025847-3.jpeg,512,496,253952,1.032,44.78,44.97,255,0,255,44.78,44.78,44.78,0
OCT,train,NORMAL,NORMAL-1025847-4.jpeg,512,496,253952,1.032,46.58,46.32,255,0,255,46.58,46.58,46.58,0
OCT,train,NORMAL,NORMAL-1025847-6.jpeg,768,496,380928,1.548,30.48,31.28,255,0,255,30.48,30.48,30.48,0
OCT,train,NORMAL,NORMAL-1025847-7.jpeg,512,496,253952,1.032,58.66,42.35,255,0,255,58.66,58.66,58.66,0
OCT,train,NORMAL,NORMAL-1025847-8.jpeg,512,496,253952,1.032,50.6,39.48,255,0,255,50.6,50.6,50.6,0
OCT,train,NORMAL,NORMAL-1027133-10.jpeg,768,496,380928,1.548,29.16,34.82,255,0,255,29.16,29.16,29.16,0
OCT,train,NORMAL,NORMAL-1027133-3.jpeg,768,496,380928,1.548,36.8,46.84,255,0,255,36.8,36.8,36.8,0
OCT,train,NORMAL,NORMAL-1027133-4.jpeg,512,496,253952,1.032,74.52,86.41,255,0,255,74.52,74.52,74.52,0
OCT,train,NORMAL,NORMAL-1027133-6.jpeg,512,496,253952,1.032,40.65,48.78,255,0,255,40.65,40.65,40.65,0
OCT,train,NORMAL,NORMAL-1027133-8.jpeg,512,496,253952,1.032,46.72,42.65,255,0,255,46.72,46.72,46.72,0
OCT,train,NORMAL,NORMAL-1027133-9.jpeg,512,496,253952,1.032,49.34,45.0,255,0,255,49.34,49.34,49.34,0
OCT,train,NORMAL,NORMAL-1027829-1.jpeg,1536,496,761856,3.097,47.01,45.24,255,0,255,47.01,47.01,47.01,0
OCT,train,NORMAL,NORMAL-1027829-2.jpeg,768,496,380928,1.548,33.29,30.85,255,0,255,33.29,33.29,33.29,0
OCT,train,NORMAL,NORMAL-1028077-2.jpeg,768,496,380928,1.548,37.31,36.64,255,0,255,37.31,37.31,37.31,0
OCT,train,NORMAL,NORMAL-1038232-1.jpeg,512,512,262144,1.0,39.01,40.19,255,0,255,39.01,39.01,39.01,0
OCT,train,NORMAL,NORMAL-1038232-11.jpeg,512,512,262144,1.0,57.62,69.6,255,0,255,57.62,57.62,57.62,0
OCT,train,NORMAL,NORMAL-1038232-12.jpeg,512,512,262144,1.0,59.87,72.42,255,0,255,59.87,59.87,59.87,0
OCT,train,NORMAL,NORMAL-1038232-13.jpeg,512,512,262144,1.0,24.5,29.74,255,0,255,24.5,24.5,24.5,0
OCT,train,NORMAL,NORMAL-1038232-14.jpeg,512,512,262144,1.0,27.21,28.84,255,0,255,27.21,27.21,27.21,0
OCT,train,NORMAL,NORMAL-1038232-2.jpeg,512,512,262144,1.0,53.55,61.62,255,0,255,53.55,53.55,53.55,0
OCT,train,NORMAL,NORMAL-1038232-3.jpeg,512,512,262144,1.0,31.28,34.59,255,0,255,31.28,31.28,31.28,0
OCT,train,NORMAL,NORMAL-1038232-4.jpeg,512,512,262144,1.0,99.38,94.85,255,0,255,99.38,99.38,99.38,0
OCT,train,NORMAL,NORMAL-1038232-6.jpeg,512,512,262144,1.0,48.1,43.7,255,0,255,48.1,48.1,48.1,0
OCT,train,NORMAL,NORMAL-1038232-7.jpeg,512,512,262144,1.0,46.04,45.06,255,0,255,46.04,46.04,46.04,0
OCT,train,NORMAL,NORMAL-1038998-1.jpeg,1536,496,761856,3.097,65.26,74.78,255,0,255,65.26,65.26,65.26,0
OCT,train,NORMAL,NORMAL-1038998-10.jpeg,512,496,253952,1.032,54.23,57.88,255,0,255,54.23,54.23,54.23,0
OCT,train,NORMAL,NORMAL-1038998-11.jpeg,512,496,253952,1.032,54.66,58.93,255,0,255,54.66,54.66,54.66,0
OCT,train,NORMAL,NORMAL-1038998-12.jpeg,1536,496,761856,3.097,86.11,98.64,255,0,255,86.11,86.11,86.11,0
OCT,train,NORMAL,NORMAL-1038998-13.jpeg,512,496,253952,1.032,57.04,65.0,255,0,255,57.04,57.04,57.04,0
OCT,train,NORMAL,NORMAL-1038998-16.jpeg,512,496,253952,1.032,93.41,79.35,255,0,255,93.41,93.41,93.41,0
OCT,train,NORMAL,NORMAL-1038998-18.jpeg,512,496,253952,1.032,93.88,82.5,255,0,255,93.88,93.88,93.88,0
OCT,train,NORMAL,NORMAL-1038998-19.jpeg,768,496,380928,1.548,58.73,73.79,255,0,255,58.73,58.73,58.73,0
OCT,train,NORMAL,NORMAL-1038998-2.jpeg,1536,496,761856,3.097,63.67,69.2,255,0,255,63.67,63.67,63.67,0
OCT,train,NORMAL,NORMAL-1038998-3.jpeg,512,496,253952,1.032,59.57,54.29,255,0,255,59.57,59.57,59.57,0
OCT,train,NORMAL,NORMAL-1038998-8.jpeg,512,496,253952,1.032,58.99,59.01,255,0,255,58.99,58.99,58.99,0
OCT,train,NORMAL,NORMAL-1038998-9.jpeg,1536,496,761856,3.097,35.66,41.96,255,0,255,35.66,35.66,35.66,0
OCT,train,NORMAL,NORMAL-1039105-1.jpeg,512,496,253952,1.032,51.36,42.25,255,0,255,51.36,51.36,51.36,0
OCT,train,NORMAL,NORMAL-1039105-10.jpeg,1536,496,761856,3.097,23.13,26.71,255,0,255,23.13,23.13,23.13,0
OCT,train,NORMAL,NORMAL-1039105-11.jpeg,512,496,253952,1.032,47.12,46.91,255,0,255,47.12,47.12,47.12,0
OCT,train,NORMAL,NORMAL-1039105-4.jpeg,768,496,380928,1.548,41.56,38.82,255,0,255,41.56,41.56,41.56,0
OCT,train,NORMAL,NORMAL-1039105-5.jpeg,1536,496,761856,3.097,33.43,35.71,255,0,255,33.43,33.43,33.43,0
OCT,train,NORMAL,NORMAL-1039105-6.jpeg,512,496,253952,1.032,39.75,40.6,255,0,255,39.75,39.75,39.75,0
OCT,train,NORMAL,NORMAL-1039105-9.jpeg,768,496,380928,1.548,39.74,39.99,255,0,255,39.74,39.74,39.74,0
OCT,train,NORMAL,NORMAL-1042176-1.jpeg,512,496,253952,1.032,57.33,59.61,255,0,255,57.33,57.33,57.33,0
OCT,train,NORMAL,NORMAL-1042461-1.jpeg,768,496,380928,1.548,40.76,44.03,255,0,255,40.76,40.76,40.76,0
OCT,train,NORMAL,NORMAL-1042461-2.jpeg,768,496,380928,1.548,40.37,43.38,255,0,255,40.37,40.37,40.37,0
OCT,train,NORMAL,NORMAL-1042462-1.jpeg,1536,496,761856,3.097,35.05,38.04,255,0,255,35.05,35.05,35.05,0
OCT,train,NORMAL,NORMAL-1042462-3.jpeg,512,496,253952,1.032,38.78,40.7,255,0,255,38.78,38.78,38.78,0
OCT,train,NORMAL,NORMAL-1042462-4.jpeg,1536,496,761856,3.097,36.75,40.72,255,0,255,36.75,36.75,36.75,0
OCT,train,NORMAL,NORMAL-104305-2.jpeg,512,496,253952,1.032,39.65,44.43,255,0,255,39.65,39.65,39.65,0
OCT,train,NORMAL,NORMAL-1043756-1.jpeg,512,496,253952,1.032,53.4,58.68,255,0,255,53.4,53.4,53.4,0
OCT,train,NORMAL,NORMAL-1044791-2.jpeg,768,496,380928,1.548,40.01,38.47,255,0,255,40.01,40.01,40.01,0
OCT,train,NORMAL,NORMAL-1044791-4.jpeg,512,496,253952,1.032,89.42,71.07,255,0,255,89.42,89.42,89.42,0
OCT,train,NORMAL,NORMAL-1044791-6.jpeg,512,496,253952,1.032,84.85,72.95,255,0,255,84.85,84.85,84.85,0
OCT,train,NORMAL,NORMAL-1044791-7.jpeg,768,496,380928,1.548,33.65,40.85,255,0,255,33.65,33.65,33.65,0
OCT,train,NORMAL,NORMAL-1045896-3.jpeg,512,496,253952,1.032,109.75,76.17,255,0,255,109.75,109.75,109.75,0
OCT,train,NORMAL,NORMAL-1047298-1.jpeg,768,496,380928,1.548,35.14,36.62,255,0,255,35.14,35.14,35.14,0
OCT,train,NORMAL,NORMAL-1047298-2.jpeg,512,496,253952,1.032,43.4,39.69,255,0,255,43.4,43.4,43.4,0
OCT,train,NORMAL,NORMAL-1047298-3.jpeg,1536,496,761856,3.097,31.79,34.53,255,0,255,31.79,31.79,31.79,0
OCT,train,NORMAL,NORMAL-1047298-4.jpeg,1536,496,761856,3.097,28.43,31.94,255,0,255,28.43,28.43,28.43,0
OCT,train,NORMAL,NORMAL-1047298-6.jpeg,1536,496,761856,3.097,32.15,34.32,255,0,255,32.15,32.15,32.15,0
OCT,train,NORMAL,NORMAL-1047298-7.jpeg,512,496,253952,1.032,46.92,52.21,255,0,255,46.92,46.92,46.92,0
OCT,train,NORMAL,NORMAL-1047298-8.jpeg,768,496,380928,1.548,41.67,36.24,255,0,255,41.67,41.67,41.67,0
OCT,train,NORMAL,NORMAL-1047578-1.jpeg,512,496,253952,1.032,85.45,87.5,255,0,255,85.45,85.45,85.45,0
OCT,train,NORMAL,NORMAL-1047578-2.jpeg,512,496,253952,1.032,90.11,89.91,255,0,255,90.11,90.11,90.11,0
OCT,train,NORMAL,NORMAL-1047578-3.jpeg,768,496,380928,1.548,40.63,42.59,255,0,255,40.63,40.63,40.63,0
OCT,train,NORMAL,NORMAL-1052624-1.jpeg,768,496,380928,1.548,34.11,36.82,255,0,255,34.11,34.11,34.11,0
OCT,train,NORMAL,NORMAL-1052624-4.jpeg,768,496,380928,1.548,39.56,42.01,255,0,255,39.56,39.56,39.56,0
OCT,train,NORMAL,NORMAL-1056057-1.jpeg,768,496,380928,1.548,32.59,35.64,255,0,255,32.59,32.59,32.59,0
OCT,train,NORMAL,NORMAL-1056057-2.jpeg,512,496,253952,1.032,71.95,76.81,255,0,255,71.95,71.95,71.95,0
OCT,train,NORMAL,NORMAL-1056057-3.jpeg,512,496,253952,1.032,41.98,47.99,255,0,255,41.98,41.98,41.98,0
OCT,train,NORMAL,NORMAL-1056057-4.jpeg,512,496,253952,1.032,40.54,45.74,255,0,255,40.54,40.54,40.54,0
OCT,train,NORMAL,NORMAL-1058176-1.jpeg,768,496,380928,1.548,29.82,34.24,255,0,255,29.82,29.82,29.82,0
OCT,train,NORMAL,NORMAL-1058176-3.jpeg,512,496,253952,1.032,49.73,48.73,255,0,255,49.73,49.73,49.73,0
OCT,train,NORMAL,NORMAL-1058176-4.jpeg,768,496,380928,1.548,34.74,35.62,255,0,255,34.74,34.74,34.74,0
OCT,train,NORMAL,NORMAL-1058732-1.jpeg,1536,496,761856,3.097,38.68,38.69,255,0,255,38.68,38.68,38.68,0
OCT,train,NORMAL,NORMAL-1058732-2.jpeg,1536,496,761856,3.097,30.38,32.98,255,0,255,30.38,30.38,30.38,0
OCT,train,NORMAL,NORMAL-1058732-4.jpeg,512,496,253952,1.032,59.04,51.81,255,0,255,59.04,59.04,59.04,0
OCT,train,NORMAL,NORMAL-1059251-4.jpeg,512,496,253952,1.032,48.64,63.29,255,0,255,48.64,48.64,48.64,0
OCT,train,NORMAL,NORMAL-1059251-5.jpeg,512,496,253952,1.032,61.9,78.35,255,0,255,61.9,61.9,61.9,0
OCT,train,NORMAL,NORMAL-1059251-6.jpeg,768,496,380928,1.548,35.27,39.88,255,0,255,35.27,35.27,35.27,0
OCT,train,NORMAL,NORMAL-1059251-7.jpeg,768,496,380928,1.548,36.46,41.66,255,0,255,36.46,36.46,36.46,0
OCT,train,NORMAL,NORMAL-1061818-1.jpeg,512,496,253952,1.032,60.05,70.51,255,0,255,60.05,60.05,60.05,0
OCT,train,NORMAL,NORMAL-1061818-2.jpeg,768,496,380928,1.548,91.22,97.98,255,0,255,91.22,91.22,91.22,0
OCT,train,NORMAL,NORMAL-1061818-4.jpeg,512,496,253952,1.032,35.24,43.08,255,0,255,35.24,35.24,35.24,0
OCT,train,NORMAL,NORMAL-1061818-5.jpeg,512,496,253952,1.032,37.55,41.89,255,0,255,37.55,37.55,37.55,0
OCT,train,NORMAL,NORMAL-1063128-1.jpeg,768,496,380928,1.548,30.39,35.77,255,0,255,30.39,30.39,30.39,0
OCT,train,NORMAL,NORMAL-1063128-3.jpeg,512,496,253952,1.032,43.06,48.56,255,0,255,43.06,43.06,43.06,0
OCT,train,NORMAL,NORMAL-1063128-5.jpeg,1536,496,761856,3.097,31.24,35.85,255,0,255,31.24,31.24,31.24,0
OCT,train,NORMAL,NORMAL-1063128-7.jpeg,512,496,253952,1.032,47.83,60.42,255,0,255,47.83,47.83,47.83,0
OCT,train,NORMAL,NORMAL-1067440-1.jpeg,768,496,380928,1.548,28.73,33.8,255,0,255,28.73,28.73,28.73,0
OCT,train,NORMAL,NORMAL-1067440-11.jpeg,512,496,253952,1.032,35.69,47.24,255,0,255,35.69,35.69,35.69,0
OCT,train,NORMAL,NORMAL-1067440-15.jpeg,1536,496,761856,3.097,30.61,36.12,255,0,255,30.61,30.61,30.61,0
OCT,train,NORMAL,NORMAL-1067440-16.jpeg,512,496,253952,1.032,44.99,63.52,255,0,255,44.99,44.99,44.99,0
OCT,train,NORMAL,NORMAL-1067440-18.jpeg,512,496,253952,1.032,43.57,52.64,255,0,255,43.57,43.57,43.57,0
OCT,train,NORMAL,NORMAL-1067440-19.jpeg,512,496,253952,1.032,40.81,47.58,255,0,255,40.81,40.81,40.81,0
OCT,train,NORMAL,NORMAL-1067440-3.jpeg,512,496,253952,1.032,36.4,43.06,255,0,255,36.4,36.4,36.4,0
OCT,train,NORMAL,NORMAL-1067440-4.jpeg,512,496,253952,1.032,36.85,43.92,255,0,255,36.85,36.85,36.85,0
OCT,train,NORMAL,NORMAL-1067440-5.jpeg,768,496,380928,1.548,34.56,37.19,255,0,255,34.56,34.56,34.56,0
OCT,train,NORMAL,NORMAL-1067440-6.jpeg,768,496,380928,1.548,33.96,38.01,255,0,255,33.96,33.96,33.96,0
OCT,train,NORMAL,NORMAL-1071418-2.jpeg,512,496,253952,1.032,82.51,76.93,255,0,255,82.51,82.51,82.51,0
OCT,train,NORMAL,NORMAL-1071418-4.jpeg,512,496,253952,1.032,97.95,84.75,255,0,255,97.95,97.95,97.95,0
OCT,train,NORMAL,NORMAL-1071418-5.jpeg,512,496,253952,1.032,72.91,73.76,255,0,255,72.91,72.91,72.91,0
OCT,train,NORMAL,NORMAL-1071418-6.jpeg,768,496,380928,1.548,43.04,44.04,255,0,255,43.04,43.04,43.04,0
OCT,train,NORMAL,NORMAL-1073137-3.jpeg,768,496,380928,1.548,105.03,100.55,255,0,255,105.03,105.03,105.03,0
OCT,train,NORMAL,NORMAL-1073137-4.jpeg,512,496,253952,1.032,66.77,65.59,255,0,255,66.77,66.77,66.77,0
OCT,train,NORMAL,NORMAL-1073137-5.jpeg,768,496,380928,1.548,91.64,94.77,255,0,255,91.64,91.64,91.64,0
OCT,train,NORMAL,NORMAL-1073137-6.jpeg,768,496,380928,1.548,40.74,41.56,255,0,255,40.74,40.74,40.74,0
OCT,train,NORMAL,NORMAL-1073137-7.jpeg,512,496,253952,1.032,51.89,53.56,255,0,255,51.89,51.89,51.89,0
OCT,train,NORMAL,NORMAL-1073137-8.jpeg,512,496,253952,1.032,52.65,58.44,255,0,255,52.65,52.65,52.65,0
OCT,train,NORMAL,NORMAL-1073137-9.jpeg,512,496,253952,1.032,52.92,57.96,255,0,255,52.92,52.92,52.92,0
OCT,train,NORMAL,NORMAL-1077513-2.jpeg,1536,496,761856,3.097,33.6,36.04,255,0,255,33.6,33.6,33.6,0
OCT,train,NORMAL,NORMAL-1077513-3.jpeg,1536,496,761856,3.097,30.49,34.99,255,0,255,30.49,30.49,30.49,0
OCT,train,NORMAL,NORMAL-1077513-5.jpeg,768,496,380928,1.548,37.2,39.67,255,0,255,37.2,37.2,37.2,0
OCT,train,NORMAL,NORMAL-1079750-1.jpeg,768,496,380928,1.548,39.09,41.95,255,0,255,39.09,39.09,39.09,0
OCT,train,NORMAL,NORMAL-1079750-2.jpeg,512,496,253952,1.032,51.04,50.93,255,0,255,51.04,51.04,51.04,0
OCT,train,NORMAL,NORMAL-1079750-3.jpeg,512,496,253952,1.032,48.63,49.1,255,0,255,48.63,48.63,48.63,0
OCT,train,NORMAL,NORMAL-1079750-5.jpeg,512,496,253952,1.032,55.46,57.89,255,0,255,55.46,55.46,55.46,0
OCT,train,NORMAL,NORMAL-1079750-6.jpeg,768,496,380928,1.548,42.08,42.44,255,0,255,42.08,42.08,42.08,0
OCT,train,NORMAL,NORMAL-1079750-8.jpeg,512,496,253952,1.032,67.36,80.44,255,0,255,67.36,67.36,67.36,0
OCT,train,NORMAL,NORMAL-1080008-1.jpeg,512,496,253952,1.032,58.3,62.25,255,0,255,58.3,58.3,58.3,0
OCT,train,NORMAL,NORMAL-1080008-2.jpeg,768,496,380928,1.548,42.01,42.02,255,0,255,42.01,42.01,42.01,0
OCT,train,NORMAL,NORMAL-1080008-3.jpeg,768,496,380928,1.548,40.21,42.06,255,0,255,40.21,40.21,40.21,0
OCT,train,NORMAL,NORMAL-1081406-1.jpeg,512,496,253952,1.032,42.33,53.08,255,0,255,42.33,42.33,42.33,0
OCT,train,NORMAL,NORMAL-1081406-11.jpeg,512,496,253952,1.032,33.14,52.24,255,0,255,33.14,33.14,33.14,0
OCT,train,NORMAL,NORMAL-1081406-12.jpeg,512,496,253952,1.032,56.02,60.93,255,0,255,56.02,56.02,56.02,0
OCT,train,NORMAL,NORMAL-1081406-14.jpeg,768,496,380928,1.548,30.91,37.32,255,0,255,30.91,30.91,30.91,0
OCT,train,NORMAL,NORMAL-1081406-15.jpeg,512,496,253952,1.032,47.62,69.36,255,0,255,47.62,47.62,47.62,0
OCT,train,NORMAL,NORMAL-1081406-16.jpeg,512,496,253952,1.032,51.76,64.87,255,0,255,51.76,51.76,51.76,0
OCT,train,NORMAL,NORMAL-1081406-17.jpeg,512,496,253952,1.032,46.3,58.65,255,0,255,46.3,46.3,46.3,0
OCT,train,NORMAL,NORMAL-1081406-18.jpeg,512,496,253952,1.032,45.73,57.34,255,0,255,45.73,45.73,45.73,0
OCT,train,NORMAL,NORMAL-1081406-19.jpeg,512,496,253952,1.032,50.05,51.54,255,0,255,50.05,50.05,50.05,0
OCT,train,NORMAL,NORMAL-1081406-2.jpeg,512,496,253952,1.032,37.46,52.06,255,0,255,37.46,37.46,37.46,0
OCT,train,NORMAL,NORMAL-1081406-21.jpeg,1536,496,761856,3.097,44.93,58.19,255,0,255,44.93,44.93,44.93,0
OCT,train,NORMAL,NORMAL-1081406-22.jpeg,768,496,380928,1.548,57.7,69.56,255,0,255,57.7,57.7,57.7,0
OCT,train,NORMAL,NORMAL-1081406-23.jpeg,768,496,380928,1.548,67.28,85.56,255,0,255,67.28,67.28,67.28,0
OCT,train,NORMAL,NORMAL-1081406-24.jpeg,768,496,380928,1.548,51.6,59.89,255,0,255,51.6,51.6,51.6,0
OCT,train,NORMAL,NORMAL-1081406-25.jpeg,512,496,253952,1.032,74.05,85.21,255,0,255,74.05,74.05,74.05,0
OCT,train,NORMAL,NORMAL-1081406-26.jpeg,768,496,380928,1.548,73.4,90.52,255,0,255,73.4,73.4,73.4,0
OCT,train,NORMAL,NORMAL-1081406-29.jpeg,768,496,380928,1.548,50.69,60.12,255,0,255,50.69,50.69,50.69,0
OCT,train,NORMAL,NORMAL-1081406-3.jpeg,1536,496,761856,3.097,58.25,77.04,255,0,255,58.25,58.25,58.25,0
OCT,train,NORMAL,NORMAL-1081406-30.jpeg,512,496,253952,1.032,59.18,51.94,255,0,255,59.18,59.18,59.18,0
OCT,train,NORMAL,NORMAL-1081406-31.jpeg,768,496,380928,1.548,50.54,59.66,255,0,255,50.54,50.54,50.54,0
OCT,train,NORMAL,NORMAL-1081406-34.jpeg,768,496,380928,1.548,40.25,41.2,255,0,255,40.25,40.25,40.25,0
OCT,train,NORMAL,NORMAL-1081406-37.jpeg,768,496,380928,1.548,55.78,76.29,255,0,255,55.78,55.78,55.78,0
OCT,train,NORMAL,NORMAL-1081406-38.jpeg,768,496,380928,1.548,38.27,45.24,255,0,255,38.27,38.27,38.27,0
OCT,train,NORMAL,NORMAL-1081406-39.jpeg,768,496,380928,1.548,42.3,58.38,255,0,255,42.3,42.3,42.3,0
OCT,train,NORMAL,NORMAL-1081406-40.jpeg,512,496,253952,1.032,37.91,52.76,255,0,255,37.91,37.91,37.91,0
OCT,train,NORMAL,NORMAL-1081406-41.jpeg,512,496,253952,1.032,38.94,49.41,255,0,255,38.94,38.94,38.94,0
OCT,train,NORMAL,NORMAL-1081406-42.jpeg,1536,496,761856,3.097,61.68,68.95,255,0,255,61.68,61.68,61.68,0
OCT,train,NORMAL,NORMAL-1081406-43.jpeg,512,496,253952,1.032,34.87,37.13,255,0,255,34.87,34.87,34.87,0
OCT,train,NORMAL,NORMAL-1081406-44.jpeg,512,496,253952,1.032,36.76,45.15,255,0,255,36.76,36.76,36.76,0
OCT,train,NORMAL,NORMAL-1081406-46.jpeg,768,496,380928,1.548,49.05,64.77,255,0,255,49.05,49.05,49.05,0
OCT,train,NORMAL,NORMAL-1081406-47.jpeg,512,496,253952,1.032,46.22,56.04,255,0,255,46.22,46.22,46.22,0
OCT,train,NORMAL,NORMAL-1081406-49.jpeg,512,496,253952,1.032,46.28,50.6,255,0,255,46.28,46.28,46.28,0
OCT,train,NORMAL,NORMAL-1081406-5.jpeg,512,496,253952,1.032,37.2,49.67,255,0,255,37.2,37.2,37.2,0
OCT,train,NORMAL,NORMAL-1081406-51.jpeg,768,496,380928,1.548,62.23,71.12,255,0,255,62.23,62.23,62.23,0
OCT,train,NORMAL,NORMAL-1081406-6.jpeg,512,496,253952,1.032,34.08,38.83,255,0,255,34.08,34.08,34.08,0
OCT,train,NORMAL,NORMAL-1081406-7.jpeg,512,496,253952,1.032,50.52,64.87,255,0,255,50.52,50.52,50.52,0
OCT,train,NORMAL,NORMAL-1081406-8.jpeg,512,496,253952,1.032,42.16,54.43,255,0,255,42.16,42.16,42.16,0
OCT,train,NORMAL,NORMAL-1081406-9.jpeg,512,496,253952,1.032,38.5,48.42,255,0,255,38.5,38.5,38.5,0
OCT,train,NORMAL,NORMAL-108522-1.jpeg,1536,496,761856,3.097,30.43,33.12,255,0,255,30.43,30.43,30.43,0
OCT,train,NORMAL,NORMAL-1090180-1.jpeg,1536,496,761856,3.097,31.02,34.05,255,0,255,31.02,31.02,31.02,0
OCT,train,NORMAL,NORMAL-1090180-2.jpeg,768,496,380928,1.548,40.31,43.29,255,0,255,40.31,40.31,40.31,0
OCT,train,NORMAL,NORMAL-1090180-4.jpeg,768,496,380928,1.548,36.41,36.9,255,0,255,36.41,36.41,36.41,0
OCT,train,NORMAL,NORMAL-1090833-5.jpeg,512,496,253952,1.032,43.13,52.1,255,0,255,43.13,43.13,43.13,0
OCT,train,NORMAL,NORMAL-1090833-6.jpeg,768,496,380928,1.548,34.84,39.61,255,0,255,34.84,34.84,34.84,0
OCT,train,NORMAL,NORMAL-1093065-2.jpeg,512,496,253952,1.032,43.65,53.43,255,0,255,43.65,43.65,43.65,0
OCT,train,NORMAL,NORMAL-1093065-3.jpeg,512,496,253952,1.032,46.22,53.27,255,0,255,46.22,46.22,46.22,0
OCT,train,NORMAL,NORMAL-1093065-4.jpeg,768,496,380928,1.548,42.2,42.56,255,0,255,42.2,42.2,42.2,0
OCT,train,NORMAL,NORMAL-1098008-1.jpeg,512,496,253952,1.032,115.92,97.38,255,0,255,115.92,115.92,115.92,0
OCT,train,NORMAL,NORMAL-1100019-1.jpeg,512,496,253952,1.032,56.89,66.41,255,0,255,56.89,56.89,56.89,0
OCT,train,NORMAL,NORMAL-1100019-2.jpeg,768,496,380928,1.548,39.62,42.05,255,0,255,39.62,39.62,39.62,0
OCT,train,NORMAL,NORMAL-1101240-1.jpeg,512,496,253952,1.032,37.64,39.4,255,0,255,37.64,37.64,37.64,0
OCT,train,NORMAL,NORMAL-1101240-2.jpeg,512,496,253952,1.032,48.24,53.87,255,0,255,48.24,48.24,48.24,0
OCT,train,NORMAL,NORMAL-1101240-3.jpeg,512,496,253952,1.032,54.04,68.57,255,0,255,54.04,54.04,54.04,0
OCT,train,NORMAL,NORMAL-1101240-4.jpeg,512,496,253952,1.032,53.46,66.63,255,0,255,53.46,53.46,53.46,0
OCT,train,NORMAL,NORMAL-1101240-5.jpeg,768,496,380928,1.548,33.43,40.42,255,0,255,33.43,33.43,33.43,0
OCT,train,NORMAL,NORMAL-1102707-1.jpeg,512,496,253952,1.032,33.25,41.24,255,0,255,33.25,33.25,33.25,0
OCT,train,NORMAL,NORMAL-1102707-2.jpeg,512,496,253952,1.032,34.79,43.91,255,0,255,34.79,34.79,34.79,0
OCT,train,NORMAL,NORMAL-1102707-4.jpeg,512,496,253952,1.032,57.6,62.19,255,0,255,57.6,57.6,57.6,0
OCT,train,NORMAL,NORMAL-1102707-5.jpeg,512,496,253952,1.032,35.72,41.1,255,0,255,35.72,35.72,35.72,0
OCT,train,NORMAL,NORMAL-1102707-7.jpeg,512,496,253952,1.032,43.91,40.49,255,0,255,43.91,43.91,43.91,0
OCT,train,NORMAL,NORMAL-1102707-8.jpeg,768,496,380928,1.548,36.24,34.66,255,0,255,36.24,36.24,36.24,0
OCT,train,NORMAL,NORMAL-1110738-2.jpeg,512,512,262144,1.0,42.55,50.36,255,0,255,42.55,42.55,42.55,0
OCT,train,NORMAL,NORMAL-1111623-1.jpeg,1536,496,761856,3.097,31.91,32.75,255,0,255,31.91,31.91,31.91,0
OCT,train,NORMAL,NORMAL-1111623-3.jpeg,512,496,253952,1.032,76.24,84.57,255,0,255,76.24,76.24,76.24,0
OCT,train,NORMAL,NORMAL-1111623-4.jpeg,512,496,253952,1.032,83.0,86.34,255,0,255,83.0,83.0,83.0,0
OCT,train,NORMAL,NORMAL-1113407-1.jpeg,768,496,380928,1.548,33.87,40.18,255,0,255,33.87,33.87,33.87,0
OCT,train,NORMAL,NORMAL-1113817-1.jpeg,768,496,380928,1.548,41.64,40.1,255,0,255,41.64,41.64,41.64,0
OCT,train,NORMAL,NORMAL-1114127-1.jpeg,512,496,253952,1.032,37.23,45.75,255,0,255,37.23,37.23,37.23,0
OCT,train,NORMAL,NORMAL-1114127-11.jpeg,512,496,253952,1.032,43.43,45.91,255,0,255,43.43,43.43,43.43,0
OCT,train,NORMAL,NORMAL-1114127-12.jpeg,768,496,380928,1.548,28.15,33.54,255,0,255,28.15,28.15,28.15,0
OCT,train,NORMAL,NORMAL-1114127-13.jpeg,768,496,380928,1.548,32.29,38.92,255,0,255,32.29,32.29,32.29,0
OCT,train,NORMAL,NORMAL-1114127-15.jpeg,512,496,253952,1.032,32.7,44.36,255,0,255,32.7,32.7,32.7,0
OCT,train,NORMAL,NORMAL-1114127-16.jpeg,512,496,253952,1.032,34.67,48.79,255,0,255,34.67,34.67,34.67,0
OCT,train,NORMAL,NORMAL-1114127-17.jpeg,512,496,253952,1.032,36.65,49.64,255,0,255,36.65,36.65,36.65,0
OCT,train,NORMAL,NORMAL-1114127-18.jpeg,512,496,253952,1.032,32.49,42.03,255,0,255,32.49,32.49,32.49,0
OCT,train,NORMAL,NORMAL-1114127-19.jpeg,512,496,253952,1.032,36.74,46.12,255,0,255,36.74,36.74,36.74,0
OCT,train,NORMAL,NORMAL-1114127-2.jpeg,512,496,253952,1.032,35.54,44.28,255,0,255,35.54,35.54,35.54,0
OCT,train,NORMAL,NORMAL-1114127-20.jpeg,768,496,380928,1.548,30.11,35.83,255,0,255,30.11,30.11,30.11,0
OCT,train,NORMAL,NORMAL-1114127-3.jpeg,768,496,380928,1.548,33.2,36.29,255,0,255,33.2,33.2,33.2,0
OCT,train,NORMAL,NORMAL-1114127-4.jpeg,512,496,253952,1.032,35.58,44.33,255,0,255,35.58,35.58,35.58,0
OCT,train,NORMAL,NORMAL-1114127-5.jpeg,512,496,253952,1.032,30.04,37.79,255,0,255,30.04,30.04,30.04,0
OCT,train,NORMAL,NORMAL-1114127-6.jpeg,768,496,380928,1.548,35.03,37.14,255,0,255,35.03,35.03,35.03,0
OCT,train,NORMAL,NORMAL-1114127-7.jpeg,768,496,380928,1.548,32.45,37.8,255,0,255,32.45,32.45,32.45,0
OCT,train,NORMAL,NORMAL-1114127-8.jpeg,512,496,253952,1.032,56.18,59.56,255,0,255,56.18,56.18,56.18,0
OCT,train,NORMAL,NORMAL-1115205-1.jpeg,1536,496,761856,3.097,46.28,43.45,255,0,255,46.28,46.28,46.28,0
OCT,train,NORMAL,NORMAL-1117376-1.jpeg,512,496,253952,1.032,32.36,33.53,255,0,255,32.36,32.36,32.36,0
OCT,train,NORMAL,NORMAL-1117376-4.jpeg,512,512,262144,1.0,25.04,24.74,255,0,255,25.04,25.04,25.04,0
OCT,train,NORMAL,NORMAL-1117682-1.jpeg,768,496,380928,1.548,27.72,30.96,255,0,255,27.72,27.72,27.72,0
OCT,train,NORMAL,NORMAL-1119688-1.jpeg,512,496,253952,1.032,39.3,37.41,255,0,255,39.3,39.3,39.3,0
OCT,train,NORMAL,NORMAL-1122061-2.jpeg,512,496,253952,1.032,42.41,44.16,255,0,255,42.41,42.41,42.41,0
OCT,train,NORMAL,NORMAL-1122061-5.jpeg,768,496,380928,1.548,30.53,32.46,255,0,255,30.53,30.53,30.53,0
OCT,train,NORMAL,NORMAL-1123902-1.jpeg,1536,496,761856,3.097,44.37,44.09,255,0,255,44.37,44.37,44.37,0
OCT,train,NORMAL,NORMAL-1123902-2.jpeg,768,496,380928,1.548,31.59,34.24,255,0,255,31.59,31.59,31.59,0
OCT,train,NORMAL,NORMAL-1123902-3.jpeg,768,496,380928,1.548,37.12,39.19,255,0,255,37.12,37.12,37.12,0
OCT,train,NORMAL,NORMAL-1123902-4.jpeg,512,496,253952,1.032,44.98,47.18,255,0,255,44.98,44.98,44.98,0
OCT,train,NORMAL,NORMAL-1124422-1.jpeg,512,496,253952,1.032,45.37,54.02,255,0,255,45.37,45.37,45.37,0
OCT,train,NORMAL,NORMAL-1124422-5.jpeg,512,496,253952,1.032,32.15,32.46,255,0,255,32.15,32.15,32.15,0
OCT,train,NORMAL,NORMAL-1129110-2.jpeg,512,496,253952,1.032,43.74,47.45,255,0,255,43.74,43.74,43.74,0
OCT,train,NORMAL,NORMAL-1129110-4.jpeg,512,496,253952,1.032,39.6,45.99,255,0,255,39.6,39.6,39.6,0
OCT,train,NORMAL,NORMAL-1129110-5.jpeg,768,496,380928,1.548,38.49,43.69,255,0,255,38.49,38.49,38.49,0
OCT,train,NORMAL,NORMAL-112928-1.jpeg,1536,496,761856,3.097,30.33,35.52,255,0,255,30.33,30.33,30.33,0
OCT,train,NORMAL,NORMAL-112928-2.jpeg,1536,496,761856,3.097,30.15,35.68,255,0,255,30.15,30.15,30.15,0
OCT,train,NORMAL,NORMAL-112928-3.jpeg,1536,496,761856,3.097,31.09,36.25,255,0,255,31.09,31.09,31.09,0
OCT,train,NORMAL,NORMAL-112928-4.jpeg,512,496,253952,1.032,29.12,40.2,255,0,255,29.12,29.12,29.12,0
OCT,train,NORMAL,NORMAL-112928-7.jpeg,512,496,253952,1.032,42.0,50.93,255,0,255,42.0,42.0,42.0,0
OCT,train,NORMAL,NORMAL-1129351-10.jpeg,1536,496,761856,3.097,31.52,30.89,255,0,255,31.52,31.52,31.52,0
OCT,train,NORMAL,NORMAL-1129351-11.jpeg,512,496,253952,1.032,80.7,81.31,255,0,255,80.7,80.7,80.7,0
OCT,train,NORMAL,NORMAL-1129351-12.jpeg,512,496,253952,1.032,88.85,79.43,255,0,255,88.85,88.85,88.85,0
OCT,train,NORMAL,NORMAL-1129351-13.jpeg,512,496,253952,1.032,42.05,48.14,255,0,255,42.05,42.05,42.05,0
OCT,train,NORMAL,NORMAL-1129351-15.jpeg,768,496,380928,1.548,28.28,30.37,255,0,255,28.28,28.28,28.28,0
OCT,train,NORMAL,NORMAL-1129351-16.jpeg,768,496,380928,1.548,39.2,43.95,255,0,255,39.2,39.2,39.2,0
OCT,train,NORMAL,NORMAL-1129351-2.jpeg,1536,496,761856,3.097,31.48,30.4,255,0,255,31.48,31.48,31.48,0
OCT,train,NORMAL,NORMAL-1129351-3.jpeg,512,496,253952,1.032,44.27,46.52,255,0,255,44.27,44.27,44.27,0
OCT,train,NORMAL,NORMAL-1129351-4.jpeg,512,496,253952,1.032,53.64,61.56,255,0,255,53.64,53.64,53.64,0
OCT,train,NORMAL,NORMAL-1129351-5.jpeg,512,496,253952,1.032,51.18,49.2,255,0,255,51.18,51.18,51.18,0
OCT,train,NORMAL,NORMAL-1129351-6.jpeg,512,496,253952,1.032,54.38,51.34,255,0,255,54.38,54.38,54.38,0
OCT,train,NORMAL,NORMAL-1129351-7.jpeg,512,496,253952,1.032,54.2,48.75,255,0,255,54.2,54.2,54.2,0
OCT,train,NORMAL,NORMAL-1129351-8.jpeg,768,496,380928,1.548,61.07,52.21,255,0,255,61.07,61.07,61.07,0
OCT,train,NORMAL,NORMAL-1129351-9.jpeg,1536,496,761856,3.097,33.93,33.67,255,0,255,33.93,33.93,33.93,0
OCT,train,NORMAL,NORMAL-1132524-1.jpeg,768,496,380928,1.548,34.21,36.8,255,0,255,34.21,34.21,34.21,0
OCT,train,NORMAL,NORMAL-1132524-2.jpeg,768,496,380928,1.548,39.47,42.45,255,0,255,39.47,39.47,39.47,0
OCT,train,NORMAL,NORMAL-1132524-3.jpeg,768,496,380928,1.548,32.64,38.42,255,0,255,32.64,32.64,32.64,0
OCT,train,NORMAL,NORMAL-1132735-1.jpeg,512,496,253952,1.032,49.43,57.65,255,0,255,49.43,49.43,49.43,0
OCT,train,NORMAL,NORMAL-1132735-3.jpeg,512,496,253952,1.032,55.47,60.0,255,0,255,55.47,55.47,55.47,0
OCT,train,NORMAL,NORMAL-1132735-4.jpeg,1536,496,761856,3.097,31.12,32.5,255,0,255,31.12,31.12,31.12,0
OCT,train,NORMAL,NORMAL-1132735-5.jpeg,512,496,253952,1.032,51.17,62.46,255,0,255,51.17,51.17,51.17,0
OCT,train,NORMAL,NORMAL-1132735-6.jpeg,512,496,253952,1.032,57.33,69.53,255,0,255,57.33,57.33,57.33,0
OCT,train,NORMAL,NORMAL-1132735-7.jpeg,512,496,253952,1.032,60.84,75.05,255,0,255,60.84,60.84,60.84,0
OCT,train,NORMAL,NORMAL-1141111-1.jpeg,1536,496,761856,3.097,29.55,36.67,255,0,255,29.55,29.55,29.55,0
OCT,train,NORMAL,NORMAL-1141111-10.jpeg,512,496,253952,1.032,47.76,54.86,255,0,255,47.76,47.76,47.76,0
OCT,train,NORMAL,NORMAL-1141111-11.jpeg,1536,496,761856,3.097,36.88,41.31,255,0,255,36.88,36.88,36.88,0
OCT,train,NORMAL,NORMAL-1141111-12.jpeg,512,496,253952,1.032,45.76,54.74,255,0,255,45.76,45.76,45.76,0
OCT,train,NORMAL,NORMAL-1141111-3.jpeg,768,496,380928,1.548,34.44,39.28,255,0,255,34.44,34.44,34.44,0
OCT,train,NORMAL,NORMAL-1141111-5.jpeg,512,496,253952,1.032,38.15,42.88,255,0,255,38.15,38.15,38.15,0
OCT,train,NORMAL,NORMAL-1141111-6.jpeg,512,496,253952,1.032,35.01,38.11,255,0,255,35.01,35.01,35.01,0
OCT,train,NORMAL,NORMAL-1141111-7.jpeg,1536,496,761856,3.097,30.17,36.34,255,0,255,30.17,30.17,30.17,0
OCT,train,NORMAL,NORMAL-1141111-8.jpeg,512,496,253952,1.032,44.93,53.45,255,0,255,44.93,44.93,44.93,0
OCT,train,NORMAL,NORMAL-1141111-9.jpeg,1536,496,761856,3.097,29.55,31.95,255,0,255,29.55,29.55,29.55,0
OCT,train,NORMAL,NORMAL-1142003-3.jpeg,512,496,253952,1.032,44.5,49.07,255,0,255,44.5,44.5,44.5,0
OCT,train,NORMAL,NORMAL-1142003-4.jpeg,512,496,253952,1.032,44.23,46.79,255,0,255,44.23,44.23,44.23,0
OCT,train,NORMAL,NORMAL-1144610-2.jpeg,512,496,253952,1.032,43.16,41.66,255,0,255,43.16,43.16,43.16,0
OCT,train,NORMAL,NORMAL-1144610-3.jpeg,768,496,380928,1.548,38.06,34.47,255,0,255,38.06,38.06,38.06,0
OCT,train,NORMAL,NORMAL-1145010-1.jpeg,768,496,380928,1.548,30.7,34.57,255,0,255,30.7,30.7,30.7,0
OCT,train,NORMAL,NORMAL-1145506-1.jpeg,1536,496,761856,3.097,36.87,42.85,255,0,255,36.87,36.87,36.87,0
OCT,train,NORMAL,NORMAL-1145506-2.jpeg,512,496,253952,1.032,34.51,46.12,255,0,255,34.51,34.51,34.51,0
OCT,train,NORMAL,NORMAL-1145506-3.jpeg,512,496,253952,1.032,36.7,46.6,255,0,255,36.7,36.7,36.7,0
OCT,train,NORMAL,NORMAL-1145506-4.jpeg,512,496,253952,1.032,46.38,53.14,255,0,255,46.38,46.38,46.38,0
OCT,train,NORMAL,NORMAL-1145506-6.jpeg,768,496,380928,1.548,38.2,38.09,255,0,255,38.2,38.2,38.2,0
OCT,train,NORMAL,NORMAL-1145506-8.jpeg,512,496,253952,1.032,65.58,76.86,255,0,255,65.58,65.58,65.58,0
OCT,train,NORMAL,NORMAL-1145506-9.jpeg,512,496,253952,1.032,63.0,78.68,255,0,255,63.0,63.0,63.0,0
OCT,train,NORMAL,NORMAL-1146003-3.jpeg,512,496,253952,1.032,24.42,33.6,255,0,255,24.42,24.42,24.42,0
OCT,train,NORMAL,NORMAL-1146003-5.jpeg,768,496,380928,1.548,32.08,35.68,255,0,255,32.08,32.08,32.08,0
OCT,train,NORMAL,NORMAL-1147102-1.jpeg,1536,496,761856,3.097,48.21,45.6,255,0,255,48.21,48.21,48.21,0
OCT,train,NORMAL,NORMAL-1147102-3.jpeg,512,496,253952,1.032,53.53,56.78,255,0,255,53.53,53.53,53.53,0
OCT,train,NORMAL,NORMAL-1147102-4.jpeg,512,496,253952,1.032,51.48,56.71,255,0,255,51.48,51.48,51.48,0
OCT,train,NORMAL,NORMAL-1147102-5.jpeg,512,496,253952,1.032,66.8,73.39,255,0,255,66.8,66.8,66.8,0
OCT,train,NORMAL,NORMAL-1147102-6.jpeg,512,496,253952,1.032,51.89,49.12,255,0,255,51.89,51.89,51.89,0
OCT,train,NORMAL,NORMAL-1147102-7.jpeg,768,496,380928,1.548,30.34,34.12,255,0,255,30.34,30.34,30.34,0
OCT,train,NORMAL,NORMAL-114740-10.jpeg,768,496,380928,1.548,41.31,40.98,255,0,255,41.31,41.31,41.31,0
OCT,train,NORMAL,NORMAL-114740-2.jpeg,512,496,253952,1.032,76.74,77.32,255,0,255,76.74,76.74,76.74,0
OCT,train,NORMAL,NORMAL-114740-3.jpeg,768,496,380928,1.548,79.13,79.66,255,0,255,79.13,79.13,79.13,0
OCT,train,NORMAL,NORMAL-114740-4.jpeg,512,496,253952,1.032,53.9,54.41,255,0,255,53.9,53.9,53.9,0
OCT,train,NORMAL,NORMAL-114740-5.jpeg,512,496,253952,1.032,55.09,54.11,255,0,255,55.09,55.09,55.09,0
OCT,train,NORMAL,NORMAL-114740-6.jpeg,512,496,253952,1.032,53.77,54.26,255,0,255,53.77,53.77,53.77,0
OCT,train,NORMAL,NORMAL-114740-7.jpeg,1536,496,761856,3.097,33.77,37.36,255,0,255,33.77,33.77,33.77,0
OCT,train,NORMAL,NORMAL-114740-8.jpeg,512,496,253952,1.032,42.85,45.39,255,0,255,42.85,42.85,42.85,0
OCT,train,NORMAL,NORMAL-114740-9.jpeg,512,496,253952,1.032,56.05,62.94,255,0,255,56.05,56.05,56.05,0
OCT,train,NORMAL,NORMAL-1148373-2.jpeg,512,496,253952,1.032,43.32,43.85,255,0,255,43.32,43.32,43.32,0
OCT,train,NORMAL,NORMAL-1148373-3.jpeg,768,496,380928,1.548,39.68,37.82,255,0,255,39.68,39.68,39.68,0
OCT,train,NORMAL,NORMAL-1149596-1.jpeg,768,496,380928,1.548,42.84,40.19,255,0,255,42.84,42.84,42.84,0
OCT,train,NORMAL,NORMAL-1149596-2.jpeg,512,496,253952,1.032,49.57,57.95,255,0,255,49.57,49.57,49.57,0
OCT,train,NORMAL,NORMAL-1149596-4.jpeg,512,496,253952,1.032,49.58,46.99,255,0,255,49.58,49.58,49.58,0
OCT,train,NORMAL,NORMAL-1153046-1.jpeg,1536,496,761856,3.097,39.61,40.98,255,0,255,39.61,39.61,39.61,0
OCT,train,NORMAL,NORMAL-1153046-2.jpeg,512,496,253952,1.032,38.44,49.52,255,0,255,38.44,38.44,38.44,0
OCT,train,NORMAL,NORMAL-1153046-3.jpeg,512,496,253952,1.032,48.84,53.18,255,0,255,48.84,48.84,48.84,0
OCT,train,NORMAL,NORMAL-1153046-4.jpeg,1536,496,761856,3.097,24.88,32.49,255,0,255,24.88,24.88,24.88,0
OCT,train,NORMAL,NORMAL-1154026-1.jpeg,768,496,380928,1.548,31.67,37.56,255,0,255,31.67,31.67,31.67,0
OCT,train,NORMAL,NORMAL-1154026-6.jpeg,768,496,380928,1.548,36.13,41.03,255,0,255,36.13,36.13,36.13,0
OCT,train,NORMAL,NORMAL-1156442-10.jpeg,768,496,380928,1.548,32.53,36.74,255,0,255,32.53,32.53,32.53,0
OCT,train,NORMAL,NORMAL-1156442-11.jpeg,768,496,380928,1.548,33.58,36.71,255,0,255,33.58,33.58,33.58,0
OCT,train,NORMAL,NORMAL-1156442-12.jpeg,512,496,253952,1.032,51.89,46.94,255,0,255,51.89,51.89,51.89,0
OCT,train,NORMAL,NORMAL-1156442-13.jpeg,512,496,253952,1.032,50.58,44.89,255,0,255,50.58,50.58,50.58,0
OCT,train,NORMAL,NORMAL-1156442-14.jpeg,512,496,253952,1.032,48.66,44.4,255,0,255,48.66,48.66,48.66,0
OCT,train,NORMAL,NORMAL-1156442-3.jpeg,768,496,380928,1.548,36.3,36.66,255,0,255,36.3,36.3,36.3,0
OCT,train,NORMAL,NORMAL-1156442-4.jpeg,512,496,253952,1.032,47.5,54.29,255,0,255,47.5,47.5,47.5,0
OCT,train,NORMAL,NORMAL-1156442-5.jpeg,512,496,253952,1.032,43.32,51.16,255,0,255,43.32,43.32,43.32,0
OCT,train,NORMAL,NORMAL-1156442-6.jpeg,768,496,380928,1.548,29.66,31.67,255,0,255,29.66,29.66,29.66,0
OCT,train,NORMAL,NORMAL-1157521-1.jpeg,1024,496,507904,2.065,68.18,78.03,255,0,255,68.18,68.18,68.18,0
OCT,train,NORMAL,NORMAL-1157521-14.jpeg,512,496,253952,1.032,49.06,57.44,255,0,255,49.06,49.06,49.06,0
OCT,train,NORMAL,NORMAL-1157521-2.jpeg,1024,496,507904,2.065,64.5,74.07,255,0,255,64.5,64.5,64.5,0
OCT,train,NORMAL,NORMAL-1157521-4.jpeg,512,496,253952,1.032,58.47,52.92,255,0,255,58.47,58.47,58.47,0
OCT,train,NORMAL,NORMAL-1157521-5.jpeg,512,496,253952,1.032,61.78,50.54,255,0,255,61.78,61.78,61.78,0
OCT,train,NORMAL,NORMAL-1157521-7.jpeg,512,496,253952,1.032,77.13,76.45,255,0,255,77.13,77.13,77.13,0
OCT,train,NORMAL,NORMAL-1157521-9.jpeg,512,496,253952,1.032,68.74,73.85,255,0,255,68.74,68.74,68.74,0
OCT,train,NORMAL,NORMAL-1157721-1.jpeg,768,496,380928,1.548,28.83,29.44,255,0,255,28.83,28.83,28.83,0
OCT,train,NORMAL,NORMAL-1157721-10.jpeg,768,496,380928,1.548,36.07,36.65,255,0,255,36.07,36.07,36.07,0
OCT,train,NORMAL,NORMAL-1157721-12.jpeg,512,496,253952,1.032,48.09,42.44,255,0,255,48.09,48.09,48.09,0
OCT,train,NORMAL,NORMAL-1157721-13.jpeg,1536,496,761856,3.097,40.33,41.71,255,0,255,40.33,40.33,40.33,0
OCT,train,NORMAL,NORMAL-1157721-15.jpeg,512,496,253952,1.032,64.03,61.06,255,0,255,64.03,64.03,64.03,0
OCT,train,NORMAL,NORMAL-1157721-16.jpeg,512,496,253952,1.032,61.1,58.65,255,0,255,61.1,61.1,61.1,0
OCT,train,NORMAL,NORMAL-1157721-17.jpeg,512,496,253952,1.032,47.01,53.05,255,0,255,47.01,47.01,47.01,0
OCT,train,NORMAL,NORMAL-1157721-18.jpeg,768,496,380928,1.548,33.36,39.36,255,0,255,33.36,33.36,33.36,0
OCT,train,NORMAL,NORMAL-1157721-2.jpeg,512,496,253952,1.032,50.29,48.92,255,0,255,50.29,50.29,50.29,0
OCT,train,NORMAL,NORMAL-1157721-20.jpeg,768,496,380928,1.548,34.92,37.98,255,0,255,34.92,34.92,34.92,0
OCT,train,NORMAL,NORMAL-1157721-3.jpeg,512,496,253952,1.032,51.04,50.45,255,0,255,51.04,51.04,51.04,0
OCT,train,NORMAL,NORMAL-1157721-4.jpeg,512,496,253952,1.032,62.6,60.92,255,0,255,62.6,62.6,62.6,0
OCT,train,NORMAL,NORMAL-1157721-7.jpeg,768,496,380928,1.548,39.27,40.71,255,0,255,39.27,39.27,39.27,0
OCT,train,NORMAL,NORMAL-1157721-8.jpeg,768,496,380928,1.548,40.88,41.74,255,0,255,40.88,40.88,40.88,0
OCT,train,NORMAL,NORMAL-1157721-9.jpeg,768,496,380928,1.548,39.2,38.56,255,0,255,39.2,39.2,39.2,0
OCT,train,NORMAL,NORMAL-115980-1.jpeg,512,496,253952,1.032,60.74,55.28,255,0,255,60.74,60.74,60.74,0
OCT,train,NORMAL,NORMAL-115980-2.jpeg,512,496,253952,1.032,62.58,53.92,255,0,255,62.58,62.58,62.58,0
OCT,train,NORMAL,NORMAL-115980-3.jpeg,512,496,253952,1.032,48.55,39.84,255,0,255,48.55,48.55,48.55,0
OCT,train,NORMAL,NORMAL-115980-5.jpeg,768,496,380928,1.548,39.0,38.37,255,0,255,39.0,39.0,39.0,0
OCT,train,NORMAL,NORMAL-115980-6.jpeg,768,496,380928,1.548,46.11,41.21,255,0,255,46.11,46.11,46.11,0
OCT,train,NORMAL,NORMAL-1161989-1.jpeg,768,496,380928,1.548,42.98,46.67,255,0,255,42.98,42.98,42.98,0
OCT,train,NORMAL,NORMAL-1161989-4.jpeg,512,496,253952,1.032,47.65,49.58,255,0,255,47.65,47.65,47.65,0
OCT,train,NORMAL,NORMAL-1161989-5.jpeg,512,496,253952,1.032,65.58,77.06,255,0,255,65.58,65.58,65.58,0
OCT,train,NORMAL,NORMAL-1161989-6.jpeg,512,496,253952,1.032,66.89,79.35,255,0,255,66.89,66.89,66.89,0
OCT,train,NORMAL,NORMAL-1161989-7.jpeg,1536,496,761856,3.097,38.02,38.68,255,0,255,38.02,38.02,38.02,0
OCT,train,NORMAL,NORMAL-1161989-8.jpeg,512,496,253952,1.032,52.29,56.83,255,0,255,52.29,52.29,52.29,0
OCT,train,NORMAL,NORMAL-1161989-9.jpeg,512,496,253952,1.032,52.63,58.6,255,0,255,52.63,52.63,52.63,0
OCT,train,NORMAL,NORMAL-1162926-1.jpeg,768,496,380928,1.548,35.17,38.43,255,0,255,35.17,35.17,35.17,0
OCT,train,NORMAL,NORMAL-1162926-2.jpeg,768,496,380928,1.548,38.72,42.89,255,0,255,38.72,38.72,38.72,0
OCT,train,NORMAL,NORMAL-1162926-4.jpeg,768,496,380928,1.548,33.7,38.28,255,0,255,33.7,33.7,33.7,0
OCT,train,NORMAL,NORMAL-1162956-2.jpeg,768,496,380928,1.548,37.76,38.07,255,0,255,37.76,37.76,37.76,0
OCT,train,NORMAL,NORMAL-1162956-3.jpeg,512,496,253952,1.032,42.92,47.03,255,0,255,42.92,42.92,42.92,0
OCT,train,NORMAL,NORMAL-1162956-4.jpeg,512,496,253952,1.032,51.09,57.59,255,0,255,51.09,51.09,51.09,0
OCT,train,NORMAL,NORMAL-1162956-5.jpeg,768,496,380928,1.548,36.86,40.39,255,0,255,36.86,36.86,36.86,0
OCT,train,NORMAL,NORMAL-1163718-1.jpeg,512,496,253952,1.032,48.82,47.9,255,0,255,48.82,48.82,48.82,0
OCT,train,NORMAL,NORMAL-1163718-2.jpeg,512,496,253952,1.032,49.09,48.85,255,0,255,49.09,49.09,49.09,0
OCT,train,NORMAL,NORMAL-1163718-3.jpeg,512,496,253952,1.032,46.52,46.64,255,0,255,46.52,46.52,46.52,0
OCT,train,NORMAL,NORMAL-1163718-4.jpeg,768,496,380928,1.548,43.65,42.52,255,0,255,43.65,43.65,43.65,0
OCT,train,NORMAL,NORMAL-1165184-1.jpeg,768,496,380928,1.548,33.4,36.08,255,0,255,33.4,33.4,33.4,0
OCT,train,NORMAL,NORMAL-1165184-2.jpeg,512,496,253952,1.032,53.91,63.72,255,0,255,53.91,53.91,53.91,0
OCT,train,NORMAL,NORMAL-1165184-3.jpeg,512,496,253952,1.032,51.91,61.8,255,0,255,51.91,51.91,51.91,0
OCT,train,NORMAL,NORMAL-1165184-4.jpeg,768,496,380928,1.548,38.23,38.57,255,0,255,38.23,38.23,38.23,0
OCT,train,NORMAL,NORMAL-1167537-1.jpeg,768,496,380928,1.548,43.58,40.95,255,0,255,43.58,43.58,43.58,0
OCT,train,NORMAL,NORMAL-1167537-2.jpeg,768,496,380928,1.548,39.6,41.16,255,0,255,39.6,39.6,39.6,0
OCT,train,NORMAL,NORMAL-1167537-4.jpeg,768,496,380928,1.548,42.92,43.9,255,0,255,42.92,42.92,42.92,0
OCT,train,NORMAL,NORMAL-1169820-1.jpeg,512,496,253952,1.032,58.77,51.52,255,0,255,58.77,58.77,58.77,0
OCT,train,NORMAL,NORMAL-1169883-1.jpeg,1536,496,761856,3.097,33.14,30.33,255,0,255,33.14,33.14,33.14,0
OCT,train,NORMAL,NORMAL-1169883-3.jpeg,512,496,253952,1.032,73.49,77.31,255,0,255,73.49,73.49,73.49,0
OCT,train,NORMAL,NORMAL-1170381-1.jpeg,1536,496,761856,3.097,55.99,68.17,255,0,255,55.99,55.99,55.99,0
OCT,train,NORMAL,NORMAL-1170381-2.jpeg,1536,496,761856,3.097,33.04,37.53,255,0,255,33.04,33.04,33.04,0
OCT,train,NORMAL,NORMAL-1170713-1.jpeg,1536,496,761856,3.097,32.05,34.74,255,0,255,32.05,32.05,32.05,0
OCT,train,NORMAL,NORMAL-1170713-11.jpeg,512,496,253952,1.032,86.78,91.73,255,0,255,86.78,86.78,86.78,0
OCT,train,NORMAL,NORMAL-1170713-3.jpeg,512,496,253952,1.032,42.39,45.46,255,0,255,42.39,42.39,42.39,0
OCT,train,NORMAL,NORMAL-1170713-5.jpeg,768,496,380928,1.548,36.65,40.02,255,0,255,36.65,36.65,36.65,0
OCT,train,NORMAL,NORMAL-1170713-7.jpeg,512,496,253952,1.032,46.48,58.48,255,0,255,46.48,46.48,46.48,0
OCT,train,NORMAL,NORMAL-1170713-8.jpeg,1536,496,761856,3.097,43.8,57.94,255,0,255,43.8,43.8,43.8,0
OCT,train,NORMAL,NORMAL-1170713-9.jpeg,1536,496,761856,3.097,46.78,64.4,255,0,255,46.78,46.78,46.78,0
OCT,train,NORMAL,NORMAL-1171785-10.jpeg,512,496,253952,1.032,41.09,47.64,255,0,255,41.09,41.09,41.09,0
OCT,train,NORMAL,NORMAL-1171785-11.jpeg,768,496,380928,1.548,31.76,37.23,255,0,255,31.76,31.76,31.76,0
OCT,train,NORMAL,NORMAL-1171785-12.jpeg,1536,496,761856,3.097,26.84,30.74,255,0,255,26.84,26.84,26.84,0
OCT,train,NORMAL,NORMAL-1171785-13.jpeg,512,496,253952,1.032,41.25,42.09,255,0,255,41.25,41.25,41.25,0
OCT,train,NORMAL,NORMAL-1171785-15.jpeg,512,496,253952,1.032,44.37,43.82,255,0,255,44.37,44.37,44.37,0
OCT,train,NORMAL,NORMAL-1171785-17.jpeg,768,496,380928,1.548,35.2,37.33,255,0,255,35.2,35.2,35.2,0
OCT,train,NORMAL,NORMAL-1171785-18.jpeg,768,496,380928,1.548,34.17,36.84,255,0,255,34.17,34.17,34.17,0
OCT,train,NORMAL,NORMAL-1171785-21.jpeg,512,496,253952,1.032,36.82,40.31,255,0,255,36.82,36.82,36.82,0
OCT,train,NORMAL,NORMAL-1171785-5.jpeg,1536,496,761856,3.097,30.2,36.04,255,0,255,30.2,30.2,30.2,0
OCT,train,NORMAL,NORMAL-1171785-6.jpeg,512,496,253952,1.032,31.58,37.21,255,0,255,31.58,31.58,31.58,0
OCT,train,NORMAL,NORMAL-1171785-7.jpeg,512,496,253952,1.032,29.86,37.95,255,0,255,29.86,29.86,29.86,0
OCT,train,NORMAL,NORMAL-1171785-8.jpeg,512,496,253952,1.032,38.72,44.8,255,0,255,38.72,38.72,38.72,0
OCT,train,NORMAL,NORMAL-1171785-9.jpeg,512,496,253952,1.032,38.42,45.21,255,0,255,38.42,38.42,38.42,0
OCT,train,NORMAL,NORMAL-1172806-1.jpeg,512,496,253952,1.032,56.68,62.74,255,0,255,56.68,56.68,56.68,0
OCT,train,NORMAL,NORMAL-1172806-2.jpeg,768,496,380928,1.548,37.02,38.74,255,0,255,37.02,37.02,37.02,0
OCT,train,NORMAL,NORMAL-1172806-3.jpeg,512,496,253952,1.032,40.36,46.52,255,0,255,40.36,40.36,40.36,0
OCT,train,NORMAL,NORMAL-1172806-4.jpeg,512,496,253952,1.032,40.22,46.1,255,0,255,40.22,40.22,40.22,0
OCT,train,NORMAL,NORMAL-1172806-6.jpeg,768,496,380928,1.548,32.99,36.72,255,0,255,32.99,32.99,32.99,0
OCT,train,NORMAL,NORMAL-1173106-1.jpeg,1536,496,761856,3.097,31.2,39.87,255,0,255,31.2,31.2,31.2,0
OCT,train,NORMAL,NORMAL-1173106-3.jpeg,512,496,253952,1.032,43.5,45.54,255,0,255,43.5,43.5,43.5,0
OCT,train,NORMAL,NORMAL-1173706-1.jpeg,512,496,253952,1.032,58.04,55.17,255,0,255,58.04,58.04,58.04,0
OCT,train,NORMAL,NORMAL-1173706-2.jpeg,512,496,253952,1.032,55.61,54.51,255,0,255,55.61,55.61,55.61,0
OCT,train,NORMAL,NORMAL-1175741-1.jpeg,1536,496,761856,3.097,32.36,35.35,255,0,255,32.36,32.36,32.36,0
OCT,train,NORMAL,NORMAL-1175741-5.jpeg,768,496,380928,1.548,30.9,35.42,255,0,255,30.9,30.9,30.9,0
OCT,train,NORMAL,NORMAL-1175741-6.jpeg,768,496,380928,1.548,34.95,40.75,255,0,255,34.95,34.95,34.95,0
OCT,train,NORMAL,NORMAL-1175741-7.jpeg,768,496,380928,1.548,34.95,40.71,255,0,255,34.95,34.95,34.95,0
OCT,train,NORMAL,NORMAL-1175741-8.jpeg,512,496,253952,1.032,61.27,71.07,255,0,255,61.27,61.27,61.27,0
OCT,train,NORMAL,NORMAL-1177923-1.jpeg,1536,496,761856,3.097,28.37,33.83,255,0,255,28.37,28.37,28.37,0
OCT,train,NORMAL,NORMAL-1177923-2.jpeg,1536,496,761856,3.097,27.18,26.32,255,0,255,27.18,27.18,27.18,0
OCT,train,NORMAL,NORMAL-1177923-4.jpeg,1536,496,761856,3.097,28.11,34.45,255,0,255,28.11,28.11,28.11,0
OCT,train,NORMAL,NORMAL-1177923-5.jpeg,1536,496,761856,3.097,27.72,29.86,255,0,255,27.72,27.72,27.72,0
OCT,train,NORMAL,NORMAL-1177923-6.jpeg,512,496,253952,1.032,56.8,75.28,255,0,255,56.8,56.8,56.8,0
OCT,val,CNV,CNV-1016042-100.jpeg,1536,496,761856,3.097,40.9,37.48,255,0,255,40.9,40.9,40.9,0
OCT,val,CNV,CNV-1016042-130.jpeg,768,496,380928,1.548,74.92,85.02,255,0,255,74.92,74.92,74.92,0
OCT,val,CNV,CNV-1016042-153.jpeg,512,496,253952,1.032,59.18,58.13,255,0,255,59.18,59.18,59.18,0
OCT,val,CNV,CNV-1016042-165.jpeg,512,496,253952,1.032,61.87,70.24,255,0,255,61.87,61.87,61.87,0
OCT,val,CNV,CNV-1016042-173.jpeg,1536,496,761856,3.097,31.56,38.1,255,0,255,31.56,31.56,31.56,0
OCT,val,CNV,CNV-1016042-183.jpeg,512,496,253952,1.032,72.57,73.46,255,0,255,72.57,72.57,72.57,0
OCT,val,CNV,CNV-1016042-186.jpeg,768,496,380928,1.548,47.46,39.73,255,0,255,47.46,47.46,47.46,0
OCT,val,CNV,CNV-1016042-204.jpeg,512,496,253952,1.032,52.91,60.67,255,0,255,52.91,52.91,52.91,0
OCT,val,CNV,CNV-1016042-207.jpeg,512,496,253952,1.032,59.52,61.55,255,0,255,59.52,59.52,59.52,0
OCT,val,CNV,CNV-1016042-213.jpeg,768,496,380928,1.548,38.74,40.96,255,0,255,38.74,38.74,38.74,0
OCT,val,CNV,CNV-1016042-40.jpeg,768,496,380928,1.548,29.35,32.86,255,0,255,29.35,29.35,29.35,0
OCT,val,CNV,CNV-1016042-54.jpeg,512,496,253952,1.032,51.29,58.08,255,0,255,51.29,51.29,51.29,0
OCT,val,CNV,CNV-1016042-84.jpeg,1536,496,761856,3.097,48.69,42.54,255,0,255,48.69,48.69,48.69,0
OCT,val,CNV,CNV-1016042-95.jpeg,1536,496,761856,3.097,32.76,34.21,255,0,255,32.76,32.76,32.76,0
OCT,val,CNV,CNV-103044-116.jpeg,768,496,380928,1.548,49.24,44.12,255,0,255,49.24,49.24,49.24,0
OCT,val,CNV,CNV-103044-132.jpeg,512,496,253952,1.032,49.0,45.23,255,0,255,49.0,49.0,49.0,0
OCT,val,CNV,CNV-103044-134.jpeg,512,496,253952,1.032,48.19,39.76,255,0,255,48.19,48.19,48.19,0
OCT,val,CNV,CNV-103044-178.jpeg,512,496,253952,1.032,47.55,46.4,255,0,255,47.55,47.55,47.55,0
OCT,val,CNV,CNV-103044-184.jpeg,768,496,380928,1.548,35.37,36.74,255,0,255,35.37,35.37,35.37,0
OCT,val,CNV,CNV-103044-194.jpeg,512,496,253952,1.032,45.65,45.2,255,0,255,45.65,45.65,45.65,0
OCT,val,CNV,CNV-103044-198.jpeg,512,496,253952,1.032,45.61,47.03,255,0,255,45.61,45.61,45.61,0
OCT,val,CNV,CNV-103044-202.jpeg,768,496,380928,1.548,39.02,38.44,255,0,255,39.02,39.02,39.02,0
OCT,val,CNV,CNV-103044-23.jpeg,512,496,253952,1.032,41.25,51.16,255,0,255,41.25,41.25,41.25,0
OCT,val,CNV,CNV-103044-28.jpeg,512,496,253952,1.032,59.48,58.41,255,0,255,59.48,59.48,59.48,0
OCT,val,CNV,CNV-103044-34.jpeg,768,496,380928,1.548,41.27,39.93,255,0,255,41.27,41.27,41.27,0
OCT,val,CNV,CNV-103044-37.jpeg,512,496,253952,1.032,35.22,39.15,255,0,255,35.22,35.22,35.22,0
OCT,val,CNV,CNV-103044-39.jpeg,512,496,253952,1.032,44.76,46.46,255,0,255,44.76,44.76,44.76,0
OCT,val,CNV,CNV-103044-5.jpeg,512,496,253952,1.032,30.14,37.58,255,0,255,30.14,30.14,30.14,0
OCT,val,CNV,CNV-103044-53.jpeg,768,496,380928,1.548,30.96,36.15,255,0,255,30.96,30.96,30.96,0
OCT,val,CNV,CNV-103044-66.jpeg,512,496,253952,1.032,62.17,59.91,255,0,255,62.17,62.17,62.17,0
OCT,val,CNV,CNV-103044-70.jpeg,768,496,380928,1.548,30.86,35.8,255,0,255,30.86,30.86,30.86,0
OCT,val,CNV,CNV-103044-74.jpeg,512,496,253952,1.032,52.4,53.91,255,0,255,52.4,52.4,52.4,0
OCT,val,CNV,CNV-103044-76.jpeg,512,496,253952,1.032,51.85,55.62,255,0,255,51.85,51.85,51.85,0
OCT,val,CNV,CNV-103044-82.jpeg,768,496,380928,1.548,42.32,41.33,255,0,255,42.32,42.32,42.32,0
OCT,val,CNV,CNV-1072411-11.jpeg,512,496,253952,1.032,69.09,82.84,255,0,255,69.09,69.09,69.09,0
OCT,val,CNV,CNV-1072411-16.jpeg,768,496,380928,1.548,45.76,45.06,255,0,255,45.76,45.76,45.76,0
OCT,val,CNV,CNV-1083927-1.jpeg,512,496,253952,1.032,35.46,38.55,255,0,255,35.46,35.46,35.46,0
OCT,val,CNV,CNV-1083927-103.jpeg,1536,496,761856,3.097,26.31,26.83,255,0,255,26.31,26.31,26.31,0
OCT,val,CNV,CNV-1083927-110.jpeg,512,496,253952,1.032,46.58,42.4,255,0,255,46.58,46.58,46.58,0
OCT,val,CNV,CNV-1083927-116.jpeg,768,496,380928,1.548,49.45,44.12,255,0,255,49.45,49.45,49.45,0
OCT,val,CNV,CNV-1083927-129.jpeg,512,496,253952,1.032,64.16,72.41,255,0,255,64.16,64.16,64.16,0
OCT,val,CNV,CNV-1083927-136.jpeg,768,496,380928,1.548,54.45,47.23,255,0,255,54.45,54.45,54.45,0
OCT,val,CNV,CNV-1083927-137.jpeg,768,496,380928,1.548,49.11,46.35,255,0,255,49.11,49.11,49.11,0
OCT,val,CNV,CNV-1083927-138.jpeg,768,496,380928,1.548,49.17,46.47,255,0,255,49.17,49.17,49.17,0
OCT,val,CNV,CNV-1083927-148.jpeg,768,496,380928,1.548,45.42,36.35,255,0,255,45.42,45.42,45.42,0
OCT,val,CNV,CNV-1083927-158.jpeg,512,496,253952,1.032,44.64,51.78,255,0,255,44.64,44.64,44.64,0
OCT,val,CNV,CNV-1083927-172.jpeg,512,496,253952,1.032,128.64,81.42,255,0,255,128.64,128.64,128.64,0
OCT,val,CNV,CNV-1083927-206.jpeg,768,496,380928,1.548,66.42,55.49,255,0,255,66.42,66.42,66.42,0
OCT,val,CNV,CNV-1083927-213.jpeg,512,496,253952,1.032,101.64,83.29,255,0,255,101.64,101.64,101.64,0
OCT,val,CNV,CNV-1083927-225.jpeg,512,496,253952,1.032,49.16,56.01,255,0,255,49.16,49.16,49.16,0
OCT,val,CNV,CNV-1083927-227.jpeg,512,496,253952,1.032,76.5,69.53,255,0,255,76.5,76.5,76.5,0
OCT,val,CNV,CNV-1083927-23.jpeg,768,496,380928,1.548,61.79,56.13,255,0,255,61.79,61.79,61.79,0
OCT,val,CNV,CNV-1083927-29.jpeg,512,496,253952,1.032,85.47,77.6,255,0,255,85.47,85.47,85.47,0
OCT,val,CNV,CNV-1083927-36.jpeg,512,496,253952,1.032,37.73,47.91,255,0,255,37.73,37.73,37.73,0
OCT,val,CNV,CNV-1083927-38.jpeg,768,496,380928,1.548,53.21,48.73,255,0,255,53.21,53.21,53.21,0
OCT,val,CNV,CNV-1083927-49.jpeg,512,496,253952,1.032,83.11,78.52,255,0,255,83.11,83.11,83.11,0
OCT,val,CNV,CNV-1083927-62.jpeg,768,496,380928,1.548,48.91,46.78,255,0,255,48.91,48.91,48.91,0
OCT,val,CNV,CNV-1083927-67.jpeg,768,496,380928,1.548,42.23,42.96,255,0,255,42.23,42.23,42.23,0
OCT,val,CNV,CNV-1083927-77.jpeg,512,496,253952,1.032,41.8,65.67,255,0,255,41.8,41.8,41.8,0
OCT,val,CNV,CNV-1083927-86.jpeg,512,496,253952,1.032,101.33,72.99,255,0,255,101.33,101.33,101.33,0
OCT,val,CNV,CNV-1083927-95.jpeg,512,496,253952,1.032,51.09,59.09,255,0,255,51.09,51.09,51.09,0
OCT,val,CNV,CNV-1112835-107.jpeg,768,496,380928,1.548,30.74,33.11,255,0,255,30.74,30.74,30.74,0
OCT,val,CNV,CNV-1112835-121.jpeg,768,496,380928,1.548,41.3,39.58,255,0,255,41.3,41.3,41.3,0
OCT,val,CNV,CNV-1112835-144.jpeg,512,496,253952,1.032,65.45,66.84,255,0,255,65.45,65.45,65.45,0
OCT,val,CNV,CNV-1112835-155.jpeg,512,496,253952,1.032,44.62,44.31,255,0,255,44.62,44.62,44.62,0
OCT,val,CNV,CNV-1112835-175.jpeg,512,496,253952,1.032,62.86,67.06,255,0,255,62.86,62.86,62.86,0
OCT,val,CNV,CNV-1112835-188.jpeg,512,496,253952,1.032,46.94,45.42,255,0,255,46.94,46.94,46.94,0
OCT,val,CNV,CNV-1112835-233.jpeg,768,496,380928,1.548,33.42,34.58,255,0,255,33.42,33.42,33.42,0
OCT,val,CNV,CNV-1112835-253.jpeg,512,496,253952,1.032,53.73,49.79,255,0,255,53.73,53.73,53.73,0
OCT,val,CNV,CNV-1112835-266.jpeg,1536,496,761856,3.097,35.52,37.16,255,0,255,35.52,35.52,35.52,0
OCT,val,CNV,CNV-1112835-27.jpeg,512,496,253952,1.032,48.57,55.25,255,0,255,48.57,48.57,48.57,0
OCT,val,CNV,CNV-1112835-305.jpeg,512,496,253952,1.032,54.03,57.04,255,0,255,54.03,54.03,54.03,0
OCT,val,CNV,CNV-1112835-312.jpeg,512,496,253952,1.032,151.45,99.2,255,0,255,151.45,151.45,151.45,0
OCT,val,CNV,CNV-1112835-317.jpeg,512,496,253952,1.032,99.33,93.15,255,0,255,99.33,99.33,99.33,0
OCT,val,CNV,CNV-1112835-334.jpeg,768,496,380928,1.548,38.48,37.2,255,0,255,38.48,38.48,38.48,0
OCT,val,CNV,CNV-1112835-347.jpeg,512,496,253952,1.032,48.96,58.85,255,0,255,48.96,48.96,48.96,0
OCT,val,CNV,CNV-1112835-52.jpeg,512,496,253952,1.032,42.49,54.61,255,0,255,42.49,42.49,42.49,0
OCT,val,CNV,CNV-1112835-75.jpeg,768,496,380928,1.548,35.19,34.8,255,0,255,35.19,35.19,35.19,0
OCT,val,CNV,CNV-1112835-79.jpeg,768,496,380928,1.548,35.29,37.56,255,0,255,35.29,35.29,35.29,0
OCT,val,CNV,CNV-1112835-83.jpeg,512,496,253952,1.032,45.31,42.57,255,0,255,45.31,45.31,45.31,0
OCT,val,CNV,CNV-1112835-97.jpeg,512,496,253952,1.032,55.84,63.69,255,0,255,55.84,55.84,55.84,0
OCT,val,CNV,CNV-1130960-10.jpeg,512,496,253952,1.032,51.36,55.71,255,0,255,51.36,51.36,51.36,0
OCT,val,CNV,CNV-1130960-11.jpeg,512,496,253952,1.032,49.94,52.51,255,0,255,49.94,49.94,49.94,0
OCT,val,CNV,CNV-1130960-13.jpeg,768,496,380928,1.548,40.17,40.53,255,0,255,40.17,40.17,40.17,0
OCT,val,CNV,CNV-1130960-15.jpeg,768,496,380928,1.548,64.98,73.27,255,0,255,64.98,64.98,64.98,0
OCT,val,CNV,CNV-1130960-16.jpeg,768,496,380928,1.548,56.96,63.45,255,0,255,56.96,56.96,56.96,0
OCT,val,CNV,CNV-1130960-17.jpeg,768,496,380928,1.548,63.41,69.82,255,0,255,63.41,63.41,63.41,0
OCT,val,CNV,CNV-1130960-25.jpeg,1536,496,761856,3.097,35.37,34.67,255,0,255,35.37,35.37,35.37,0
OCT,val,CNV,CNV-1130960-27.jpeg,1536,496,761856,3.097,28.51,30.93,255,0,255,28.51,28.51,28.51,0
OCT,val,CNV,CNV-1130960-36.jpeg,768,496,380928,1.548,32.22,33.81,255,0,255,32.22,32.22,32.22,0
OCT,val,CNV,CNV-1131664-10.jpeg,512,496,253952,1.032,61.75,59.93,255,0,255,61.75,61.75,61.75,0
OCT,val,CNV,CNV-1131664-15.jpeg,512,496,253952,1.032,51.18,44.51,255,0,255,51.18,51.18,51.18,0
OCT,val,CNV,CNV-1131664-17.jpeg,512,496,253952,1.032,55.54,52.77,255,0,255,55.54,55.54,55.54,0
OCT,val,CNV,CNV-1131664-22.jpeg,512,496,253952,1.032,50.39,62.23,255,0,255,50.39,50.39,50.39,0
OCT,val,CNV,CNV-1131664-24.jpeg,1536,496,761856,3.097,36.38,38.92,255,0,255,36.38,36.38,36.38,0
OCT,val,CNV,CNV-1131664-28.jpeg,512,496,253952,1.032,47.84,51.88,255,0,255,47.84,47.84,47.84,0
OCT,val,CNV,CNV-1131664-32.jpeg,512,496,253952,1.032,69.38,64.52,255,0,255,69.38,69.38,69.38,0
OCT,val,CNV,CNV-1131664-40.jpeg,512,496,253952,1.032,40.22,39.99,255,0,255,40.22,40.22,40.22,0
OCT,val,CNV,CNV-1131664-41.jpeg,512,496,253952,1.032,42.58,47.03,255,0,255,42.58,42.58,42.58,0
OCT,val,CNV,CNV-1131664-44.jpeg,512,496,253952,1.032,47.82,48.26,255,0,255,47.82,47.82,47.82,0
OCT,val,CNV,CNV-1136126-30.jpeg,1536,496,761856,3.097,35.07,36.84,255,0,255,35.07,35.07,35.07,0
OCT,val,CNV,CNV-1136126-41.jpeg,1536,496,761856,3.097,38.43,36.79,255,0,255,38.43,38.43,38.43,0
OCT,val,CNV,CNV-1147102-2.jpeg,768,496,380928,1.548,42.22,41.55,255,0,255,42.22,42.22,42.22,0
OCT,val,CNV,CNV-1169820-14.jpeg,512,496,253952,1.032,51.09,61.0,255,0,255,51.09,51.09,51.09,0
OCT,val,CNV,CNV-1169820-34.jpeg,512,496,253952,1.032,116.18,99.0,255,0,255,116.18,116.18,116.18,0
OCT,val,CNV,CNV-1169820-40.jpeg,512,496,253952,1.032,77.31,85.41,255,0,255,77.31,77.31,77.31,0
OCT,val,CNV,CNV-1169820-43.jpeg,512,496,253952,1.032,117.31,102.52,255,0,255,117.31,117.31,117.31,0
OCT,val,CNV,CNV-1169820-47.jpeg,768,496,380928,1.548,33.79,38.08,255,0,255,33.79,33.79,33.79,0
OCT,val,CNV,CNV-1173253-23.jpeg,512,496,253952,1.032,43.94,46.03,255,0,255,43.94,43.94,43.94,0
OCT,val,CNV,CNV-1174703-14.jpeg,512,496,253952,1.032,105.49,100.74,255,0,255,105.49,105.49,105.49,0
OCT,val,CNV,CNV-1177084-1.jpeg,1536,496,761856,3.097,31.86,31.93,255,0,255,31.86,31.86,31.86,0
OCT,val,CNV,CNV-1188386-100.jpeg,768,496,380928,1.548,38.82,41.14,255,0,255,38.82,38.82,38.82,0
OCT,val,CNV,CNV-1188386-127.jpeg,512,496,253952,1.032,54.48,46.51,255,0,255,54.48,54.48,54.48,0
OCT,val,CNV,CNV-1188386-15.jpeg,512,496,253952,1.032,53.75,60.26,255,0,255,53.75,53.75,53.75,0
OCT,val,CNV,CNV-1188386-179.jpeg,512,496,253952,1.032,51.8,53.45,255,0,255,51.8,51.8,51.8,0
OCT,val,CNV,CNV-1188386-191.jpeg,1536,496,761856,3.097,39.46,40.33,255,0,255,39.46,39.46,39.46,0
OCT,val,CNV,CNV-1188386-212.jpeg,768,496,380928,1.548,43.31,44.43,255,0,255,43.31,43.31,43.31,0
OCT,val,CNV,CNV-1188386-274.jpeg,768,496,380928,1.548,41.09,41.2,255,0,255,41.09,41.09,41.09,0
OCT,val,CNV,CNV-1188386-280.jpeg,1536,496,761856,3.097,36.88,39.79,255,0,255,36.88,36.88,36.88,0
OCT,val,CNV,CNV-1188386-291.jpeg,512,496,253952,1.032,75.33,76.4,255,0,255,75.33,75.33,75.33,0
OCT,val,CNV,CNV-1188386-319.jpeg,512,496,253952,1.032,43.6,45.54,255,0,255,43.6,43.6,43.6,0
OCT,val,CNV,CNV-1188386-322.jpeg,512,496,253952,1.032,51.69,50.59,255,0,255,51.69,51.69,51.69,0
OCT,val,CNV,CNV-1188386-355.jpeg,1536,496,761856,3.097,37.85,37.96,255,0,255,37.85,37.85,37.85,0
OCT,val,CNV,CNV-1188386-37.jpeg,768,496,380928,1.548,41.89,44.79,255,0,255,41.89,41.89,41.89,0
OCT,val,CNV,CNV-1188386-374.jpeg,512,496,253952,1.032,44.0,42.86,255,0,255,44.0,44.0,44.0,0
OCT,val,CNV,CNV-1188386-378.jpeg,512,496,253952,1.032,65.76,65.94,255,0,255,65.76,65.76,65.76,0
OCT,val,CNV,CNV-1188386-433.jpeg,768,496,380928,1.548,38.25,40.34,255,0,255,38.25,38.25,38.25,0
OCT,val,CNV,CNV-1188386-465.jpeg,512,496,253952,1.032,75.9,60.9,255,0,255,75.9,75.9,75.9,0
OCT,val,CNV,CNV-1188386-469.jpeg,512,496,253952,1.032,80.75,61.54,255,0,255,80.75,80.75,80.75,0
OCT,val,CNV,CNV-1188386-517.jpeg,768,496,380928,1.548,44.66,43.37,255,0,255,44.66,44.66,44.66,0
OCT,val,CNV,CNV-1188386-552.jpeg,512,496,253952,1.032,52.86,55.19,255,0,255,52.86,52.86,52.86,0
OCT,val,CNV,CNV-1188386-554.jpeg,512,496,253952,1.032,52.02,54.7,255,0,255,52.02,52.02,52.02,0
OCT,val,CNV,CNV-1188386-579.jpeg,768,496,380928,1.548,38.22,39.61,255,0,255,38.22,38.22,38.22,0
OCT,val,CNV,CNV-1188386-6.jpeg,512,496,253952,1.032,49.39,48.55,255,0,255,49.39,49.39,49.39,0
OCT,val,CNV,CNV-1188386-608.jpeg,512,496,253952,1.032,56.67,58.25,255,0,255,56.67,56.67,56.67,0
OCT,val,CNV,CNV-1188386-633.jpeg,768,496,380928,1.548,41.14,44.19,255,0,255,41.14,41.14,41.14,0
OCT,val,CNV,CNV-1188386-642.jpeg,512,496,253952,1.032,56.91,59.16,255,0,255,56.91,56.91,56.91,0
OCT,val,CNV,CNV-1188386-660.jpeg,512,496,253952,1.032,49.16,47.0,255,0,255,49.16,49.16,49.16,0
OCT,val,CNV,CNV-1188386-70.jpeg,512,496,253952,1.032,48.88,60.65,255,0,255,48.88,48.88,48.88,0
OCT,val,CNV,CNV-1188386-718.jpeg,1536,496,761856,3.097,37.15,41.02,255,0,255,37.15,37.15,37.15,0
OCT,val,CNV,CNV-1188386-725.jpeg,512,496,253952,1.032,57.98,54.75,255,0,255,57.98,57.98,57.98,0
OCT,val,CNV,CNV-1188386-754.jpeg,768,496,380928,1.548,36.66,38.34,255,0,255,36.66,36.66,36.66,0
OCT,val,CNV,CNV-1188386-756.jpeg,768,496,380928,1.548,44.87,45.0,255,0,255,44.87,44.87,44.87,0
OCT,val,CNV,CNV-1188386-760.jpeg,512,496,253952,1.032,49.13,49.72,255,0,255,49.13,49.13,49.13,0
OCT,val,CNV,CNV-1188386-764.jpeg,512,496,253952,1.032,50.37,50.68,255,0,255,50.37,50.37,50.37,0
OCT,val,CNV,CNV-1188386-778.jpeg,512,496,253952,1.032,54.6,55.2,255,0,255,54.6,54.6,54.6,0
OCT,val,CNV,CNV-1188386-803.jpeg,512,496,253952,1.032,45.9,49.94,255,0,255,45.9,45.9,45.9,0
OCT,val,CNV,CNV-1188386-808.jpeg,512,496,253952,1.032,48.27,46.84,255,0,255,48.27,48.27,48.27,0
OCT,val,CNV,CNV-1188386-82.jpeg,768,496,380928,1.548,42.9,43.31,255,0,255,42.9,42.9,42.9,0
OCT,val,CNV,CNV-122878-25.jpeg,512,496,253952,1.032,51.5,54.62,255,0,255,51.5,51.5,51.5,0
OCT,val,CNV,CNV-1260317-20.jpeg,512,496,253952,1.032,115.04,95.33,255,0,255,115.04,115.04,115.04,0
OCT,val,CNV,CNV-1260317-24.jpeg,768,496,380928,1.548,60.25,53.06,255,0,255,60.25,60.25,60.25,0
OCT,val,CNV,CNV-1260317-67.jpeg,1536,496,761856,3.097,26.09,29.25,255,0,255,26.09,26.09,26.09,0
OCT,val,CNV,CNV-1260317-73.jpeg,512,496,253952,1.032,61.72,52.11,255,0,255,61.72,61.72,61.72,0
OCT,val,CNV,CNV-1260317-75.jpeg,512,496,253952,1.032,55.31,45.51,255,0,255,55.31,55.31,55.31,0
OCT,val,CNV,CNV-1260317-84.jpeg,512,496,253952,1.032,85.39,66.06,255,0,255,85.39,85.39,85.39,0
OCT,val,CNV,CNV-1279887-109.jpeg,512,496,253952,1.032,99.48,73.2,255,0,255,99.48,99.48,99.48,0
OCT,val,CNV,CNV-1279887-120.jpeg,1536,496,761856,3.097,40.38,35.48,255,0,255,40.38,40.38,40.38,0
OCT,val,CNV,CNV-1279887-156.jpeg,512,496,253952,1.032,106.2,76.24,255,0,255,106.2,106.2,106.2,0
OCT,val,CNV,CNV-1279887-160.jpeg,512,496,253952,1.032,54.92,38.26,255,0,255,54.92,54.92,54.92,0
OCT,val,CNV,CNV-1279887-181.jpeg,512,496,253952,1.032,86.4,83.4,255,0,255,86.4,86.4,86.4,0
OCT,val,CNV,CNV-1279887-186.jpeg,768,496,380928,1.548,44.47,41.53,255,0,255,44.47,44.47,44.47,0
OCT,val,CNV,CNV-1279887-197.jpeg,512,496,253952,1.032,87.01,83.13,255,0,255,87.01,87.01,87.01,0
OCT,val,CNV,CNV-1279887-200.jpeg,768,496,380928,1.548,41.41,40.27,255,0,255,41.41,41.41,41.41,0
OCT,val,CNV,CNV-1279887-223.jpeg,512,496,253952,1.032,51.0,46.59,255,0,255,51.0,51.0,51.0,0
OCT,val,CNV,CNV-1279887-224.jpeg,512,496,253952,1.032,49.04,47.81,255,0,255,49.04,49.04,49.04,0
OCT,val,CNV,CNV-1279887-256.jpeg,768,496,380928,1.548,39.57,39.17,255,0,255,39.57,39.57,39.57,0
OCT,val,CNV,CNV-1279887-28.jpeg,512,496,253952,1.032,124.45,102.04,255,0,255,124.45,124.45,124.45,0
OCT,val,CNV,CNV-1279887-33.jpeg,768,496,380928,1.548,35.73,35.99,255,0,255,35.73,35.73,35.73,0
OCT,val,CNV,CNV-1279887-40.jpeg,512,496,253952,1.032,60.08,70.27,255,0,255,60.08,60.08,60.08,0
OCT,val,CNV,CNV-1279887-5.jpeg,512,496,253952,1.032,96.24,85.65,255,0,255,96.24,96.24,96.24,0
OCT,val,CNV,CNV-1279887-51.jpeg,512,496,253952,1.032,132.48,96.59,255,0,255,132.48,132.48,132.48,0
OCT,val,CNV,CNV-1279887-53.jpeg,512,496,253952,1.032,134.21,97.54,255,0,255,134.21,134.21,134.21,0
OCT,val,CNV,CNV-1279887-63.jpeg,512,496,253952,1.032,87.45,70.99,255,0,255,87.45,87.45,87.45,0
OCT,val,CNV,CNV-1279887-7.jpeg,768,496,380928,1.548,43.97,37.96,255,0,255,43.97,43.97,43.97,0
OCT,val,CNV,CNV-1279887-80.jpeg,768,496,380928,1.548,34.58,35.45,255,0,255,34.58,34.58,34.58,0
OCT,val,CNV,CNV-1279887-81.jpeg,768,496,380928,1.548,34.51,34.49,255,0,255,34.51,34.51,34.51,0
OCT,val,CNV,CNV-1279887-97.jpeg,768,496,380928,1.548,34.43,32.47,255,0,255,34.43,34.43,34.43,0
OCT,val,CNV,CNV-1279887-99.jpeg,1536,496,761856,3.097,26.76,32.56,255,0,255,26.76,26.76,26.76,0
OCT,val,CNV,CNV-1290410-123.jpeg,512,496,253952,1.032,47.14,51.53,255,0,255,47.14,47.14,47.14,0
OCT,val,CNV,CNV-1290410-133.jpeg,768,496,380928,1.548,39.44,38.41,255,0,255,39.44,39.44,39.44,0
OCT,val,CNV,CNV-1290410-147.jpeg,768,496,380928,1.548,34.88,32.72,255,0,255,34.88,34.88,34.88,0
OCT,val,CNV,CNV-1290410-15.jpeg,512,496,253952,1.032,37.21,43.61,255,0,255,37.21,37.21,37.21,0
OCT,val,CNV,CNV-1290410-161.jpeg,512,496,253952,1.032,44.34,48.15,255,0,255,44.34,44.34,44.34,0
OCT,val,CNV,CNV-1290410-4.jpeg,512,496,253952,1.032,45.5,52.95,255,0,255,45.5,45.5,45.5,0
OCT,val,CNV,CNV-1290410-43.jpeg,768,496,380928,1.548,32.91,34.76,255,0,255,32.91,32.91,32.91,0
OCT,val,CNV,CNV-1290410-78.jpeg,512,496,253952,1.032,54.52,61.41,255,0,255,54.52,54.52,54.52,0
OCT,val,CNV,CNV-1290410-96.jpeg,512,496,253952,1.032,49.93,59.25,255,0,255,49.93,49.93,49.93,0
OCT,val,CNV,CNV-1305450-108.jpeg,1536,496,761856,3.097,31.61,34.72,255,0,255,31.61,31.61,31.61,0
OCT,val,CNV,CNV-1305450-111.jpeg,512,496,253952,1.032,57.98,65.18,255,0,255,57.98,57.98,57.98,0
OCT,val,CNV,CNV-1305450-119.jpeg,512,496,253952,1.032,53.75,57.39,255,0,255,53.75,53.75,53.75,0
OCT,val,CNV,CNV-1305450-123.jpeg,1536,496,761856,3.097,32.63,35.69,255,0,255,32.63,32.63,32.63,0
OCT,val,CNV,CNV-1305450-129.jpeg,512,496,253952,1.032,68.41,74.58,255,0,255,68.41,68.41,68.41,0
OCT,val,CNV,CNV-1305450-133.jpeg,768,496,380928,1.548,27.63,33.24,255,0,255,27.63,27.63,27.63,0
OCT,val,CNV,CNV-1305450-14.jpeg,512,496,253952,1.032,86.15,83.84,255,0,255,86.15,86.15,86.15,0
OCT,val,CNV,CNV-1305450-189.jpeg,512,496,253952,1.032,49.1,63.58,255,0,255,49.1,49.1,49.1,0
OCT,val,CNV,CNV-1305450-20.jpeg,512,496,253952,1.032,144.57,93.59,255,0,255,144.57,144.57,144.57,0
OCT,val,CNV,CNV-1305450-208.jpeg,512,496,253952,1.032,43.0,45.64,255,0,255,43.0,43.0,43.0,0
OCT,val,CNV,CNV-1305450-226.jpeg,1536,496,761856,3.097,46.36,40.13,255,0,255,46.36,46.36,46.36,0
OCT,val,CNV,CNV-1305450-230.jpeg,512,496,253952,1.032,76.58,47.68,255,0,255,76.58,76.58,76.58,0
OCT,val,CNV,CNV-1305450-74.jpeg,1536,496,761856,3.097,33.52,31.27,255,0,255,33.52,33.52,33.52,0
OCT,val,CNV,CNV-1305450-75.jpeg,1536,496,761856,3.097,31.0,31.72,255,0,255,31.0,31.0,31.0,0
OCT,val,CNV,CNV-1305450-91.jpeg,768,496,380928,1.548,40.85,38.51,255,0,255,40.85,40.85,40.85,0
OCT,val,CNV,CNV-1305450-99.jpeg,768,496,380928,1.548,44.24,41.34,255,0,255,44.24,44.24,44.24,0
OCT,val,CNV,CNV-1322624-102.jpeg,768,496,380928,1.548,28.63,34.68,255,0,255,28.63,28.63,28.63,0
OCT,val,CNV,CNV-1322624-142.jpeg,512,496,253952,1.032,40.78,55.65,255,0,255,40.78,40.78,40.78,0
OCT,val,CNV,CNV-1322624-21.jpeg,512,496,253952,1.032,39.08,46.3,255,0,255,39.08,39.08,39.08,0
OCT,val,CNV,CNV-1322624-23.jpeg,512,496,253952,1.032,32.26,40.56,255,0,255,32.26,32.26,32.26,0
OCT,val,CNV,CNV-1322624-35.jpeg,768,496,380928,1.548,31.23,34.29,255,0,255,31.23,31.23,31.23,0
OCT,val,CNV,CNV-1322624-59.jpeg,512,496,253952,1.032,30.53,37.29,255,0,255,30.53,30.53,30.53,0
OCT,val,CNV,CNV-1322624-89.jpeg,768,496,380928,1.548,32.45,37.68,255,0,255,32.45,32.45,32.45,0
OCT,val,CNV,CNV-135126-16.jpeg,512,496,253952,1.032,51.3,59.42,255,0,255,51.3,51.3,51.3,0
OCT,val,CNV,CNV-135126-20.jpeg,512,496,253952,1.032,50.95,38.47,255,0,255,50.95,50.95,50.95,0
OCT,val,CNV,CNV-135126-23.jpeg,1024,496,507904,2.065,48.93,57.93,255,0,255,48.93,48.93,48.93,0
OCT,val,CNV,CNV-135126-28.jpeg,1024,496,507904,2.065,55.95,58.89,255,0,255,55.95,55.95,55.95,0
OCT,val,CNV,CNV-135126-9.jpeg,512,496,253952,1.032,99.7,95.44,255,0,255,99.7,99.7,99.7,0
OCT,val,CNV,CNV-1356232-2.jpeg,512,496,253952,1.032,86.17,71.13,255,0,255,86.17,86.17,86.17,0
OCT,val,CNV,CNV-1356232-27.jpeg,512,496,253952,1.032,71.71,70.79,255,0,255,71.71,71.71,71.71,0
OCT,val,CNV,CNV-1356232-5.jpeg,512,496,253952,1.032,46.34,43.8,255,0,255,46.34,46.34,46.34,0
OCT,val,CNV,CNV-137351-100.jpeg,512,496,253952,1.032,102.23,96.34,255,0,255,102.23,102.23,102.23,0
OCT,val,CNV,CNV-137351-108.jpeg,512,496,253952,1.032,62.56,61.95,255,0,255,62.56,62.56,62.56,0
OCT,val,CNV,CNV-137351-11.jpeg,512,496,253952,1.032,38.94,46.56,255,0,255,38.94,38.94,38.94,0
OCT,val,CNV,CNV-137351-110.jpeg,768,496,380928,1.548,38.79,40.61,255,0,255,38.79,38.79,38.79,0
OCT,val,CNV,CNV-137351-12.jpeg,512,496,253952,1.032,53.52,59.71,255,0,255,53.52,53.52,53.52,0
OCT,val,CNV,CNV-137351-123.jpeg,768,496,380928,1.548,40.83,40.51,255,0,255,40.83,40.83,40.83,0
OCT,val,CNV,CNV-137351-133.jpeg,512,496,253952,1.032,49.93,48.41,255,0,255,49.93,49.93,49.93,0
OCT,val,CNV,CNV-137351-37.jpeg,512,496,253952,1.032,68.43,68.47,255,0,255,68.43,68.43,68.43,0
OCT,val,CNV,CNV-137351-39.jpeg,512,496,253952,1.032,69.55,76.66,255,0,255,69.55,69.55,69.55,0
OCT,val,CNV,CNV-137351-55.jpeg,512,496,253952,1.032,57.9,62.37,255,0,255,57.9,57.9,57.9,0
OCT,val,CNV,CNV-137351-80.jpeg,1536,496,761856,3.097,39.75,40.74,255,0,255,39.75,39.75,39.75,0
OCT,val,CNV,CNV-137351-84.jpeg,768,496,380928,1.548,35.47,38.81,255,0,255,35.47,35.47,35.47,0
OCT,val,CNV,CNV-137351-90.jpeg,512,496,253952,1.032,87.24,73.68,255,0,255,87.24,87.24,87.24,0
OCT,val,CNV,CNV-137351-98.jpeg,768,496,380928,1.548,44.86,45.49,255,0,255,44.86,44.86,44.86,0
OCT,val,CNV,CNV-1390155-15.jpeg,768,496,380928,1.548,40.04,39.86,255,0,255,40.04,40.04,40.04,0
OCT,val,CNV,CNV-1390155-19.jpeg,1536,496,761856,3.097,27.07,32.82,255,0,255,27.07,27.07,27.07,0
OCT,val,CNV,CNV-1390155-31.jpeg,512,496,253952,1.032,34.86,33.21,255,0,255,34.86,34.86,34.86,0
OCT,val,CNV,CNV-1390155-40.jpeg,1536,496,761856,3.097,29.87,34.24,255,0,255,29.87,29.87,29.87,0
OCT,val,CNV,CNV-1390155-41.jpeg,1536,496,761856,3.097,28.68,33.78,255,0,255,28.68,28.68,28.68,0
OCT,val,CNV,CNV-1390155-45.jpeg,512,496,253952,1.032,46.96,49.33,255,0,255,46.96,46.96,46.96,0
OCT,val,CNV,CNV-1390155-54.jpeg,512,496,253952,1.032,54.38,61.22,255,0,255,54.38,54.38,54.38,0
OCT,val,CNV,CNV-1390155-62.jpeg,1536,496,761856,3.097,33.64,40.9,255,0,255,33.64,33.64,33.64,0
OCT,val,CNV,CNV-1390155-63.jpeg,512,496,253952,1.032,79.94,74.7,255,0,255,79.94,79.94,79.94,0
OCT,val,CNV,CNV-1390155-78.jpeg,1536,496,761856,3.097,59.34,69.72,255,0,255,59.34,59.34,59.34,0
OCT,val,CNV,CNV-1390155-80.jpeg,512,496,253952,1.032,111.71,104.91,255,0,255,111.71,111.71,111.71,0
OCT,val,CNV,CNV-1390155-96.jpeg,512,496,253952,1.032,54.44,55.78,255,0,255,54.44,54.44,54.44,0
OCT,val,CNV,CNV-1415351-3.jpeg,512,496,253952,1.032,56.59,53.11,255,0,255,56.59,56.59,56.59,0
OCT,val,CNV,CNV-1415351-8.jpeg,512,496,253952,1.032,54.71,46.73,255,0,255,54.71,54.71,54.71,0
OCT,val,CNV,CNV-1455244-7.jpeg,512,496,253952,1.032,50.95,58.25,255,0,255,50.95,50.95,50.95,0
OCT,val,CNV,CNV-154835-14.jpeg,1536,496,761856,3.097,27.79,26.4,255,0,255,27.79,27.79,27.79,0
OCT,val,CNV,CNV-154835-28.jpeg,768,496,380928,1.548,33.26,33.39,255,0,255,33.26,33.26,33.26,0
OCT,val,CNV,CNV-154835-29.jpeg,768,496,380928,1.548,33.64,34.49,255,0,255,33.64,33.64,33.64,0
OCT,val,CNV,CNV-154835-33.jpeg,512,496,253952,1.032,43.18,47.58,255,0,255,43.18,43.18,43.18,0
OCT,val,CNV,CNV-154835-57.jpeg,512,496,253952,1.032,50.42,64.84,255,0,255,50.42,50.42,50.42,0
OCT,val,CNV,CNV-163081-10.jpeg,768,496,380928,1.548,47.64,44.16,255,0,255,47.64,47.64,47.64,0
OCT,val,CNV,CNV-163081-108.jpeg,512,496,253952,1.032,105.96,81.74,255,0,255,105.96,105.96,105.96,0
OCT,val,CNV,CNV-163081-109.jpeg,512,496,253952,1.032,105.95,81.02,255,0,255,105.95,105.95,105.95,0
OCT,val,CNV,CNV-163081-119.jpeg,768,496,380928,1.548,44.12,41.45,255,0,255,44.12,44.12,44.12,0
OCT,val,CNV,CNV-163081-122.jpeg,512,496,253952,1.032,115.17,95.61,255,0,255,115.17,115.17,115.17,0
OCT,val,CNV,CNV-163081-137.jpeg,768,496,380928,1.548,46.02,42.98,255,0,255,46.02,46.02,46.02,0
OCT,val,CNV,CNV-163081-14.jpeg,512,496,253952,1.032,49.4,59.7,255,0,255,49.4,49.4,49.4,0
OCT,val,CNV,CNV-163081-149.jpeg,512,496,253952,1.032,44.03,40.37,255,0,255,44.03,44.03,44.03,0
OCT,val,CNV,CNV-163081-155.jpeg,1536,496,761856,3.097,35.09,36.89,255,0,255,35.09,35.09,35.09,0
OCT,val,CNV,CNV-163081-19.jpeg,768,496,380928,1.548,43.19,44.92,255,0,255,43.19,43.19,43.19,0
OCT,val,CNV,CNV-163081-192.jpeg,512,496,253952,1.032,53.78,41.97,255,0,255,53.78,53.78,53.78,0
OCT,val,CNV,CNV-163081-202.jpeg,512,496,253952,1.032,48.15,52.45,255,0,255,48.15,48.15,48.15,0
OCT,val,CNV,CNV-163081-21.jpeg,768,496,380928,1.548,47.43,43.14,255,0,255,47.43,47.43,47.43,0
OCT,val,CNV,CNV-163081-214.jpeg,512,496,253952,1.032,51.73,47.22,255,0,255,51.73,51.73,51.73,0
OCT,val,CNV,CNV-163081-228.jpeg,512,496,253952,1.032,72.33,56.24,255,0,255,72.33,72.33,72.33,0
OCT,val,CNV,CNV-163081-233.jpeg,512,496,253952,1.032,61.72,57.07,255,0,255,61.72,61.72,61.72,0
OCT,val,CNV,CNV-163081-235.jpeg,512,496,253952,1.032,59.55,60.85,255,0,255,59.55,59.55,59.55,0
OCT,val,CNV,CNV-163081-238.jpeg,768,496,380928,1.548,31.34,30.42,255,0,255,31.34,31.34,31.34,0
OCT,val,CNV,CNV-163081-242.jpeg,512,496,253952,1.032,67.34,57.15,255,0,255,67.34,67.34,67.34,0
OCT,val,CNV,CNV-163081-250.jpeg,768,496,380928,1.548,54.73,50.62,255,0,255,54.73,54.73,54.73,0
OCT,val,CNV,CNV-163081-258.jpeg,768,496,380928,1.548,41.04,40.78,255,0,255,41.04,41.04,41.04,0
OCT,val,CNV,CNV-163081-34.jpeg,512,496,253952,1.032,127.96,83.83,255,0,255,127.96,127.96,127.96,0
OCT,val,CNV,CNV-163081-36.jpeg,1536,496,761856,3.097,25.95,26.23,255,0,255,25.95,25.95,25.95,0
OCT,val,CNV,CNV-163081-40.jpeg,512,496,253952,1.032,48.94,46.23,255,0,255,48.94,48.94,48.94,0
OCT,val,CNV,CNV-163081-61.jpeg,512,496,253952,1.032,50.42,48.43,255,0,255,50.42,50.42,50.42,0
OCT,val,CNV,CNV-163081-80.jpeg,512,496,253952,1.032,61.08,55.09,255,0,255,61.08,61.08,61.08,0
OCT,val,CNV,CNV-163081-86.jpeg,512,496,253952,1.032,73.69,62.88,255,0,255,73.69,73.69,73.69,0
OCT,val,CNV,CNV-163081-91.jpeg,768,496,380928,1.548,43.51,43.11,255,0,255,43.51,43.51,43.51,0
OCT,val,CNV,CNV-163081-94.jpeg,1536,496,761856,3.097,29.47,32.39,255,0,255,29.47,29.47,29.47,0
OCT,val,CNV,CNV-163081-96.jpeg,512,496,253952,1.032,42.82,38.63,255,0,255,42.82,42.82,42.82,0
OCT,val,CNV,CNV-1632795-10.jpeg,512,496,253952,1.032,83.63,92.57,255,0,255,83.63,83.63,83.63,0
OCT,val,CNV,CNV-1632795-25.jpeg,512,496,253952,1.032,66.75,76.64,255,0,255,66.75,66.75,66.75,0
OCT,val,CNV,CNV-1632795-29.jpeg,512,496,253952,1.032,50.51,58.05,255,0,255,50.51,50.51,50.51,0
OCT,val,CNV,CNV-1632795-31.jpeg,768,496,380928,1.548,66.64,80.76,255,0,255,66.64,66.64,66.64,0
OCT,val,CNV,CNV-1632795-5.jpeg,512,496,253952,1.032,90.74,91.02,255,0,255,90.74,90.74,90.74,0
OCT,val,CNV,CNV-1632795-50.jpeg,1536,496,761856,3.097,84.08,92.2,255,0,255,84.08,84.08,84.08,0
OCT,val,CNV,CNV-1632795-52.jpeg,768,496,380928,1.548,30.72,35.18,255,0,255,30.72,30.72,30.72,0
OCT,val,CNV,CNV-1635188-2.jpeg,1536,496,761856,3.097,36.26,44.5,255,0,255,36.26,36.26,36.26,0
OCT,val,CNV,CNV-1635188-8.jpeg,512,496,253952,1.032,54.46,53.06,255,0,255,54.46,54.46,54.46,0
OCT,val,CNV,CNV-1636904-1.jpeg,768,496,380928,1.548,43.75,43.04,255,0,255,43.75,43.75,43.75,0
OCT,val,CNV,CNV-1641792-20.jpeg,512,496,253952,1.032,53.36,54.44,255,0,255,53.36,53.36,53.36,0
OCT,val,CNV,CNV-1641792-21.jpeg,768,496,380928,1.548,31.89,37.62,255,0,255,31.89,31.89,31.89,0
OCT,val,CNV,CNV-1641792-27.jpeg,768,496,380928,1.548,29.32,38.45,255,0,255,29.32,29.32,29.32,0
OCT,val,CNV,CNV-1641792-34.jpeg,768,496,380928,1.548,39.65,40.12,255,0,255,39.65,39.65,39.65,0
OCT,val,CNV,CNV-1641792-38.jpeg,768,496,380928,1.548,35.61,37.19,255,0,255,35.61,35.61,35.61,0
OCT,val,CNV,CNV-1641792-39.jpeg,768,496,380928,1.548,36.17,37.64,255,0,255,36.17,36.17,36.17,0
OCT,val,CNV,CNV-1641792-49.jpeg,768,496,380928,1.548,35.9,38.45,255,0,255,35.9,35.9,35.9,0
OCT,val,CNV,CNV-1641792-6.jpeg,1536,496,761856,3.097,61.74,75.19,255,0,255,61.74,61.74,61.74,0
OCT,val,CNV,CNV-1641792-63.jpeg,512,496,253952,1.032,94.64,79.76,255,0,255,94.64,94.64,94.64,0
OCT,val,CNV,CNV-1641792-67.jpeg,768,496,380928,1.548,33.01,37.26,255,0,255,33.01,33.01,33.01,0
OCT,val,CNV,CNV-1641792-68.jpeg,768,496,380928,1.548,33.86,37.68,255,0,255,33.86,33.86,33.86,0
OCT,val,CNV,CNV-1641792-70.jpeg,768,496,380928,1.548,34.21,37.31,255,0,255,34.21,34.21,34.21,0
OCT,val,CNV,CNV-1641792-82.jpeg,768,496,380928,1.548,47.75,44.1,255,0,255,47.75,47.75,47.75,0
OCT,val,CNV,CNV-1641792-84.jpeg,512,496,253952,1.032,56.11,67.94,255,0,255,56.11,56.11,56.11,0
OCT,val,CNV,CNV-1641792-86.jpeg,768,496,380928,1.548,29.0,35.11,255,0,255,29.0,29.0,29.0,0
OCT,val,CNV,CNV-1641792-88.jpeg,768,496,380928,1.548,35.58,37.35,255,0,255,35.58,35.58,35.58,0
OCT,val,CNV,CNV-1641792-95.jpeg,512,496,253952,1.032,66.45,66.61,255,0,255,66.45,66.45,66.45,0
OCT,val,CNV,CNV-1651625-16.jpeg,512,496,253952,1.032,45.66,64.53,255,0,255,45.66,45.66,45.66,0
OCT,val,CNV,CNV-1651625-17.jpeg,512,496,253952,1.032,61.66,61.47,255,0,255,61.66,61.66,61.66,0
OCT,val,CNV,CNV-1651625-20.jpeg,512,496,253952,1.032,78.2,79.62,255,0,255,78.2,78.2,78.2,0
OCT,val,CNV,CNV-1651625-21.jpeg,512,496,253952,1.032,63.59,69.92,255,0,255,63.59,63.59,63.59,0
OCT,val,CNV,CNV-1651625-26.jpeg,512,496,253952,1.032,94.44,92.11,255,0,255,94.44,94.44,94.44,0
OCT,val,CNV,CNV-1651625-29.jpeg,768,496,380928,1.548,38.99,37.28,255,0,255,38.99,38.99,38.99,0
OCT,val,CNV,CNV-1651625-4.jpeg,768,496,380928,1.548,32.42,33.46,255,0,255,32.42,32.42,32.42,0
OCT,val,CNV,CNV-1676918-5.jpeg,512,496,253952,1.032,57.78,62.5,255,0,255,57.78,57.78,57.78,0
OCT,val,CNV,CNV-1679683-5.jpeg,512,496,253952,1.032,67.89,66.69,255,0,255,67.89,67.89,67.89,0
OCT,val,CNV,CNV-1681986-17.jpeg,512,496,253952,1.032,63.65,71.67,255,0,255,63.65,63.65,63.65,0
OCT,val,CNV,CNV-1681986-4.jpeg,512,496,253952,1.032,92.31,89.55,255,0,255,92.31,92.31,92.31,0
OCT,val,CNV,CNV-1681986-7.jpeg,768,496,380928,1.548,30.16,29.25,255,0,255,30.16,30.16,30.16,0
OCT,val,CNV,CNV-1685062-6.jpeg,512,496,253952,1.032,58.06,55.53,255,0,255,58.06,58.06,58.06,0
OCT,val,CNV,CNV-1693687-5.jpeg,768,496,380928,1.548,45.75,46.01,255,0,255,45.75,45.75,45.75,0
OCT,val,CNV,CNV-1693687-6.jpeg,768,496,380928,1.548,43.99,43.55,255,0,255,43.99,43.99,43.99,0
OCT,val,CNV,CNV-1699976-105.jpeg,768,496,380928,1.548,30.06,33.08,255,0,255,30.06,30.06,30.06,0
OCT,val,CNV,CNV-1699976-109.jpeg,1536,496,761856,3.097,27.22,27.01,255,0,255,27.22,27.22,27.22,0
OCT,val,CNV,CNV-1699976-129.jpeg,1536,496,761856,3.097,39.54,38.7,255,0,255,39.54,39.54,39.54,0
OCT,val,CNV,CNV-1699976-182.jpeg,512,496,253952,1.032,97.63,92.27,255,0,255,97.63,97.63,97.63,0
OCT,val,CNV,CNV-1699976-194.jpeg,1536,496,761856,3.097,36.86,44.14,255,0,255,36.86,36.86,36.86,0
OCT,val,CNV,CNV-1699976-196.jpeg,512,496,253952,1.032,109.43,104.01,255,0,255,109.43,109.43,109.43,0
OCT,val,CNV,CNV-1699976-218.jpeg,512,496,253952,1.032,54.6,59.78,255,0,255,54.6,54.6,54.6,0
OCT,val,CNV,CNV-1699976-226.jpeg,1536,496,761856,3.097,31.89,35.82,255,0,255,31.89,31.89,31.89,0
OCT,val,CNV,CNV-1699976-255.jpeg,512,496,253952,1.032,57.56,66.05,255,0,255,57.56,57.56,57.56,0
OCT,val,CNV,CNV-1699976-285.jpeg,512,496,253952,1.032,109.64,100.94,255,0,255,109.64,109.64,109.64,0
OCT,val,CNV,CNV-1699976-327.jpeg,512,496,253952,1.032,84.62,89.57,255,0,255,84.62,84.62,84.62,0
OCT,val,CNV,CNV-1699976-350.jpeg,768,496,380928,1.548,30.74,34.57,255,0,255,30.74,30.74,30.74,0
OCT,val,CNV,CNV-1699976-355.jpeg,768,496,380928,1.548,36.33,37.36,255,0,255,36.33,36.33,36.33,0
OCT,val,CNV,CNV-1699976-361.jpeg,768,496,380928,1.548,43.56,41.75,255,0,255,43.56,43.56,43.56,0
OCT,val,CNV,CNV-1699976-370.jpeg,512,496,253952,1.032,70.88,75.31,255,0,255,70.88,70.88,70.88,0
OCT,val,CNV,CNV-1699976-382.jpeg,768,496,380928,1.548,39.84,40.54,255,0,255,39.84,39.84,39.84,0
OCT,val,CNV,CNV-1699976-390.jpeg,512,496,253952,1.032,56.48,63.39,255,0,255,56.48,56.48,56.48,0
OCT,val,CNV,CNV-1699976-56.jpeg,1536,496,761856,3.097,36.72,36.25,255,0,255,36.72,36.72,36.72,0
OCT,val,CNV,CNV-1699976-67.jpeg,512,496,253952,1.032,51.76,59.19,255,0,255,51.76,51.76,51.76,0
OCT,val,CNV,CNV-1702663-13.jpeg,1536,496,761856,3.097,24.44,28.0,255,0,255,24.44,24.44,24.44,0
OCT,val,CNV,CNV-1702663-2.jpeg,512,496,253952,1.032,104.35,79.91,255,0,255,104.35,104.35,104.35,0
OCT,val,CNV,CNV-1702663-21.jpeg,512,496,253952,1.032,102.16,87.15,255,0,255,102.16,102.16,102.16,0
OCT,val,CNV,CNV-1702663-22.jpeg,512,496,253952,1.032,109.04,92.53,255,0,255,109.04,109.04,109.04,0
OCT,val,CNV,CNV-1702663-43.jpeg,512,496,253952,1.032,59.78,63.29,255,0,255,59.78,59.78,59.78,0
OCT,val,CNV,CNV-1702663-46.jpeg,1536,496,761856,3.097,39.0,38.19,255,0,255,39.0,39.0,39.0,0
OCT,val,CNV,CNV-1702663-48.jpeg,512,496,253952,1.032,83.01,69.05,255,0,255,83.01,83.01,83.01,0
OCT,val,CNV,CNV-1702663-57.jpeg,512,496,253952,1.032,104.93,77.47,255,0,255,104.93,104.93,104.93,0
OCT,val,CNV,CNV-1704482-5.jpeg,512,496,253952,1.032,74.48,80.73,255,0,255,74.48,74.48,74.48,0
OCT,val,CNV,CNV-1711943-5.jpeg,768,496,380928,1.548,36.31,35.95,255,0,255,36.31,36.31,36.31,0
OCT,val,CNV,CNV-172472-114.jpeg,512,496,253952,1.032,45.67,51.05,255,0,255,45.67,45.67,45.67,0
OCT,val,CNV,CNV-172472-118.jpeg,1536,496,761856,3.097,41.58,40.24,255,0,255,41.58,41.58,41.58,0
OCT,val,CNV,CNV-172472-129.jpeg,512,496,253952,1.032,41.99,40.56,255,0,255,41.99,41.99,41.99,0
OCT,val,CNV,CNV-172472-130.jpeg,512,496,253952,1.032,42.47,45.39,255,0,255,42.47,42.47,42.47,0
OCT,val,CNV,CNV-172472-133.jpeg,512,496,253952,1.032,41.56,38.59,255,0,255,41.56,41.56,41.56,0
OCT,val,CNV,CNV-172472-138.jpeg,1536,496,761856,3.097,42.91,40.61,255,0,255,42.91,42.91,42.91,0
OCT,val,CNV,CNV-172472-147.jpeg,768,496,380928,1.548,43.37,43.31,255,0,255,43.37,43.37,43.37,0
OCT,val,CNV,CNV-172472-169.jpeg,512,496,253952,1.032,44.44,45.22,255,0,255,44.44,44.44,44.44,0
OCT,val,CNV,CNV-172472-186.jpeg,768,496,380928,1.548,39.58,39.58,255,0,255,39.58,39.58,39.58,0
OCT,val,CNV,CNV-172472-19.jpeg,768,496,380928,1.548,38.61,37.9,255,0,255,38.61,38.61,38.61,0
OCT,val,CNV,CNV-172472-191.jpeg,512,496,253952,1.032,48.58,46.32,255,0,255,48.58,48.58,48.58,0
OCT,val,CNV,CNV-172472-210.jpeg,768,496,380928,1.548,34.73,34.92,255,0,255,34.73,34.73,34.73,0
OCT,val,CNV,CNV-172472-221.jpeg,512,496,253952,1.032,49.24,52.53,255,0,255,49.24,49.24,49.24,0
OCT,val,CNV,CNV-172472-226.jpeg,1536,496,761856,3.097,38.17,37.25,255,0,255,38.17,38.17,38.17,0
OCT,val,CNV,CNV-172472-228.jpeg,1536,496,761856,3.097,42.08,40.48,255,0,255,42.08,42.08,42.08,0
OCT,val,CNV,CNV-172472-23.jpeg,768,496,380928,1.548,36.15,38.25,255,0,255,36.15,36.15,36.15,0
OCT,val,CNV,CNV-172472-238.jpeg,768,496,380928,1.548,36.47,40.03,255,0,255,36.47,36.47,36.47,0
OCT,val,CNV,CNV-172472-262.jpeg,512,496,253952,1.032,44.63,40.74,255,0,255,44.63,44.63,44.63,0
OCT,val,CNV,CNV-172472-270.jpeg,512,496,253952,1.032,53.0,55.09,255,0,255,53.0,53.0,53.0,0
OCT,val,CNV,CNV-172472-281.jpeg,768,496,380928,1.548,30.86,30.09,255,0,255,30.86,30.86,30.86,0
OCT,val,CNV,CNV-172472-282.jpeg,768,496,380928,1.548,31.13,30.19,255,0,255,31.13,31.13,31.13,0
OCT,val,CNV,CNV-172472-293.jpeg,512,496,253952,1.032,48.82,56.06,255,0,255,48.82,48.82,48.82,0
OCT,val,CNV,CNV-172472-305.jpeg,512,496,253952,1.032,42.2,51.02,255,0,255,42.2,42.2,42.2,0
OCT,val,CNV,CNV-172472-310.jpeg,512,496,253952,1.032,57.52,61.42,255,0,255,57.52,57.52,57.52,0
OCT,val,CNV,CNV-172472-314.jpeg,512,496,253952,1.032,54.92,59.44,255,0,255,54.92,54.92,54.92,0
OCT,val,CNV,CNV-172472-337.jpeg,512,496,253952,1.032,39.69,37.48,255,0,255,39.69,39.69,39.69,0
OCT,val,CNV,CNV-172472-339.jpeg,512,496,253952,1.032,44.18,37.1,255,0,255,44.18,44.18,44.18,0
OCT,val,CNV,CNV-172472-354.jpeg,512,496,253952,1.032,63.66,66.9,255,0,255,63.66,63.66,63.66,0
OCT,val,CNV,CNV-172472-368.jpeg,512,496,253952,1.032,61.04,55.32,255,0,255,61.04,61.04,61.04,0
OCT,val,CNV,CNV-172472-379.jpeg,512,496,253952,1.032,47.19,44.86,255,0,255,47.19,47.19,47.19,0
OCT,val,CNV,CNV-172472-384.jpeg,768,496,380928,1.548,26.22,28.39,255,0,255,26.22,26.22,26.22,0
OCT,val,CNV,CNV-172472-391.jpeg,512,496,253952,1.032,57.49,65.74,255,0,255,57.49,57.49,57.49,0
OCT,val,CNV,CNV-172472-396.jpeg,768,496,380928,1.548,34.32,36.61,255,0,255,34.32,34.32,34.32,0
OCT,val,CNV,CNV-172472-413.jpeg,768,496,380928,1.548,28.58,31.47,255,0,255,28.58,28.58,28.58,0
OCT,val,CNV,CNV-172472-419.jpeg,512,496,253952,1.032,41.77,46.11,255,0,255,41.77,41.77,41.77,0
OCT,val,CNV,CNV-172472-430.jpeg,768,496,380928,1.548,34.68,36.0,255,0,255,34.68,34.68,34.68,0
OCT,val,CNV,CNV-172472-436.jpeg,512,496,253952,1.032,69.54,79.61,255,0,255,69.54,69.54,69.54,0
OCT,val,CNV,CNV-172472-440.jpeg,512,496,253952,1.032,54.36,50.2,255,0,255,54.36,54.36,54.36,0
OCT,val,CNV,CNV-172472-74.jpeg,768,496,380928,1.548,35.08,37.16,255,0,255,35.08,35.08,35.08,0
OCT,val,CNV,CNV-172472-91.jpeg,768,496,380928,1.548,30.64,33.75,255,0,255,30.64,30.64,30.64,0
OCT,val,CNV,CNV-172472-96.jpeg,512,496,253952,1.032,59.22,54.96,255,0,255,59.22,59.22,59.22,0
OCT,val,CNV,CNV-1729810-105.jpeg,512,496,253952,1.032,112.19,95.47,255,0,255,112.19,112.19,112.19,0
OCT,val,CNV,CNV-1729810-135.jpeg,512,496,253952,1.032,52.78,56.91,255,0,255,52.78,52.78,52.78,0
OCT,val,CNV,CNV-1729810-141.jpeg,1536,496,761856,3.097,29.33,33.58,255,0,255,29.33,29.33,29.33,0
OCT,val,CNV,CNV-1729810-153.jpeg,512,496,253952,1.032,73.59,76.34,255,0,255,73.59,73.59,73.59,0
OCT,val,CNV,CNV-1729810-29.jpeg,768,496,380928,1.548,36.32,36.02,255,0,255,36.32,36.32,36.32,0
OCT,val,CNV,CNV-1729810-43.jpeg,512,496,253952,1.032,51.69,55.29,255,0,255,51.69,51.69,51.69,0
OCT,val,CNV,CNV-1729810-52.jpeg,512,496,253952,1.032,59.67,56.28,255,0,255,59.67,59.67,59.67,0
OCT,val,CNV,CNV-1729810-69.jpeg,512,496,253952,1.032,49.06,46.81,255,0,255,49.06,49.06,49.06,0
OCT,val,CNV,CNV-1729810-76.jpeg,512,496,253952,1.032,63.8,55.07,255,0,255,63.8,63.8,63.8,0
OCT,val,CNV,CNV-1729810-85.jpeg,512,496,253952,1.032,49.69,57.67,255,0,255,49.69,49.69,49.69,0
OCT,val,CNV,CNV-1729810-92.jpeg,768,496,380928,1.548,42.13,42.03,255,0,255,42.13,42.13,42.13,0
OCT,val,CNV,CNV-1729810-97.jpeg,512,496,253952,1.032,71.21,66.73,255,0,255,71.21,71.21,71.21,0
OCT,val,CNV,CNV-1729810-99.jpeg,512,496,253952,1.032,63.39,59.28,255,0,255,63.39,63.39,63.39,0
OCT,val,CNV,CNV-1730592-10.jpeg,512,496,253952,1.032,43.05,38.36,255,0,255,43.05,43.05,43.05,0
OCT,val,CNV,CNV-1730592-128.jpeg,512,496,253952,1.032,48.45,56.27,255,0,255,48.45,48.45,48.45,0
OCT,val,CNV,CNV-1730592-136.jpeg,512,496,253952,1.032,69.06,82.94,255,0,255,69.06,69.06,69.06,0
OCT,val,CNV,CNV-1730592-149.jpeg,1536,496,761856,3.097,35.52,36.57,255,0,255,35.52,35.52,35.52,0
OCT,val,CNV,CNV-1730592-156.jpeg,512,496,253952,1.032,62.93,71.78,255,0,255,62.93,62.93,62.93,0
OCT,val,CNV,CNV-1730592-160.jpeg,768,496,380928,1.548,43.26,42.94,255,0,255,43.26,43.26,43.26,0
OCT,val,CNV,CNV-1730592-170.jpeg,768,496,380928,1.548,41.69,34.87,255,0,255,41.69,41.69,41.69,0
OCT,val,CNV,CNV-1730592-173.jpeg,512,496,253952,1.032,57.78,69.15,255,0,255,57.78,57.78,57.78,0
OCT,val,CNV,CNV-1730592-24.jpeg,768,496,380928,1.548,52.57,46.01,255,0,255,52.57,52.57,52.57,0
OCT,val,CNV,CNV-1730592-36.jpeg,768,496,380928,1.548,35.39,36.98,255,0,255,35.39,35.39,35.39,0
OCT,val,CNV,CNV-1730592-62.jpeg,512,496,253952,1.032,60.58,67.57,255,0,255,60.58,60.58,60.58,0
OCT,val,CNV,CNV-1730592-71.jpeg,512,496,253952,1.032,87.66,77.64,255,0,255,87.66,87.66,87.66,0
OCT,val,CNV,CNV-1730592-78.jpeg,512,496,253952,1.032,72.94,74.27,255,0,255,72.94,72.94,72.94,0
OCT,val,CNV,CNV-1730592-8.jpeg,512,496,253952,1.032,44.95,48.84,255,0,255,44.95,44.95,44.95,0
OCT,val,CNV,CNV-1730592-87.jpeg,512,496,253952,1.032,40.27,40.32,255,0,255,40.27,40.27,40.27,0
OCT,val,CNV,CNV-1730592-94.jpeg,512,496,253952,1.032,41.11,49.96,255,0,255,41.11,41.11,41.11,0
OCT,val,CNV,CNV-1730592-99.jpeg,512,496,253952,1.032,37.5,32.48,255,0,255,37.5,37.5,37.5,0
OCT,val,CNV,CNV-1731375-13.jpeg,512,496,253952,1.032,86.15,88.3,255,0,255,86.15,86.15,86.15,0
OCT,val,CNV,CNV-1731375-14.jpeg,768,496,380928,1.548,92.16,91.77,255,0,255,92.16,92.16,92.16,0
OCT,val,CNV,CNV-1731375-16.jpeg,768,496,380928,1.548,67.35,79.49,255,0,255,67.35,67.35,67.35,0
OCT,val,CNV,CNV-1731375-18.jpeg,512,496,253952,1.032,94.92,70.26,255,0,255,94.92,94.92,94.92,0
OCT,val,CNV,CNV-1731375-21.jpeg,768,496,380928,1.548,75.28,58.9,255,0,255,75.28,75.28,75.28,0
OCT,val,CNV,CNV-1731375-47.jpeg,512,496,253952,1.032,87.85,88.61,255,0,255,87.85,87.85,87.85,0
OCT,val,CNV,CNV-1731375-58.jpeg,512,496,253952,1.032,89.49,78.46,255,0,255,89.49,89.49,89.49,0
OCT,val,CNV,CNV-1731375-6.jpeg,768,496,380928,1.548,62.7,74.74,255,0,255,62.7,62.7,62.7,0
OCT,val,CNV,CNV-1731375-60.jpeg,512,496,253952,1.032,72.73,80.97,255,0,255,72.73,72.73,72.73,0
OCT,val,CNV,CNV-1731375-63.jpeg,768,496,380928,1.548,42.81,49.16,255,0,255,42.81,42.81,42.81,0
OCT,val,CNV,CNV-1731375-7.jpeg,768,496,380928,1.548,63.57,72.74,255,0,255,63.57,63.57,63.57,0
OCT,val,CNV,CNV-1731375-8.jpeg,512,496,253952,1.032,58.16,75.84,255,0,255,58.16,58.16,58.16,0
OCT,val,CNV,CNV-1742409-12.jpeg,768,496,380928,1.548,45.1,44.05,255,0,255,45.1,45.1,45.1,0
OCT,val,CNV,CNV-1742409-14.jpeg,512,496,253952,1.032,71.66,72.08,255,0,255,71.66,71.66,71.66,0
OCT,val,CNV,CNV-1742409-15.jpeg,512,496,253952,1.032,59.65,57.42,255,0,255,59.65,59.65,59.65,0
OCT,val,CNV,CNV-1742409-18.jpeg,768,496,380928,1.548,32.18,35.62,255,0,255,32.18,32.18,32.18,0
OCT,val,CNV,CNV-1742409-2.jpeg,512,496,253952,1.032,61.73,69.95,255,0,255,61.73,61.73,61.73,0
OCT,val,CNV,CNV-1742409-4.jpeg,768,496,380928,1.548,32.3,34.09,255,0,255,32.3,32.3,32.3,0
OCT,val,CNV,CNV-1742409-6.jpeg,768,496,380928,1.548,45.28,44.33,255,0,255,45.28,45.28,45.28,0
OCT,val,CNV,CNV-1756425-2.jpeg,1536,496,761856,3.097,35.08,39.01,255,0,255,35.08,35.08,35.08,0
OCT,val,CNV,CNV-1756425-6.jpeg,512,496,253952,1.032,51.7,60.37,255,0,255,51.7,51.7,51.7,0
OCT,val,CNV,CNV-1760872-3.jpeg,512,496,253952,1.032,40.56,49.38,255,0,255,40.56,40.56,40.56,0
OCT,val,CNV,CNV-1760872-7.jpeg,512,496,253952,1.032,59.7,69.25,255,0,255,59.7,59.7,59.7,0
OCT,val,CNV,CNV-1779025-17.jpeg,512,496,253952,1.032,77.35,60.26,255,0,255,77.35,77.35,77.35,0
OCT,val,CNV,CNV-1779025-22.jpeg,512,496,253952,1.032,66.91,73.03,255,0,255,66.91,66.91,66.91,0
OCT,val,CNV,CNV-1779025-3.jpeg,512,496,253952,1.032,72.66,65.22,255,0,255,72.66,72.66,72.66,0
OCT,val,CNV,CNV-1779025-41.jpeg,1536,496,761856,3.097,28.41,31.09,255,0,255,28.41,28.41,28.41,0
OCT,val,CNV,CNV-1779025-42.jpeg,512,496,253952,1.032,52.06,54.56,255,0,255,52.06,52.06,52.06,0
OCT,val,CNV,CNV-1779025-46.jpeg,768,496,380928,1.548,29.24,30.4,255,0,255,29.24,29.24,29.24,0
OCT,val,CNV,CNV-1779025-50.jpeg,1536,496,761856,3.097,25.84,25.69,255,0,255,25.84,25.84,25.84,0
OCT,val,CNV,CNV-1779025-52.jpeg,1536,496,761856,3.097,30.08,30.14,255,0,255,30.08,30.08,30.08,0
OCT,val,CNV,CNV-1779025-9.jpeg,512,496,253952,1.032,87.65,85.09,255,0,255,87.65,87.65,87.65,0
OCT,val,CNV,CNV-1781140-116.jpeg,768,496,380928,1.548,39.2,39.96,255,0,255,39.2,39.2,39.2,0
OCT,val,CNV,CNV-1781140-122.jpeg,512,496,253952,1.032,54.43,59.08,255,0,255,54.43,54.43,54.43,0
OCT,val,CNV,CNV-1781140-132.jpeg,512,496,253952,1.032,61.5,73.05,255,0,255,61.5,61.5,61.5,0
OCT,val,CNV,CNV-1781140-138.jpeg,512,496,253952,1.032,32.01,38.41,255,0,255,32.01,32.01,32.01,0
OCT,val,CNV,CNV-1781140-14.jpeg,768,496,380928,1.548,33.79,35.93,255,0,255,33.79,33.79,33.79,0
OCT,val,CNV,CNV-1781140-148.jpeg,768,496,380928,1.548,26.65,27.33,255,0,255,26.65,26.65,26.65,0
OCT,val,CNV,CNV-1781140-15.jpeg,768,496,380928,1.548,29.58,31.67,255,0,255,29.58,29.58,29.58,0
OCT,val,CNV,CNV-1781140-151.jpeg,512,496,253952,1.032,94.09,98.78,255,0,255,94.09,94.09,94.09,0
OCT,val,CNV,CNV-1781140-173.jpeg,1536,496,761856,3.097,26.92,31.91,255,0,255,26.92,26.92,26.92,0
OCT,val,CNV,CNV-1781140-180.jpeg,512,496,253952,1.032,61.98,77.54,255,0,255,61.98,61.98,61.98,0
OCT,val,CNV,CNV-1781140-23.jpeg,512,496,253952,1.032,65.56,57.16,255,0,255,65.56,65.56,65.56,0
OCT,val,CNV,CNV-1781140-25.jpeg,768,496,380928,1.548,37.75,40.08,255,0,255,37.75,37.75,37.75,0
OCT,val,CNV,CNV-1781140-35.jpeg,768,496,380928,1.548,31.05,33.42,255,0,255,31.05,31.05,31.05,0
OCT,val,CNV,CNV-1781140-41.jpeg,512,496,253952,1.032,39.66,37.34,255,0,255,39.66,39.66,39.66,0
OCT,val,CNV,CNV-1781140-45.jpeg,768,496,380928,1.548,40.76,36.12,255,0,255,40.76,40.76,40.76,0
OCT,val,CNV,CNV-1781140-46.jpeg,768,496,380928,1.548,48.34,44.25,255,0,255,48.34,48.34,48.34,0
OCT,val,CNV,CNV-1781140-54.jpeg,1536,496,761856,3.097,29.05,29.63,255,0,255,29.05,29.05,29.05,0
OCT,val,CNV,CNV-1781140-6.jpeg,768,496,380928,1.548,30.01,34.14,255,0,255,30.01,30.01,30.01,0
OCT,val,CNV,CNV-1781140-62.jpeg,512,496,253952,1.032,46.99,67.83,255,0,255,46.99,46.99,46.99,0
OCT,val,CNV,CNV-1781140-69.jpeg,512,496,253952,1.032,35.64,44.36,255,0,255,35.64,35.64,35.64,0
OCT,val,CNV,CNV-1781140-70.jpeg,1536,496,761856,3.097,45.11,41.59,255,0,255,45.11,45.11,45.11,0
OCT,val,CNV,CNV-1781140-76.jpeg,512,496,253952,1.032,54.31,42.09,255,0,255,54.31,54.31,54.31,0
OCT,val,CNV,CNV-1781140-77.jpeg,512,496,253952,1.032,80.37,57.47,255,0,255,80.37,80.37,80.37,0
OCT,val,CNV,CNV-1781140-78.jpeg,512,496,253952,1.032,71.47,49.32,255,0,255,71.47,71.47,71.47,0
OCT,val,CNV,CNV-1781140-8.jpeg,512,496,253952,1.032,129.87,107.23,255,0,255,129.87,129.87,129.87,0
OCT,val,CNV,CNV-1781140-9.jpeg,512,496,253952,1.032,93.77,96.93,255,0,255,93.77,93.77,93.77,0
OCT,val,CNV,CNV-1781140-92.jpeg,512,496,253952,1.032,46.65,52.82,255,0,255,46.65,46.65,46.65,0
OCT,val,CNV,CNV-1781140-95.jpeg,512,496,253952,1.032,56.99,35.07,255,0,255,56.99,56.99,56.99,0
OCT,val,CNV,CNV-1783555-2.jpeg,512,496,253952,1.032,73.1,75.36,255,0,255,73.1,73.1,73.1,0
OCT,val,CNV,CNV-1783555-3.jpeg,512,496,253952,1.032,78.4,76.47,255,0,255,78.4,78.4,78.4,0
OCT,val,CNV,CNV-1784116-10.jpeg,768,496,380928,1.548,20.36,23.74,255,0,255,20.36,20.36,20.36,0
OCT,val,CNV,CNV-1784116-7.jpeg,512,496,253952,1.032,39.64,40.58,255,0,255,39.64,39.64,39.64,0
OCT,val,CNV,CNV-1786810-1.jpeg,768,496,380928,1.548,31.88,32.41,255,0,255,31.88,31.88,31.88,0
OCT,val,CNV,CNV-1802137-8.jpeg,512,496,253952,1.032,73.49,72.34,255,0,255,73.49,73.49,73.49,0
OCT,val,CNV,CNV-1802137-9.jpeg,768,496,380928,1.548,38.16,39.75,255,0,255,38.16,38.16,38.16,0
OCT,val,CNV,CNV-1821155-3.jpeg,512,496,253952,1.032,40.72,31.07,255,0,255,40.72,40.72,40.72,0
OCT,val,CNV,CNV-184320-8.jpeg,768,496,380928,1.548,32.64,37.02,255,0,255,32.64,32.64,32.64,0
OCT,val,CNV,CNV-1849029-3.jpeg,512,496,253952,1.032,50.5,43.48,255,0,255,50.5,50.5,50.5,0
OCT,val,CNV,CNV-1872456-3.jpeg,512,496,253952,1.032,68.13,69.0,255,0,255,68.13,68.13,68.13,0
OCT,val,CNV,CNV-1894770-100.jpeg,512,496,253952,1.032,143.22,100.57,255,0,255,143.22,143.22,143.22,0
OCT,val,CNV,CNV-1894770-107.jpeg,768,496,380928,1.548,33.68,38.03,255,0,255,33.68,33.68,33.68,0
OCT,val,CNV,CNV-1894770-115.jpeg,512,496,253952,1.032,51.89,54.34,255,0,255,51.89,51.89,51.89,0
OCT,val,CNV,CNV-1894770-17.jpeg,512,496,253952,1.032,56.07,72.46,255,0,255,56.07,56.07,56.07,0
OCT,val,DME,DME-1072015-5.jpeg,512,496,253952,1.032,65.43,64.04,255,0,255,65.43,65.43,65.43,0
OCT,val,DME,DME-1083927-10.jpeg,768,496,380928,1.548,43.32,38.41,255,0,255,43.32,43.32,43.32,0
OCT,val,DME,DME-1083927-4.jpeg,512,496,253952,1.032,79.58,80.35,255,0,255,79.58,79.58,79.58,0
OCT,val,DME,DME-1102486-2.jpeg,768,496,380928,1.548,40.24,42.8,255,0,255,40.24,40.24,40.24,0
OCT,val,DME,DME-1102486-4.jpeg,768,496,380928,1.548,38.3,37.81,255,0,255,38.3,38.3,38.3,0
OCT,val,DME,DME-1141111-4.jpeg,768,496,380928,1.548,29.02,30.86,255,0,255,29.02,29.02,29.02,0
OCT,val,DME,DME-1163718-9.jpeg,512,496,253952,1.032,60.92,51.0,255,0,255,60.92,60.92,60.92,0
OCT,val,DME,DME-1169820-2.jpeg,512,496,253952,1.032,56.86,57.0,255,0,255,56.86,56.86,56.86,0
OCT,val,DME,DME-1169820-4.jpeg,768,496,380928,1.548,42.07,41.82,255,0,255,42.07,42.07,42.07,0
OCT,val,DME,DME-119840-1.jpeg,512,512,262144,1.0,33.17,39.6,255,0,255,33.17,33.17,33.17,0
OCT,val,DME,DME-119840-13.jpeg,512,512,262144,1.0,29.17,31.82,255,0,255,29.17,29.17,29.17,0
OCT,val,DME,DME-119840-9.jpeg,512,512,262144,1.0,50.05,69.46,255,0,255,50.05,50.05,50.05,0
OCT,val,DME,DME-127971-5.jpeg,512,512,262144,1.0,36.19,34.6,255,0,255,36.19,36.19,36.19,0
OCT,val,DME,DME-1479682-1.jpeg,512,496,253952,1.032,43.56,51.48,255,0,255,43.56,43.56,43.56,0
OCT,val,DME,DME-15307-9.jpeg,512,512,262144,1.0,75.65,86.57,255,0,255,75.65,75.65,75.65,0
OCT,val,DME,DME-1591159-14.jpeg,512,512,262144,1.0,73.06,56.75,255,0,255,73.06,73.06,73.06,0
OCT,val,DME,DME-1591159-23.jpeg,512,512,262144,1.0,49.72,42.47,255,0,255,49.72,49.72,49.72,0
OCT,val,DME,DME-1591159-28.jpeg,512,512,262144,1.0,57.93,49.54,255,0,255,57.93,57.93,57.93,0
OCT,val,DME,DME-1591159-34.jpeg,512,512,262144,1.0,34.28,33.88,255,0,255,34.28,34.28,34.28,0
OCT,val,DME,DME-1591159-35.jpeg,512,512,262144,1.0,51.76,39.82,255,0,255,51.76,51.76,51.76,0
OCT,val,DME,DME-1591159-36.jpeg,512,512,262144,1.0,57.18,45.71,255,0,255,57.18,57.18,57.18,0
OCT,val,DME,DME-1591159-38.jpeg,512,512,262144,1.0,35.12,33.39,255,0,255,35.12,35.12,35.12,0
OCT,val,DME,DME-1591159-59.jpeg,512,512,262144,1.0,29.99,29.81,255,0,255,29.99,29.99,29.99,0
OCT,val,DME,DME-1591159-61.jpeg,512,512,262144,1.0,54.19,65.82,255,0,255,54.19,54.19,54.19,0
OCT,val,DME,DME-1591159-64.jpeg,512,512,262144,1.0,25.98,26.7,255,0,255,25.98,25.98,25.98,0
OCT,val,DME,DME-1591159-65.jpeg,512,512,262144,1.0,53.25,74.45,255,0,255,53.25,53.25,53.25,0
OCT,val,DME,DME-1591159-67.jpeg,512,512,262144,1.0,48.91,55.58,255,0,255,48.91,48.91,48.91,0
OCT,val,DME,DME-1591159-68.jpeg,512,512,262144,1.0,56.23,60.82,255,0,255,56.23,56.23,56.23,0
OCT,val,DME,DME-1591159-77.jpeg,512,512,262144,1.0,41.7,47.55,255,0,255,41.7,41.7,41.7,0
OCT,val,DME,DME-1597899-3.jpeg,512,512,262144,1.0,41.11,43.96,255,0,255,41.11,41.11,41.11,0
OCT,val,DME,DME-1605248-11.jpeg,512,512,262144,1.0,25.68,28.97,255,0,255,25.68,25.68,25.68,0
OCT,val,DME,DME-1605248-5.jpeg,512,512,262144,1.0,25.56,30.24,255,0,255,25.56,25.56,25.56,0
OCT,val,DME,DME-1608084-6.jpeg,512,512,262144,1.0,41.87,47.94,255,0,255,41.87,41.87,41.87,0
OCT,val,DME,DME-1635931-11.jpeg,512,512,262144,1.0,51.93,57.36,255,0,255,51.93,51.93,51.93,0
OCT,val,DME,DME-1635931-8.jpeg,512,512,262144,1.0,53.09,56.49,255,0,255,53.09,53.09,53.09,0
OCT,val,DME,DME-1645804-1.jpeg,512,512,262144,1.0,74.32,68.75,255,0,255,74.32,74.32,74.32,0
OCT,val,DME,DME-1649492-20.jpeg,512,512,262144,1.0,38.16,34.87,255,0,255,38.16,38.16,38.16,0
OCT,val,DME,DME-1649492-23.jpeg,512,512,262144,1.0,42.21,52.72,255,0,255,42.21,42.21,42.21,0
OCT,val,DME,DME-1649492-27.jpeg,512,512,262144,1.0,29.37,28.91,255,0,255,29.37,29.37,29.37,0
OCT,val,DME,DME-1649492-40.jpeg,512,512,262144,1.0,30.81,31.28,255,0,255,30.81,30.81,30.81,0
OCT,val,DME,DME-1649492-56.jpeg,512,512,262144,1.0,57.53,70.22,255,0,255,57.53,57.53,57.53,0
OCT,val,DME,DME-1649492-59.jpeg,512,512,262144,1.0,36.54,35.03,255,0,255,36.54,36.54,36.54,0
OCT,val,DME,DME-1686343-3.jpeg,512,512,262144,1.0,70.11,84.47,255,0,255,70.11,70.11,70.11,0
OCT,val,DME,DME-1695472-11.jpeg,512,512,262144,1.0,39.73,40.03,255,0,255,39.73,39.73,39.73,0
OCT,val,DME,DME-1695472-31.jpeg,512,512,262144,1.0,49.39,61.52,255,0,255,49.39,49.39,49.39,0
OCT,val,DME,DME-1695472-45.jpeg,512,512,262144,1.0,57.89,51.57,255,0,255,57.89,57.89,57.89,0
OCT,val,DME,DME-1695472-5.jpeg,512,512,262144,1.0,40.1,45.6,255,0,255,40.1,40.1,40.1,0
OCT,val,DME,DME-1695472-52.jpeg,512,512,262144,1.0,79.1,85.27,255,0,255,79.1,79.1,79.1,0
OCT,val,DME,DME-1695472-56.jpeg,512,512,262144,1.0,47.32,43.77,255,0,255,47.32,47.32,47.32,0
OCT,val,DME,DME-1695472-6.jpeg,512,512,262144,1.0,50.08,52.1,255,0,255,50.08,50.08,50.08,0
OCT,val,DME,DME-1695472-7.jpeg,512,512,262144,1.0,47.47,47.13,255,0,255,47.47,47.47,47.47,0
OCT,val,DME,DME-1695472-72.jpeg,512,512,262144,1.0,59.36,63.95,255,0,255,59.36,59.36,59.36,0
OCT,val,DME,DME-1695472-73.jpeg,512,512,262144,1.0,42.39,40.74,255,0,255,42.39,42.39,42.39,0
OCT,val,DME,DME-1726544-10.jpeg,512,512,262144,1.0,39.96,36.96,255,0,255,39.96,39.96,39.96,0
OCT,val,DME,DME-1726544-2.jpeg,512,512,262144,1.0,28.69,29.52,255,0,255,28.69,28.69,28.69,0
OCT,val,DME,DME-1729810-2.jpeg,512,512,262144,1.0,49.44,38.85,255,0,255,49.44,49.44,49.44,0
OCT,val,DME,DME-1743445-2.jpeg,512,512,262144,1.0,58.46,45.5,255,0,255,58.46,58.46,58.46,0
OCT,val,DME,DME-1743445-6.jpeg,512,512,262144,1.0,29.28,32.32,255,0,255,29.28,29.28,29.28,0
OCT,val,DME,DME-1743445-8.jpeg,512,512,262144,1.0,35.62,41.51,255,0,255,35.62,35.62,35.62,0
OCT,val,DME,DME-1750744-1.jpeg,512,512,262144,1.0,33.44,38.04,255,0,255,33.44,33.44,33.44,0
OCT,val,DME,DME-1760955-4.jpeg,512,496,253952,1.032,41.49,50.94,255,0,255,41.49,41.49,41.49,0
OCT,val,DME,DME-1783079-2.jpeg,512,496,253952,1.032,44.0,46.1,255,0,255,44.0,44.0,44.0,0
OCT,val,DME,DME-1783079-5.jpeg,512,496,253952,1.032,45.0,45.72,255,0,255,45.0,45.0,45.0,0
OCT,val,DME,DME-1783079-7.jpeg,512,496,253952,1.032,40.62,40.79,255,0,255,40.62,40.62,40.62,0
OCT,val,DME,DME-1808783-2.jpeg,512,496,253952,1.032,52.24,64.24,255,0,255,52.24,52.24,52.24,0
OCT,val,DME,DME-1860310-1.jpeg,1536,496,761856,3.097,25.04,30.83,255,0,255,25.04,25.04,25.04,0
OCT,val,DME,DME-1860310-10.jpeg,512,496,253952,1.032,37.6,39.51,255,0,255,37.6,37.6,37.6,0
OCT,val,DME,DME-1860310-20.jpeg,768,496,380928,1.548,35.54,36.7,255,0,255,35.54,35.54,35.54,0
OCT,val,DME,DME-1860310-21.jpeg,768,496,380928,1.548,33.85,35.27,255,0,255,33.85,33.85,33.85,0
OCT,val,DME,DME-1860310-25.jpeg,512,496,253952,1.032,40.34,53.1,255,0,255,40.34,40.34,40.34,0
OCT,val,DME,DME-1860310-30.jpeg,512,496,253952,1.032,39.29,49.06,255,0,255,39.29,39.29,39.29,0
OCT,val,DME,DME-1860310-9.jpeg,1536,496,761856,3.097,40.8,37.23,255,0,255,40.8,40.8,40.8,0
OCT,val,DME,DME-1875232-5.jpeg,1024,496,507904,2.065,41.19,44.65,255,0,255,41.19,41.19,41.19,0
OCT,val,DME,DME-1888479-21.jpeg,512,496,253952,1.032,52.27,56.32,255,0,255,52.27,52.27,52.27,0
OCT,val,DME,DME-1888479-31.jpeg,512,512,262144,1.0,41.03,42.51,255,0,255,41.03,41.03,41.03,0
OCT,val,DME,DME-1888479-45.jpeg,512,496,253952,1.032,68.18,67.21,255,0,255,68.18,68.18,68.18,0
OCT,val,DME,DME-1896542-15.jpeg,512,496,253952,1.032,44.19,55.03,255,0,255,44.19,44.19,44.19,0
OCT,val,DME,DME-1896542-18.jpeg,512,496,253952,1.032,43.84,61.91,255,0,255,43.84,43.84,43.84,0
OCT,val,DME,DME-1896542-22.jpeg,768,496,380928,1.548,42.24,57.27,255,0,255,42.24,42.24,42.24,0
OCT,val,DME,DME-1896542-25.jpeg,768,496,380928,1.548,88.55,100.21,255,0,255,88.55,88.55,88.55,0
OCT,val,DME,DME-1896542-9.jpeg,512,496,253952,1.032,61.89,63.37,255,0,255,61.89,61.89,61.89,0
OCT,val,DME,DME-1920087-1.jpeg,512,496,253952,1.032,30.52,34.73,255,0,255,30.52,30.52,30.52,0
OCT,val,DME,DME-1920087-3.jpeg,512,496,253952,1.032,49.77,62.59,255,0,255,49.77,49.77,49.77,0
OCT,val,DME,DME-1920087-9.jpeg,512,496,253952,1.032,46.12,52.58,255,0,255,46.12,46.12,46.12,0
OCT,val,DME,DME-1923563-1.jpeg,768,496,380928,1.548,38.93,39.36,255,0,255,38.93,38.93,38.93,0
OCT,val,DME,DME-1923563-2.jpeg,768,496,380928,1.548,27.45,30.31,255,0,255,27.45,27.45,27.45,0
OCT,val,DME,DME-1923967-2.jpeg,512,496,253952,1.032,44.41,34.87,255,0,255,44.41,44.41,44.41,0
OCT,val,DME,DME-1966898-2.jpeg,512,512,262144,1.0,26.55,25.6,255,0,255,26.55,26.55,26.55,0
OCT,val,DME,DME-2091157-1.jpeg,768,496,380928,1.548,42.8,49.6,255,0,255,42.8,42.8,42.8,0
OCT,val,DME,DME-214825-6.jpeg,512,496,253952,1.032,62.69,54.29,255,0,255,62.69,62.69,62.69,0
OCT,val,DME,DME-2205167-11.jpeg,512,496,253952,1.032,69.11,81.02,255,0,255,69.11,69.11,69.11,0
OCT,val,DME,DME-2205167-15.jpeg,512,512,262144,1.0,52.2,53.3,255,0,255,52.2,52.2,52.2,0
OCT,val,DME,DME-2205167-24.jpeg,512,512,262144,1.0,64.54,66.37,255,0,255,64.54,64.54,64.54,0
OCT,val,DME,DME-2205167-30.jpeg,512,512,262144,1.0,72.4,78.77,255,0,255,72.4,72.4,72.4,0
OCT,val,DME,DME-2232211-1.jpeg,512,512,262144,1.0,26.48,31.18,255,0,255,26.48,26.48,26.48,0
OCT,val,DME,DME-2232211-19.jpeg,512,512,262144,1.0,25.06,26.14,255,0,255,25.06,25.06,25.06,0
OCT,val,DME,DME-224974-5.jpeg,512,512,262144,1.0,38.56,35.43,255,0,255,38.56,38.56,38.56,0
OCT,val,DME,DME-2261889-12.jpeg,512,496,253952,1.032,75.81,81.04,255,0,255,75.81,75.81,75.81,0
OCT,val,DME,DME-2261889-16.jpeg,512,512,262144,1.0,23.75,25.96,255,0,255,23.75,23.75,23.75,0
OCT,val,DME,DME-2261889-27.jpeg,768,496,380928,1.548,31.66,31.78,255,0,255,31.66,31.66,31.66,0
OCT,val,DME,DME-2261889-4.jpeg,512,512,262144,1.0,40.38,46.97,255,0,255,40.38,40.38,40.38,0
OCT,val,DME,DME-2261889-5.jpeg,768,496,380928,1.548,31.65,31.76,255,0,255,31.65,31.65,31.65,0
OCT,val,DME,DME-2261889-8.jpeg,512,496,253952,1.032,53.24,56.53,255,0,255,53.24,53.24,53.24,0
OCT,val,DME,DME-2346350-12.jpeg,512,512,262144,1.0,40.21,45.34,255,0,255,40.21,40.21,40.21,0
OCT,val,DME,DME-2346350-2.jpeg,768,496,380928,1.548,34.16,36.83,255,0,255,34.16,34.16,34.16,0
OCT,val,DME,DME-2346350-3.jpeg,512,512,262144,1.0,41.53,56.82,255,0,255,41.53,41.53,41.53,0
OCT,val,DME,DME-2388519-12.jpeg,512,512,262144,1.0,99.3,87.77,255,0,255,99.3,99.3,99.3,0
OCT,val,DME,DME-2388519-6.jpeg,512,512,262144,1.0,74.22,70.17,255,0,255,74.22,74.22,74.22,0
OCT,val,DME,DME-2556938-1.jpeg,768,496,380928,1.548,42.23,38.97,255,0,255,42.23,42.23,42.23,0
OCT,val,DME,DME-258763-10.jpeg,1536,496,761856,3.097,49.43,59.49,255,0,255,49.43,49.43,49.43,0
OCT,val,DME,DME-258763-14.jpeg,512,496,253952,1.032,107.48,93.01,255,0,255,107.48,107.48,107.48,0
OCT,val,DME,DME-258763-22.jpeg,1536,496,761856,3.097,60.7,71.75,255,0,255,60.7,60.7,60.7,0
OCT,val,DME,DME-258763-30.jpeg,512,496,253952,1.032,70.79,59.36,255,0,255,70.79,70.79,70.79,0
OCT,val,DME,DME-258763-36.jpeg,512,496,253952,1.032,76.42,67.61,255,0,255,76.42,76.42,76.42,0
OCT,val,DME,DME-258763-49.jpeg,512,496,253952,1.032,122.74,93.19,255,0,255,122.74,122.74,122.74,0
OCT,val,DME,DME-258763-75.jpeg,1536,496,761856,3.097,46.39,62.18,255,0,255,46.39,46.39,46.39,0
OCT,val,DME,DME-258763-79.jpeg,1536,496,761856,3.097,57.21,61.11,255,0,255,57.21,57.21,57.21,0
OCT,val,DME,DME-258763-94.jpeg,1536,496,761856,3.097,59.26,58.52,255,0,255,59.26,59.26,59.26,0
OCT,val,DME,DME-2630113-1.jpeg,512,512,262144,1.0,75.64,89.82,255,0,255,75.64,75.64,75.64,0
OCT,val,DME,DME-2630113-12.jpeg,512,512,262144,1.0,43.27,57.18,255,0,255,43.27,43.27,43.27,0
OCT,val,DME,DME-2630113-19.jpeg,512,512,262144,1.0,115.76,103.12,255,0,255,115.76,115.76,115.76,0
OCT,val,DME,DME-2630113-39.jpeg,512,512,262144,1.0,83.08,92.48,255,0,255,83.08,83.08,83.08,0
OCT,val,DME,DME-2630113-43.jpeg,512,512,262144,1.0,57.4,68.43,255,0,255,57.4,57.4,57.4,0
OCT,val,DME,DME-269181-3.jpeg,512,496,253952,1.032,56.16,48.58,255,0,255,56.16,56.16,56.16,0
OCT,val,DME,DME-269181-30.jpeg,512,496,253952,1.032,84.94,81.23,255,0,255,84.94,84.94,84.94,0
OCT,val,DME,DME-2780638-4.jpeg,512,496,253952,1.032,52.5,52.51,255,0,255,52.5,52.5,52.5,0
OCT,val,DME,DME-2780638-6.jpeg,768,496,380928,1.548,31.77,37.42,255,0,255,31.77,31.77,31.77,0
OCT,val,DME,DME-2817912-1.jpeg,512,496,253952,1.032,66.6,83.47,255,0,255,66.6,66.6,66.6,0
OCT,val,DME,DME-2817912-9.jpeg,512,496,253952,1.032,55.42,59.11,255,0,255,55.42,55.42,55.42,0
OCT,val,DME,DME-2993521-1.jpeg,512,512,262144,1.0,52.91,65.57,255,0,255,52.91,52.91,52.91,0
OCT,val,DME,DME-30521-141.jpeg,512,512,262144,1.0,46.94,61.91,255,0,255,46.94,46.94,46.94,0
OCT,val,DME,DME-30521-151.jpeg,512,512,262144,1.0,43.28,50.55,255,0,255,43.28,43.28,43.28,0
OCT,val,DME,DME-30521-155.jpeg,512,512,262144,1.0,36.84,39.35,255,0,255,36.84,36.84,36.84,0
OCT,val,DME,DME-30521-163.jpeg,512,512,262144,1.0,35.38,36.66,255,0,255,35.38,35.38,35.38,0
OCT,val,DME,DME-30521-171.jpeg,512,512,262144,1.0,48.44,56.88,255,0,255,48.44,48.44,48.44,0
OCT,val,DME,DME-30521-186.jpeg,512,512,262144,1.0,124.08,100.32,255,0,255,124.08,124.08,124.08,0
OCT,val,DME,DME-30521-190.jpeg,512,512,262144,1.0,47.25,49.24,255,0,255,47.25,47.25,47.25,0
OCT,val,DME,DME-30521-206.jpeg,512,512,262144,1.0,28.11,31.99,255,0,255,28.11,28.11,28.11,0
OCT,val,DME,DME-30521-22.jpeg,512,512,262144,1.0,31.51,32.88,255,0,255,31.51,31.51,31.51,0
OCT,val,DME,DME-30521-23.jpeg,512,512,262144,1.0,76.67,76.11,255,0,255,76.67,76.67,76.67,0
OCT,val,DME,DME-30521-24.jpeg,512,512,262144,1.0,78.14,76.22,255,0,255,78.14,78.14,78.14,0
OCT,val,DME,DME-30521-29.jpeg,512,512,262144,1.0,51.67,70.5,255,0,255,51.67,51.67,51.67,0
OCT,val,DME,DME-30521-51.jpeg,512,512,262144,1.0,43.43,40.51,255,0,255,43.43,43.43,43.43,0
OCT,val,DME,DME-30521-56.jpeg,512,512,262144,1.0,44.58,39.28,255,0,255,44.58,44.58,44.58,0
OCT,val,DME,DME-30521-97.jpeg,512,512,262144,1.0,28.21,32.17,255,0,255,28.21,28.21,28.21,0
OCT,val,DME,DME-306172-1.jpeg,768,496,380928,1.548,80.83,87.73,255,0,255,80.83,80.83,80.83,0
OCT,val,DME,DME-306172-113.jpeg,512,512,262144,1.0,58.09,63.07,255,0,255,58.09,58.09,58.09,0
OCT,val,DME,DME-306172-115.jpeg,512,512,262144,1.0,59.7,71.42,255,0,255,59.7,59.7,59.7,0
OCT,val,DME,DME-306172-124.jpeg,512,512,262144,1.0,81.05,87.92,255,0,255,81.05,81.05,81.05,0
OCT,val,DME,DME-306172-14.jpeg,512,512,262144,1.0,54.14,58.67,255,0,255,54.14,54.14,54.14,0
OCT,val,DME,DME-306172-23.jpeg,512,512,262144,1.0,63.11,77.79,255,0,255,63.11,63.11,63.11,0
OCT,val,DME,DME-306172-36.jpeg,512,512,262144,1.0,128.77,104.73,255,0,255,128.77,128.77,128.77,0
OCT,val,DME,DME-306172-48.jpeg,512,512,262144,1.0,43.88,49.47,255,0,255,43.88,43.88,43.88,0
OCT,val,DME,DME-306172-58.jpeg,512,512,262144,1.0,73.26,56.17,255,0,255,73.26,73.26,73.26,0
OCT,val,DME,DME-306172-63.jpeg,512,512,262144,1.0,68.01,78.43,255,0,255,68.01,68.01,68.01,0
OCT,val,DME,DME-306172-67.jpeg,512,512,262144,1.0,58.23,71.98,255,0,255,58.23,58.23,58.23,0
OCT,val,DME,DME-306172-69.jpeg,512,512,262144,1.0,59.99,72.0,255,0,255,59.99,59.99,59.99,0
OCT,val,DME,DME-306172-72.jpeg,512,512,262144,1.0,81.97,89.91,255,0,255,81.97,81.97,81.97,0
OCT,val,DME,DME-306172-8.jpeg,512,512,262144,1.0,48.89,50.48,255,0,255,48.89,48.89,48.89,0
OCT,val,DME,DME-3064922-111.jpeg,512,496,253952,1.032,39.62,44.81,255,0,255,39.62,39.62,39.62,0
OCT,val,DME,DME-3064922-115.jpeg,512,512,262144,1.0,49.35,57.71,255,0,255,49.35,49.35,49.35,0
OCT,val,DME,DME-3064922-118.jpeg,512,512,262144,1.0,40.23,35.11,255,0,255,40.23,40.23,40.23,0
OCT,val,DME,DME-3064922-125.jpeg,512,496,253952,1.032,58.55,66.36,255,0,255,58.55,58.55,58.55,0
OCT,val,DME,DME-3064922-145.jpeg,512,496,253952,1.032,49.73,63.68,255,0,255,49.73,49.73,49.73,0
OCT,val,DME,DME-3064922-150.jpeg,1536,496,761856,3.097,29.97,33.33,255,0,255,29.97,29.97,29.97,0
OCT,val,DME,DME-3064922-159.jpeg,512,512,262144,1.0,29.0,26.03,255,0,255,29.0,29.0,29.0,0
OCT,val,DME,DME-3064922-161.jpeg,512,512,262144,1.0,77.48,74.0,255,0,255,77.48,77.48,77.48,0
OCT,val,DME,DME-3064922-173.jpeg,512,512,262144,1.0,66.48,53.7,255,0,255,66.48,66.48,66.48,0
OCT,val,DME,DME-3064922-175.jpeg,512,496,253952,1.032,53.12,54.54,255,0,255,53.12,53.12,53.12,0
OCT,val,DME,DME-3064922-177.jpeg,768,496,380928,1.548,39.27,37.86,255,0,255,39.27,39.27,39.27,0
OCT,val,DME,DME-3064922-184.jpeg,512,496,253952,1.032,41.7,44.25,255,0,255,41.7,41.7,41.7,0
OCT,val,DME,DME-3064922-203.jpeg,512,512,262144,1.0,39.68,47.21,255,0,255,39.68,39.68,39.68,0
OCT,val,DME,DME-3064922-212.jpeg,512,512,262144,1.0,37.34,45.39,255,0,255,37.34,37.34,37.34,0
OCT,val,DME,DME-3064922-213.jpeg,512,512,262144,1.0,41.52,46.2,255,0,255,41.52,41.52,41.52,0
OCT,val,DME,DME-3064922-217.jpeg,512,512,262144,1.0,32.21,33.2,255,0,255,32.21,32.21,32.21,0
OCT,val,DME,DME-3064922-222.jpeg,512,512,262144,1.0,45.26,53.44,255,0,255,45.26,45.26,45.26,0
OCT,val,DME,DME-3064922-230.jpeg,512,512,262144,1.0,49.86,54.57,255,0,255,49.86,49.86,49.86,0
OCT,val,DME,DME-3064922-234.jpeg,512,512,262144,1.0,60.15,73.26,255,0,255,60.15,60.15,60.15,0
OCT,val,DME,DME-3064922-237.jpeg,512,512,262144,1.0,26.12,27.01,254,0,254,26.12,26.12,26.12,0
OCT,val,DME,DME-3064922-247.jpeg,512,512,262144,1.0,27.08,32.01,255,0,255,27.08,27.08,27.08,0
OCT,val,DME,DME-3064922-25.jpeg,512,512,262144,1.0,50.02,46.65,255,0,255,50.02,50.02,50.02,0
OCT,val,DME,DME-3064922-251.jpeg,512,512,262144,1.0,25.46,24.75,255,0,255,25.46,25.46,25.46,0
OCT,val,DME,DME-3064922-31.jpeg,512,512,262144,1.0,24.74,27.06,255,0,255,24.74,24.74,24.74,0
OCT,val,DME,DME-3064922-40.jpeg,512,512,262144,1.0,47.33,46.51,255,0,255,47.33,47.33,47.33,0
OCT,val,DME,DME-3064922-53.jpeg,512,512,262144,1.0,29.57,30.64,255,0,255,29.57,29.57,29.57,0
OCT,val,DME,DME-3064922-58.jpeg,512,512,262144,1.0,91.31,86.74,255,0,255,91.31,91.31,91.31,0
OCT,val,DME,DME-3064922-59.jpeg,512,512,262144,1.0,44.38,51.65,255,0,255,44.38,44.38,44.38,0
OCT,val,DME,DME-3064922-70.jpeg,1536,496,761856,3.097,28.53,31.67,255,0,255,28.53,28.53,28.53,0
OCT,val,DME,DME-3064922-77.jpeg,512,512,262144,1.0,53.38,62.92,255,0,255,53.38,53.38,53.38,0
OCT,val,DME,DME-3064922-84.jpeg,512,496,253952,1.032,44.98,56.48,255,0,255,44.98,44.98,44.98,0
OCT,val,DME,DME-3064922-87.jpeg,512,512,262144,1.0,37.06,37.99,255,0,255,37.06,37.06,37.06,0
OCT,val,DME,DME-3064922-96.jpeg,768,496,380928,1.548,29.13,34.63,255,0,255,29.13,29.13,29.13,0
OCT,val,DME,DME-3101737-4.jpeg,512,512,262144,1.0,45.76,60.35,255,0,255,45.76,45.76,45.76,0
OCT,val,DME,DME-3114569-2.jpeg,512,512,262144,1.0,50.3,53.81,255,0,255,50.3,50.3,50.3,0
OCT,val,DME,DME-3157783-100.jpeg,512,496,253952,1.032,73.69,67.79,255,0,255,73.69,73.69,73.69,0
OCT,val,DME,DME-3157783-102.jpeg,512,512,262144,1.0,37.25,35.23,255,0,255,37.25,37.25,37.25,0
OCT,val,DME,DME-3157783-13.jpeg,768,496,380928,1.548,49.08,48.27,255,0,255,49.08,49.08,49.08,0
OCT,val,DME,DME-3157783-18.jpeg,512,512,262144,1.0,32.64,33.81,255,0,255,32.64,32.64,32.64,0
OCT,val,DME,DME-3157783-29.jpeg,512,496,253952,1.032,49.6,44.88,255,0,255,49.6,49.6,49.6,0
OCT,val,DME,DME-3157783-39.jpeg,512,496,253952,1.032,68.73,73.83,255,0,255,68.73,68.73,68.73,0
OCT,val,DME,DME-3157783-43.jpeg,512,496,253952,1.032,49.75,41.89,255,0,255,49.75,49.75,49.75,0
OCT,val,DME,DME-3157783-82.jpeg,512,512,262144,1.0,96.21,82.01,255,0,255,96.21,96.21,96.21,0
OCT,val,DME,DME-3157783-83.jpeg,512,512,262144,1.0,66.05,50.14,255,0,255,66.05,66.05,66.05,0
OCT,val,DME,DME-3157783-85.jpeg,1536,496,761856,3.097,34.19,37.53,255,0,255,34.19,34.19,34.19,0
OCT,val,DME,DME-3157783-91.jpeg,1536,496,761856,3.097,28.37,28.86,255,0,255,28.37,28.37,28.37,0
OCT,val,DME,DME-3157783-99.jpeg,512,496,253952,1.032,72.07,70.48,255,0,255,72.07,72.07,72.07,0
OCT,val,DME,DME-3230369-1.jpeg,512,496,253952,1.032,49.85,47.78,255,0,255,49.85,49.85,49.85,0
OCT,val,DME,DME-323904-16.jpeg,512,496,253952,1.032,50.42,50.82,255,0,255,50.42,50.42,50.42,0
OCT,val,DME,DME-323904-20.jpeg,512,496,253952,1.032,56.79,53.07,255,0,255,56.79,56.79,56.79,0
OCT,val,DME,DME-323904-6.jpeg,512,496,253952,1.032,47.41,50.22,255,0,255,47.41,47.41,47.41,0
OCT,val,DME,DME-3276918-10.jpeg,512,512,262144,1.0,45.15,43.62,255,0,255,45.15,45.15,45.15,0
OCT,val,DME,DME-3276918-16.jpeg,512,512,262144,1.0,44.77,37.87,255,0,255,44.77,44.77,44.77,0
OCT,val,DME,DME-3278210-1.jpeg,512,512,262144,1.0,26.17,30.15,255,0,255,26.17,26.17,26.17,0
OCT,val,DME,DME-3287841-4.jpeg,512,512,262144,1.0,35.25,33.71,255,0,255,35.25,35.25,35.25,0
OCT,val,DME,DME-3289980-12.jpeg,512,512,262144,1.0,50.11,54.83,255,0,255,50.11,50.11,50.11,0
OCT,val,DME,DME-3289980-4.jpeg,512,512,262144,1.0,48.89,57.94,255,0,255,48.89,48.89,48.89,0
OCT,val,DME,DME-3289980-8.jpeg,512,512,262144,1.0,54.28,61.0,255,0,255,54.28,54.28,54.28,0
OCT,val,DME,DME-3304080-12.jpeg,512,512,262144,1.0,56.77,55.98,255,0,255,56.77,56.77,56.77,0
OCT,val,DME,DME-3304080-13.jpeg,512,512,262144,1.0,52.55,53.47,255,0,255,52.55,52.55,52.55,0
OCT,val,DME,DME-3304080-19.jpeg,512,512,262144,1.0,36.53,35.54,255,0,255,36.53,36.53,36.53,0
OCT,val,DME,DME-3304080-23.jpeg,512,512,262144,1.0,81.33,80.92,255,0,255,81.33,81.33,81.33,0
OCT,val,DME,DME-3304080-4.jpeg,512,512,262144,1.0,44.23,39.62,255,0,255,44.23,44.23,44.23,0
OCT,val,DME,DME-3304080-44.jpeg,512,512,262144,1.0,50.01,47.0,255,0,255,50.01,50.01,50.01,0
OCT,val,DME,DME-3304080-53.jpeg,512,512,262144,1.0,27.47,28.62,255,0,255,27.47,27.47,27.47,0
OCT,val,DME,DME-3304080-55.jpeg,512,512,262144,1.0,34.55,34.64,255,0,255,34.55,34.55,34.55,0
OCT,val,DME,DME-3304080-60.jpeg,512,512,262144,1.0,49.55,60.89,255,0,255,49.55,49.55,49.55,0
OCT,val,DME,DME-3304080-62.jpeg,512,512,262144,1.0,32.92,34.45,255,0,255,32.92,32.92,32.92,0
OCT,val,DME,DME-3311872-16.jpeg,512,512,262144,1.0,34.53,36.02,255,0,255,34.53,34.53,34.53,0
OCT,val,DME,DME-3311872-19.jpeg,512,512,262144,1.0,50.92,56.37,255,0,255,50.92,50.92,50.92,0
OCT,val,DME,DME-3311872-2.jpeg,512,512,262144,1.0,24.59,23.69,255,0,255,24.59,24.59,24.59,0
OCT,val,DME,DME-3311872-7.jpeg,512,512,262144,1.0,33.51,37.86,255,0,255,33.51,33.51,33.51,0
OCT,val,DME,DME-3340309-10.jpeg,512,512,262144,1.0,49.46,63.86,255,0,255,49.46,49.46,49.46,0
OCT,val,DME,DME-3340309-23.jpeg,512,512,262144,1.0,41.98,40.51,255,0,255,41.98,41.98,41.98,0
OCT,val,DME,DME-3340887-4.jpeg,512,512,262144,1.0,58.82,67.42,255,0,255,58.82,58.82,58.82,0
OCT,val,DME,DME-3340887-7.jpeg,512,512,262144,1.0,38.12,37.8,255,0,255,38.12,38.12,38.12,0
OCT,val,DME,DME-3346728-3.jpeg,512,512,262144,1.0,54.25,64.82,255,0,255,54.25,54.25,54.25,0
OCT,val,DME,DME-3347866-3.jpeg,512,512,262144,1.0,78.79,76.67,255,0,255,78.79,78.79,78.79,0
OCT,val,DME,DME-3358004-22.jpeg,512,512,262144,1.0,54.5,46.54,255,0,255,54.5,54.5,54.5,0
OCT,val,DME,DME-3358004-40.jpeg,512,512,262144,1.0,46.57,40.81,255,0,255,46.57,46.57,46.57,0
OCT,val,DME,DME-3362190-1.jpeg,512,512,262144,1.0,111.9,94.73,255,0,255,111.9,111.9,111.9,0
OCT,val,DME,DME-3410772-1.jpeg,512,512,262144,1.0,26.71,29.77,255,0,255,26.71,26.71,26.71,0
OCT,val,DME,DME-3410772-3.jpeg,512,512,262144,1.0,39.66,35.77,255,0,255,39.66,39.66,39.66,0
OCT,val,DME,DME-3414068-12.jpeg,512,512,262144,1.0,36.73,37.69,255,0,255,36.73,36.73,36.73,0
OCT,val,DME,DME-3414068-13.jpeg,512,512,262144,1.0,60.2,66.27,255,0,255,60.2,60.2,60.2,0
OCT,val,DME,DME-3414068-6.jpeg,512,512,262144,1.0,75.25,77.43,255,0,255,75.25,75.25,75.25,0
OCT,val,DME,DME-3441556-105.jpeg,512,496,253952,1.032,53.58,60.73,255,0,255,53.58,53.58,53.58,0
OCT,val,DME,DME-3441556-114.jpeg,512,496,253952,1.032,51.24,49.19,255,0,255,51.24,51.24,51.24,0
OCT,val,DME,DME-3441556-116.jpeg,512,496,253952,1.032,50.95,49.89,255,0,255,50.95,50.95,50.95,0
OCT,val,DME,DME-3441556-125.jpeg,512,496,253952,1.032,57.22,57.4,255,0,255,57.22,57.22,57.22,0
OCT,val,DME,DME-3441556-128.jpeg,512,512,262144,1.0,39.09,37.12,255,0,255,39.09,39.09,39.09,0
OCT,val,DME,DME-3441556-23.jpeg,512,496,253952,1.032,58.37,39.97,255,0,255,58.37,58.37,58.37,0
OCT,val,DME,DME-3441556-30.jpeg,768,496,380928,1.548,40.09,39.7,255,0,255,40.09,40.09,40.09,0
OCT,val,DME,DME-3441556-33.jpeg,512,496,253952,1.032,50.5,44.77,255,0,255,50.5,50.5,50.5,0
OCT,val,DME,DME-3441556-36.jpeg,512,496,253952,1.032,56.54,52.51,255,0,255,56.54,56.54,56.54,0
OCT,val,DME,DME-3441556-39.jpeg,512,512,262144,1.0,42.21,38.76,255,0,255,42.21,42.21,42.21,0
OCT,val,DME,DME-3441556-4.jpeg,512,496,253952,1.032,50.14,66.63,255,0,255,50.14,50.14,50.14,0
OCT,val,DME,DME-3441556-43.jpeg,1536,496,761856,3.097,30.2,30.31,255,0,255,30.2,30.2,30.2,0
OCT,val,DME,DME-3441556-49.jpeg,512,496,253952,1.032,44.39,49.25,255,0,255,44.39,44.39,44.39,0
OCT,val,DME,DME-3441556-56.jpeg,512,496,253952,1.032,72.21,71.48,255,0,255,72.21,72.21,72.21,0
OCT,val,DME,DME-3441556-6.jpeg,512,512,262144,1.0,39.9,37.43,255,0,255,39.9,39.9,39.9,0
OCT,val,DME,DME-3441556-62.jpeg,512,512,262144,1.0,29.11,30.28,255,0,255,29.11,29.11,29.11,0
OCT,val,DME,DME-3441556-66.jpeg,512,496,253952,1.032,58.85,51.9,255,0,255,58.85,58.85,58.85,0
OCT,val,DME,DME-3441556-71.jpeg,512,512,262144,1.0,37.78,35.97,255,0,255,37.78,37.78,37.78,0
OCT,val,DME,DME-3441556-78.jpeg,512,496,253952,1.032,52.87,51.46,255,0,255,52.87,52.87,52.87,0
OCT,val,DME,DME-3441556-97.jpeg,512,512,262144,1.0,40.58,36.87,255,0,255,40.58,40.58,40.58,0
OCT,val,DME,DME-3441556-99.jpeg,512,512,262144,1.0,35.11,35.65,255,0,255,35.11,35.11,35.11,0
OCT,val,DME,DME-3447259-11.jpeg,512,512,262144,1.0,38.25,35.72,255,0,255,38.25,38.25,38.25,0
OCT,val,DME,DME-3447259-17.jpeg,512,512,262144,1.0,29.57,32.55,255,0,255,29.57,29.57,29.57,0
OCT,val,DME,DME-3447259-2.jpeg,512,512,262144,1.0,73.88,79.01,255,0,255,73.88,73.88,73.88,0
OCT,val,DME,DME-3447259-8.jpeg,512,512,262144,1.0,39.42,37.66,255,0,255,39.42,39.42,39.42,0
OCT,val,DME,DME-3464701-10.jpeg,512,512,262144,1.0,66.64,56.96,255,0,255,66.64,66.64,66.64,0
OCT,val,DME,DME-3472166-5.jpeg,512,512,262144,1.0,42.18,46.2,255,0,255,42.18,42.18,42.18,0
OCT,val,DME,DME-3475211-1.jpeg,512,496,253952,1.032,37.08,38.91,255,0,255,37.08,37.08,37.08,0
OCT,val,DME,DME-3483651-16.jpeg,512,512,262144,1.0,60.06,59.67,255,0,255,60.06,60.06,60.06,0
OCT,val,DME,DME-3483651-17.jpeg,512,512,262144,1.0,59.8,60.16,255,0,255,59.8,59.8,59.8,0
OCT,val,DME,DME-3483651-3.jpeg,512,512,262144,1.0,44.64,54.52,255,0,255,44.64,44.64,44.64,0
OCT,val,DME,DME-3483651-7.jpeg,512,512,262144,1.0,42.35,64.77,255,0,255,42.35,42.35,42.35,0
OCT,val,DME,DME-3491563-2.jpeg,512,512,262144,1.0,37.1,35.93,255,0,255,37.1,37.1,37.1,0
OCT,val,DME,DME-3491563-3.jpeg,512,512,262144,1.0,34.27,32.62,255,0,255,34.27,34.27,34.27,0
OCT,val,DME,DME-3513297-5.jpeg,512,512,262144,1.0,88.77,85.36,255,0,255,88.77,88.77,88.77,0
OCT,val,DME,DME-3531101-12.jpeg,512,512,262144,1.0,42.86,43.7,255,0,255,42.86,42.86,42.86,0
OCT,val,DME,DME-3531101-28.jpeg,512,512,262144,1.0,24.74,29.79,255,0,255,24.74,24.74,24.74,0
OCT,val,DME,DME-3531101-32.jpeg,512,512,262144,1.0,29.2,31.29,255,0,255,29.2,29.2,29.2,0
OCT,val,DME,DME-3531101-7.jpeg,512,512,262144,1.0,35.92,34.95,255,0,255,35.92,35.92,35.92,0
OCT,val,DME,DME-3542808-11.jpeg,512,512,262144,1.0,56.27,61.28,255,0,255,56.27,56.27,56.27,0
OCT,val,DME,DME-3542808-13.jpeg,512,512,262144,1.0,20.55,25.76,255,0,255,20.55,20.55,20.55,0
OCT,val,DME,DME-3542808-27.jpeg,512,512,262144,1.0,85.99,76.8,255,0,255,85.99,85.99,85.99,0
OCT,val,DME,DME-3542808-28.jpeg,512,512,262144,1.0,44.43,49.04,255,0,255,44.43,44.43,44.43,0
OCT,val,DME,DME-3542808-29.jpeg,512,512,262144,1.0,42.57,42.08,255,0,255,42.57,42.57,42.57,0
OCT,val,DME,DME-3542808-39.jpeg,512,512,262144,1.0,35.34,38.29,255,0,255,35.34,35.34,35.34,0
OCT,val,DME,DME-3542808-48.jpeg,512,512,262144,1.0,43.86,35.76,255,0,255,43.86,43.86,43.86,0
OCT,val,DME,DME-3542808-5.jpeg,512,512,262144,1.0,58.03,56.43,255,0,255,58.03,58.03,58.03,0
OCT,val,DME,DME-3542808-59.jpeg,512,512,262144,1.0,81.56,83.65,255,0,255,81.56,81.56,81.56,0
OCT,val,DME,DME-3542808-60.jpeg,512,512,262144,1.0,108.93,94.73,255,0,255,108.93,108.93,108.93,0
OCT,val,DME,DME-3542808-8.jpeg,512,512,262144,1.0,37.46,36.62,255,0,255,37.46,37.46,37.46,0
OCT,val,DME,DME-3542808-9.jpeg,512,512,262144,1.0,28.07,31.06,255,0,255,28.07,28.07,28.07,0
OCT,val,DME,DME-3546221-6.jpeg,512,512,262144,1.0,62.67,60.99,255,0,255,62.67,62.67,62.67,0
OCT,val,DME,DME-3552236-1.jpeg,512,512,262144,1.0,38.59,37.8,255,0,255,38.59,38.59,38.59,0
OCT,val,DME,DME-3552236-15.jpeg,512,512,262144,1.0,50.89,60.73,255,0,255,50.89,50.89,50.89,0
OCT,val,DME,DME-3552236-3.jpeg,512,512,262144,1.0,40.62,42.18,255,0,255,40.62,40.62,40.62,0
OCT,val,DME,DME-3565572-2.jpeg,512,512,262144,1.0,32.61,45.51,255,0,255,32.61,32.61,32.61,0
OCT,val,DME,DME-3565572-6.jpeg,512,512,262144,1.0,24.15,24.07,255,0,255,24.15,24.15,24.15,0
OCT,val,DME,DME-3606968-1.jpeg,512,512,262144,1.0,109.69,102.19,255,0,255,109.69,109.69,109.69,0
OCT,val,DME,DME-3606968-24.jpeg,512,512,262144,1.0,61.38,60.76,255,0,255,61.38,61.38,61.38,0
OCT,val,DME,DME-3606968-28.jpeg,512,512,262144,1.0,45.85,52.06,255,0,255,45.85,45.85,45.85,0
OCT,val,DME,DME-3606968-29.jpeg,512,512,262144,1.0,37.87,39.67,255,0,255,37.87,37.87,37.87,0
OCT,val,DME,DME-3606968-3.jpeg,512,512,262144,1.0,111.07,104.01,255,0,255,111.07,111.07,111.07,0
OCT,val,DME,DME-3606968-32.jpeg,512,512,262144,1.0,33.61,34.47,255,0,255,33.61,33.61,33.61,0
OCT,val,DME,DME-3606968-33.jpeg,512,512,262144,1.0,30.53,30.23,255,0,255,30.53,30.53,30.53,0
OCT,val,DME,DME-3606968-42.jpeg,512,512,262144,1.0,36.78,36.88,255,0,255,36.78,36.78,36.78,0
OCT,val,DME,DME-3608465-32.jpeg,512,512,262144,1.0,82.23,79.39,255,0,255,82.23,82.23,82.23,0
OCT,val,DME,DME-3608465-33.jpeg,512,512,262144,1.0,88.34,77.08,255,0,255,88.34,88.34,88.34,0
OCT,val,DME,DME-3608465-42.jpeg,512,512,262144,1.0,33.44,32.1,255,0,255,33.44,33.44,33.44,0
OCT,val,DME,DME-3608465-44.jpeg,512,512,262144,1.0,33.81,31.72,255,0,255,33.81,33.81,33.81,0
OCT,val,DME,DME-3608465-5.jpeg,512,496,253952,1.032,117.49,84.76,255,0,255,117.49,117.49,117.49,0
OCT,val,DME,DME-3608465-50.jpeg,512,512,262144,1.0,48.46,49.33,255,0,255,48.46,48.46,48.46,0
OCT,val,DME,DME-3712405-11.jpeg,512,512,262144,1.0,51.86,69.17,255,0,255,51.86,51.86,51.86,0
OCT,val,DME,DME-3712405-21.jpeg,512,512,262144,1.0,76.21,68.69,255,0,255,76.21,76.21,76.21,0
OCT,val,DME,DME-3712405-25.jpeg,512,512,262144,1.0,37.43,37.03,255,0,255,37.43,37.43,37.43,0
OCT,val,DME,DME-3712405-30.jpeg,512,512,262144,1.0,35.14,35.59,255,0,255,35.14,35.14,35.14,0
OCT,val,DME,DME-3712405-42.jpeg,512,512,262144,1.0,74.59,72.43,255,0,255,74.59,74.59,74.59,0
OCT,val,DME,DME-3712405-77.jpeg,512,512,262144,1.0,31.56,33.65,255,0,255,31.56,31.56,31.56,0
OCT,val,DME,DME-3712405-78.jpeg,512,512,262144,1.0,36.49,36.99,255,0,255,36.49,36.49,36.49,0
OCT,val,DME,DME-3718895-1.jpeg,512,512,262144,1.0,32.64,33.59,255,0,255,32.64,32.64,32.64,0
OCT,val,DME,DME-3718895-12.jpeg,512,512,262144,1.0,102.53,92.1,255,0,255,102.53,102.53,102.53,0
OCT,val,DME,DME-3718895-26.jpeg,512,512,262144,1.0,51.68,61.8,255,0,255,51.68,51.68,51.68,0
OCT,val,DME,DME-3718895-39.jpeg,1536,496,761856,3.097,36.52,37.69,255,0,255,36.52,36.52,36.52,0
OCT,val,DME,DME-3718895-4.jpeg,512,512,262144,1.0,63.99,63.94,255,0,255,63.99,63.99,63.99,0
OCT,val,DME,DME-3718895-45.jpeg,512,512,262144,1.0,90.68,88.61,255,0,255,90.68,90.68,90.68,0
OCT,val,DME,DME-3718895-46.jpeg,512,512,262144,1.0,28.41,29.93,255,0,255,28.41,28.41,28.41,0
OCT,val,DME,DME-3718895-49.jpeg,1536,496,761856,3.097,68.36,70.44,255,0,255,68.36,68.36,68.36,0
OCT,val,DME,DME-3718895-53.jpeg,512,512,262144,1.0,66.49,64.72,255,0,255,66.49,66.49,66.49,0
OCT,val,DME,DME-3718895-56.jpeg,512,512,262144,1.0,48.69,58.93,255,0,255,48.69,48.69,48.69,0
OCT,val,DME,DME-3757443-12.jpeg,512,512,262144,1.0,47.67,39.75,255,0,255,47.67,47.67,47.67,0
OCT,val,DME,DME-3757443-2.jpeg,512,512,262144,1.0,73.53,76.5,255,0,255,73.53,73.53,73.53,0
OCT,val,DME,DME-3757443-3.jpeg,512,512,262144,1.0,64.9,73.21,255,0,255,64.9,64.9,64.9,0
OCT,val,DME,DME-3757443-38.jpeg,512,512,262144,1.0,48.12,48.52,255,0,255,48.12,48.12,48.12,0
OCT,val,DME,DME-3757443-39.jpeg,512,512,262144,1.0,44.87,53.76,255,0,255,44.87,44.87,44.87,0
OCT,val,DME,DME-3757443-43.jpeg,512,512,262144,1.0,34.97,37.69,255,0,255,34.97,34.97,34.97,0
OCT,val,DME,DME-3757443-79.jpeg,512,512,262144,1.0,48.8,58.8,255,0,255,48.8,48.8,48.8,0
OCT,val,DME,DME-3757443-82.jpeg,512,512,262144,1.0,31.25,31.49,255,0,255,31.25,31.25,31.25,0
OCT,val,DME,DME-3757443-88.jpeg,512,512,262144,1.0,42.41,44.95,255,0,255,42.41,42.41,42.41,0
OCT,val,DME,DME-3757443-94.jpeg,512,512,262144,1.0,54.55,53.34,255,0,255,54.55,54.55,54.55,0
OCT,val,DME,DME-4007891-13.jpeg,512,512,262144,1.0,32.53,35.55,255,0,255,32.53,32.53,32.53,0
OCT,val,DME,DME-4007891-14.jpeg,512,512,262144,1.0,54.89,67.79,255,0,255,54.89,54.89,54.89,0
OCT,val,DME,DME-4007891-8.jpeg,512,512,262144,1.0,61.34,64.3,255,0,255,61.34,61.34,61.34,0
OCT,val,DME,DME-4007891-9.jpeg,512,512,262144,1.0,72.89,75.46,255,0,255,72.89,72.89,72.89,0
OCT,val,DME,DME-402066-1.jpeg,512,512,262144,1.0,40.86,41.3,255,0,255,40.86,40.86,40.86,0
OCT,val,DME,DME-402066-11.jpeg,512,512,262144,1.0,73.51,68.16,255,0,255,73.51,73.51,73.51,0
OCT,val,DME,DME-402066-4.jpeg,512,512,262144,1.0,59.1,65.01,255,0,255,59.1,59.1,59.1,0
OCT,val,DME,DME-4020729-4.jpeg,512,512,262144,1.0,35.69,38.17,255,0,255,35.69,35.69,35.69,0
OCT,val,DME,DME-4020729-6.jpeg,512,512,262144,1.0,47.56,50.51,255,0,255,47.56,47.56,47.56,0
OCT,val,DME,DME-4020729-7.jpeg,512,512,262144,1.0,51.2,56.44,255,0,255,51.2,51.2,51.2,0
OCT,val,DME,DME-4030787-100.jpeg,512,512,262144,1.0,59.15,53.57,255,0,255,59.15,59.15,59.15,0
OCT,val,DME,DME-4030787-20.jpeg,512,512,262144,1.0,67.73,54.4,255,0,255,67.73,67.73,67.73,0
OCT,val,DME,DME-4030787-30.jpeg,512,512,262144,1.0,71.24,69.0,255,0,255,71.24,71.24,71.24,0
OCT,val,DME,DME-4030787-36.jpeg,512,512,262144,1.0,85.29,73.51,255,0,255,85.29,85.29,85.29,0
OCT,val,DME,DME-4030787-45.jpeg,512,512,262144,1.0,79.42,82.15,255,0,255,79.42,79.42,79.42,0
OCT,val,DME,DME-4030787-50.jpeg,512,512,262144,1.0,40.3,52.34,255,0,255,40.3,40.3,40.3,0
OCT,val,DME,DME-4030787-6.jpeg,512,512,262144,1.0,83.16,70.97,255,0,255,83.16,83.16,83.16,0
OCT,val,DME,DME-4030787-64.jpeg,512,512,262144,1.0,87.57,87.54,255,0,255,87.57,87.57,87.57,0
OCT,val,DME,DME-4030787-71.jpeg,512,512,262144,1.0,78.3,78.07,255,0,255,78.3,78.3,78.3,0
OCT,val,DME,DME-4030787-85.jpeg,512,512,262144,1.0,94.27,72.17,255,0,255,94.27,94.27,94.27,0
OCT,val,DME,DME-4030787-89.jpeg,512,512,262144,1.0,51.64,50.25,255,0,255,51.64,51.64,51.64,0
OCT,val,DME,DME-4030787-90.jpeg,512,512,262144,1.0,41.34,51.17,255,0,255,41.34,41.34,41.34,0
OCT,val,DME,DME-4030787-94.jpeg,512,512,262144,1.0,59.03,52.58,255,0,255,59.03,59.03,59.03,0
OCT,val,DME,DME-405804-3.jpeg,768,496,380928,1.548,49.34,62.41,255,0,255,49.34,49.34,49.34,0
OCT,val,DME,DME-405804-7.jpeg,768,496,380928,1.548,27.38,32.56,255,0,255,27.38,27.38,27.38,0
OCT,val,DME,DME-408201-15.jpeg,512,496,253952,1.032,100.35,95.64,255,0,255,100.35,100.35,100.35,0
OCT,val,DME,DME-408201-8.jpeg,512,496,253952,1.032,105.01,93.88,255,0,255,105.01,105.01,105.01,0
OCT,val,DME,DME-4119721-1.jpeg,512,512,262144,1.0,30.62,32.72,255,0,255,30.62,30.62,30.62,0
OCT,val,DME,DME-4119721-10.jpeg,512,512,262144,1.0,58.05,52.0,255,0,255,58.05,58.05,58.05,0
OCT,val,DME,DME-4119721-14.jpeg,512,512,262144,1.0,28.28,31.28,255,0,255,28.28,28.28,28.28,0
OCT,val,DME,DME-4119721-17.jpeg,512,512,262144,1.0,81.29,85.13,255,0,255,81.29,81.29,81.29,0
OCT,val,DME,DME-4119721-38.jpeg,512,512,262144,1.0,27.53,33.03,255,0,255,27.53,27.53,27.53,0
OCT,val,DME,DME-4119721-41.jpeg,512,512,262144,1.0,33.69,35.75,255,0,255,33.69,33.69,33.69,0
OCT,val,DME,DME-4119721-50.jpeg,512,512,262144,1.0,25.65,26.4,255,0,255,25.65,25.65,25.65,0
OCT,val,DME,DME-4119721-59.jpeg,512,512,262144,1.0,52.84,49.38,255,0,255,52.84,52.84,52.84,0
OCT,val,DME,DME-4223555-1.jpeg,1536,496,761856,3.097,25.36,34.02,255,0,255,25.36,25.36,25.36,0
OCT,val,DME,DME-4226802-1.jpeg,768,496,380928,1.548,56.36,49.11,255,0,255,56.36,56.36,56.36,0
OCT,val,DME,DME-4226802-2.jpeg,768,496,380928,1.548,54.89,51.35,255,0,255,54.89,54.89,54.89,0
OCT,val,DME,DME-4240465-10.jpeg,512,512,262144,1.0,72.8,73.47,255,0,255,72.8,72.8,72.8,0
OCT,val,DME,DME-4240465-32.jpeg,512,512,262144,1.0,36.06,36.13,255,0,255,36.06,36.06,36.06,0
OCT,val,DME,DME-4240465-38.jpeg,512,512,262144,1.0,50.11,59.07,255,0,255,50.11,50.11,50.11,0
OCT,val,DME,DME-4240465-8.jpeg,512,512,262144,1.0,42.93,43.99,255,0,255,42.93,42.93,42.93,0
OCT,val,DME,DME-4242335-104.jpeg,512,512,262144,1.0,48.36,58.57,255,0,255,48.36,48.36,48.36,0
OCT,val,DME,DME-4242335-113.jpeg,512,512,262144,1.0,75.14,63.41,255,0,255,75.14,75.14,75.14,0
OCT,val,DME,DME-4242335-126.jpeg,512,512,262144,1.0,58.32,60.1,255,0,255,58.32,58.32,58.32,0
OCT,val,DME,DME-4242335-133.jpeg,512,512,262144,1.0,56.0,49.23,255,0,255,56.0,56.0,56.0,0
OCT,val,DME,DME-4242335-14.jpeg,512,512,262144,1.0,38.25,44.29,255,0,255,38.25,38.25,38.25,0
OCT,val,DME,DME-4242335-141.jpeg,512,512,262144,1.0,66.28,61.73,255,0,255,66.28,66.28,66.28,0
OCT,val,DME,DME-4242335-164.jpeg,512,512,262144,1.0,71.57,57.88,255,0,255,71.57,71.57,71.57,0
OCT,val,DME,DME-4242335-174.jpeg,512,512,262144,1.0,92.24,70.05,255,0,255,92.24,92.24,92.24,0
OCT,val,DME,DME-4242335-201.jpeg,512,512,262144,1.0,92.47,92.41,255,0,255,92.47,92.47,92.47,0
OCT,val,DME,DME-4242335-218.jpeg,512,512,262144,1.0,56.88,53.0,255,0,255,56.88,56.88,56.88,0
OCT,val,DME,DME-4242335-220.jpeg,512,512,262144,1.0,43.58,57.22,255,0,255,43.58,43.58,43.58,0
OCT,val,DME,DME-4242335-224.jpeg,512,496,253952,1.032,49.84,56.65,255,0,255,49.84,49.84,49.84,0
OCT,val,DME,DME-4242335-226.jpeg,512,512,262144,1.0,50.42,58.09,255,0,255,50.42,50.42,50.42,0
OCT,val,DME,DME-4242335-236.jpeg,512,512,262144,1.0,43.64,49.15,255,0,255,43.64,43.64,43.64,0
OCT,val,DME,DME-4242335-238.jpeg,512,512,262144,1.0,46.48,53.77,255,0,255,46.48,46.48,46.48,0
OCT,val,DME,DME-4242335-239.jpeg,512,512,262144,1.0,56.95,55.55,255,0,255,56.95,56.95,56.95,0
OCT,val,DME,DME-4242335-28.jpeg,512,512,262144,1.0,52.11,51.39,255,0,255,52.11,52.11,52.11,0
OCT,val,DME,DME-4242335-29.jpeg,512,512,262144,1.0,86.16,89.38,255,0,255,86.16,86.16,86.16,0
OCT,val,DME,DME-4242335-30.jpeg,512,512,262144,1.0,45.49,61.81,255,0,255,45.49,45.49,45.49,0
OCT,val,DME,DME-4242335-32.jpeg,512,512,262144,1.0,54.62,64.69,255,0,255,54.62,54.62,54.62,0
OCT,val,DME,DME-4242335-34.jpeg,512,512,262144,1.0,56.45,61.11,255,0,255,56.45,56.45,56.45,0
OCT,val,DME,DME-4242335-58.jpeg,512,512,262144,1.0,42.91,39.85,255,0,255,42.91,42.91,42.91,0
OCT,val,DME,DME-4242335-67.jpeg,512,512,262144,1.0,81.96,79.14,255,0,255,81.96,81.96,81.96,0
OCT,val,DME,DME-4242335-69.jpeg,512,512,262144,1.0,89.77,88.12,255,0,255,89.77,89.77,89.77,0
OCT,val,DME,DME-4242335-76.jpeg,512,512,262144,1.0,76.54,79.72,255,0,255,76.54,76.54,76.54,0
OCT,val,DME,DME-4242335-89.jpeg,512,512,262144,1.0,67.25,74.2,255,0,255,67.25,67.25,67.25,0
OCT,val,DME,DME-4244491-1.jpeg,512,512,262144,1.0,42.73,40.5,255,0,255,42.73,42.73,42.73,0
OCT,val,DME,DME-4244491-14.jpeg,512,512,262144,1.0,44.83,49.95,255,0,255,44.83,44.83,44.83,0
OCT,val,DME,DME-4244491-6.jpeg,512,512,262144,1.0,51.47,58.33,255,0,255,51.47,51.47,51.47,0
OCT,val,DME,DME-4244491-8.jpeg,512,512,262144,1.0,60.33,64.77,255,0,255,60.33,60.33,60.33,0
OCT,val,DME,DME-4266292-1.jpeg,768,496,380928,1.548,57.52,50.58,255,0,255,57.52,57.52,57.52,0
OCT,val,DME,DME-4307678-9.jpeg,768,496,380928,1.548,36.2,37.08,255,0,255,36.2,36.2,36.2,0
OCT,val,DME,DME-4321486-1.jpeg,1536,496,761856,3.097,39.28,39.76,255,0,255,39.28,39.28,39.28,0
OCT,val,DME,DME-4321486-20.jpeg,512,496,253952,1.032,64.61,62.79,255,0,255,64.61,64.61,64.61,0
OCT,val,DME,DME-4321486-8.jpeg,512,496,253952,1.032,55.6,58.44,255,0,255,55.6,55.6,55.6,0
OCT,val,DME,DME-4336607-1.jpeg,512,512,262144,1.0,96.0,91.11,255,0,255,96.0,96.0,96.0,0
OCT,val,DME,DME-4336607-16.jpeg,512,512,262144,1.0,43.44,37.53,255,0,255,43.44,43.44,43.44,0
OCT,val,DME,DME-4336607-18.jpeg,512,512,262144,1.0,44.08,40.33,255,0,255,44.08,44.08,44.08,0
OCT,val,DME,DME-4336607-20.jpeg,1536,496,761856,3.097,31.82,34.78,255,0,255,31.82,31.82,31.82,0
OCT,val,DME,DME-4336607-25.jpeg,512,512,262144,1.0,35.12,36.72,255,0,255,35.12,35.12,35.12,0
OCT,val,DME,DME-4336607-26.jpeg,1536,496,761856,3.097,35.49,37.34,255,0,255,35.49,35.49,35.49,0
OCT,val,DME,DME-4336607-31.jpeg,512,512,262144,1.0,52.15,57.31,255,0,255,52.15,52.15,52.15,0
OCT,val,DME,DME-4336607-40.jpeg,512,512,262144,1.0,51.84,55.2,255,0,255,51.84,51.84,51.84,0
OCT,val,DME,DME-4336607-42.jpeg,512,512,262144,1.0,63.58,58.59,255,0,255,63.58,63.58,63.58,0
OCT,val,DME,DME-4336607-76.jpeg,512,512,262144,1.0,38.92,36.46,255,0,255,38.92,38.92,38.92,0
OCT,val,DME,DME-4336607-77.jpeg,512,512,262144,1.0,31.7,32.49,255,0,255,31.7,31.7,31.7,0
OCT,val,DME,DME-4366561-3.jpeg,512,496,253952,1.032,62.59,75.2,255,0,255,62.59,62.59,62.59,0
OCT,val,DME,DME-4384544-3.jpeg,512,512,262144,1.0,62.86,71.63,255,0,255,62.86,62.86,62.86,0
OCT,val,DME,DME-4388412-1.jpeg,512,496,253952,1.032,90.86,88.81,255,0,255,90.86,90.86,90.86,0
OCT,val,DME,DME-4388412-4.jpeg,768,496,380928,1.548,37.68,38.29,255,0,255,37.68,37.68,37.68,0
OCT,val,DME,DME-4428613-4.jpeg,512,512,262144,1.0,33.72,33.6,255,0,255,33.72,33.72,33.72,0
OCT,val,DME,DME-4431062-1.jpeg,768,496,380928,1.548,31.53,33.38,255,0,255,31.53,31.53,31.53,0
OCT,val,DME,DME-4432202-10.jpeg,512,496,253952,1.032,71.38,80.22,255,0,255,71.38,71.38,71.38,0
OCT,val,DME,DME-4432202-25.jpeg,1536,496,761856,3.097,33.3,36.29,255,0,255,33.3,33.3,33.3,0
OCT,val,DME,DME-4432202-30.jpeg,768,496,380928,1.548,29.12,34.54,255,0,255,29.12,29.12,29.12,0
OCT,val,DME,DME-4432202-38.jpeg,512,496,253952,1.032,46.25,44.97,255,0,255,46.25,46.25,46.25,0
OCT,val,DME,DME-4432202-4.jpeg,512,496,253952,1.032,53.34,58.41,255,0,255,53.34,53.34,53.34,0
OCT,val,DME,DME-4432202-44.jpeg,768,496,380928,1.548,36.78,41.25,255,0,255,36.78,36.78,36.78,0
OCT,val,DME,DME-4441781-5.jpeg,512,512,262144,1.0,54.15,45.33,255,0,255,54.15,54.15,54.15,0
OCT,val,DME,DME-4445075-118.jpeg,512,512,262144,1.0,49.58,43.28,255,0,255,49.58,49.58,49.58,0
OCT,val,DME,DME-4445075-124.jpeg,512,512,262144,1.0,29.34,27.33,255,0,255,29.34,29.34,29.34,0
OCT,val,DME,DME-4445075-126.jpeg,512,512,262144,1.0,39.48,36.97,255,0,255,39.48,39.48,39.48,0
OCT,val,DME,DME-4445075-132.jpeg,512,512,262144,1.0,69.43,65.73,255,0,255,69.43,69.43,69.43,0
OCT,val,DME,DME-4445075-134.jpeg,512,512,262144,1.0,71.03,64.06,255,0,255,71.03,71.03,71.03,0
OCT,val,DME,DME-4445075-136.jpeg,512,512,262144,1.0,102.2,83.55,255,0,255,102.2,102.2,102.2,0
OCT,val,DME,DME-4445075-139.jpeg,512,512,262144,1.0,53.14,45.86,255,0,255,53.14,53.14,53.14,0
OCT,val,DME,DME-4445075-15.jpeg,512,512,262144,1.0,58.52,56.77,255,0,255,58.52,58.52,58.52,0
OCT,val,DME,DME-4445075-17.jpeg,512,512,262144,1.0,61.92,52.21,255,0,255,61.92,61.92,61.92,0
OCT,val,DME,DME-4445075-29.jpeg,512,512,262144,1.0,44.44,38.37,255,0,255,44.44,44.44,44.44,0
OCT,val,DME,DME-4445075-39.jpeg,512,512,262144,1.0,38.88,33.55,255,0,255,38.88,38.88,38.88,0
OCT,val,DME,DME-4445075-40.jpeg,512,512,262144,1.0,42.95,38.72,255,0,255,42.95,42.95,42.95,0
OCT,val,DME,DME-4445075-47.jpeg,512,512,262144,1.0,54.59,46.41,255,0,255,54.59,54.59,54.59,0
OCT,val,DME,DME-4445075-64.jpeg,512,512,262144,1.0,61.79,48.2,255,0,255,61.79,61.79,61.79,0
OCT,val,DME,DME-4445075-66.jpeg,512,512,262144,1.0,65.34,51.84,255,0,255,65.34,65.34,65.34,0
OCT,val,DME,DME-4445075-92.jpeg,512,512,262144,1.0,51.59,53.56,255,0,255,51.59,51.59,51.59,0
OCT,val,DME,DME-4445075-93.jpeg,512,512,262144,1.0,50.77,53.29,255,0,255,50.77,50.77,50.77,0
OCT,val,DME,DME-4445075-95.jpeg,512,512,262144,1.0,75.65,64.6,255,0,255,75.65,75.65,75.65,0
OCT,val,DME,DME-4445075-96.jpeg,512,512,262144,1.0,80.09,62.43,255,0,255,80.09,80.09,80.09,0
OCT,val,DME,DME-4448799-2.jpeg,512,512,262144,1.0,50.4,63.89,255,0,255,50.4,50.4,50.4,0
OCT,val,DME,DME-446851-6.jpeg,512,512,262144,1.0,31.87,36.31,255,0,255,31.87,31.87,31.87,0
OCT,val,DME,DME-4468878-1.jpeg,512,512,262144,1.0,31.37,33.36,255,0,255,31.37,31.37,31.37,0
OCT,val,DME,DME-4468878-10.jpeg,512,512,262144,1.0,87.17,83.42,255,0,255,87.17,87.17,87.17,0
OCT,val,DME,DME-4468878-13.jpeg,512,512,262144,1.0,33.17,32.56,255,0,255,33.17,33.17,33.17,0
OCT,val,DME,DME-4468878-22.jpeg,512,512,262144,1.0,34.95,35.31,255,0,255,34.95,34.95,34.95,0
OCT,val,DME,DME-4468878-5.jpeg,512,512,262144,1.0,99.1,103.59,255,0,255,99.1,99.1,99.1,0
OCT,val,DME,DME-4478609-20.jpeg,512,512,262144,1.0,86.06,79.62,255,0,255,86.06,86.06,86.06,0
OCT,val,DME,DME-4478609-40.jpeg,512,512,262144,1.0,38.09,34.4,255,0,255,38.09,38.09,38.09,0
OCT,val,DME,DME-4478609-41.jpeg,512,512,262144,1.0,36.21,36.55,255,0,255,36.21,36.21,36.21,0
OCT,val,DME,DME-4478609-7.jpeg,512,512,262144,1.0,36.39,37.0,255,0,255,36.39,36.39,36.39,0
OCT,val,DME,DME-4480781-1.jpeg,512,512,262144,1.0,39.49,43.36,255,0,255,39.49,39.49,39.49,0
OCT,val,DME,DME-4484249-1.jpeg,768,496,380928,1.548,95.87,90.07,255,0,255,95.87,95.87,95.87,0
OCT,val,DME,DME-4484249-3.jpeg,768,496,380928,1.548,29.74,31.31,255,0,255,29.74,29.74,29.74,0
OCT,val,DME,DME-4484581-7.jpeg,512,512,262144,1.0,105.45,94.36,255,0,255,105.45,105.45,105.45,0
OCT,val,DME,DME-4490546-22.jpeg,512,512,262144,1.0,120.36,98.71,255,0,255,120.36,120.36,120.36,0
OCT,val,DME,DME-4490546-30.jpeg,512,512,262144,1.0,59.7,49.03,255,0,255,59.7,59.7,59.7,0
OCT,val,DME,DME-4537405-1.jpeg,512,512,262144,1.0,35.08,35.05,255,0,255,35.08,35.08,35.08,0
OCT,val,DME,DME-4537405-2.jpeg,512,512,262144,1.0,61.96,79.95,255,0,255,61.96,61.96,61.96,0
OCT,val,DME,DME-4537405-4.jpeg,512,512,262144,1.0,70.06,83.6,255,0,255,70.06,70.06,70.06,0
OCT,val,DME,DME-4561631-12.jpeg,512,512,262144,1.0,32.3,31.49,255,0,255,32.3,32.3,32.3,0
OCT,val,DME,DME-4567079-1.jpeg,512,512,262144,1.0,33.32,31.2,255,0,255,33.32,33.32,33.32,0
OCT,val,DME,DME-4578604-7.jpeg,512,512,262144,1.0,43.0,34.46,255,0,255,43.0,43.0,43.0,0
OCT,val,DME,DME-4607356-4.jpeg,512,512,262144,1.0,31.58,35.97,255,0,255,31.58,31.58,31.58,0
OCT,val,DME,DME-4607356-5.jpeg,512,512,262144,1.0,30.78,31.1,255,0,255,30.78,30.78,30.78,0
OCT,val,DME,DME-4607846-6.jpeg,512,512,262144,1.0,32.04,35.91,255,0,255,32.04,32.04,32.04,0
OCT,val,DME,DME-4616882-12.jpeg,512,512,262144,1.0,42.04,40.93,255,0,255,42.04,42.04,42.04,0
OCT,val,DME,DME-4616882-14.jpeg,512,512,262144,1.0,35.71,37.2,255,0,255,35.71,35.71,35.71,0
OCT,val,DME,DME-4616882-19.jpeg,512,512,262144,1.0,38.93,39.48,255,0,255,38.93,38.93,38.93,0
OCT,val,DME,DME-4616882-20.jpeg,512,512,262144,1.0,43.74,55.67,255,0,255,43.74,43.74,43.74,0
OCT,val,DME,DME-4616882-6.jpeg,512,512,262144,1.0,37.23,41.13,255,0,255,37.23,37.23,37.23,0
OCT,val,DME,DME-462675-22.jpeg,512,512,262144,1.0,41.6,38.8,255,0,255,41.6,41.6,41.6,0
OCT,val,DME,DME-462675-25.jpeg,512,512,262144,1.0,78.33,62.91,255,0,255,78.33,78.33,78.33,0
OCT,val,DME,DME-462675-26.jpeg,512,512,262144,1.0,116.59,98.82,255,0,255,116.59,116.59,116.59,0
OCT,val,DME,DME-462675-4.jpeg,512,512,262144,1.0,100.45,87.61,255,0,255,100.45,100.45,100.45,0
OCT,val,DME,DME-462675-67.jpeg,512,512,262144,1.0,39.13,37.59,255,0,255,39.13,39.13,39.13,0
OCT,val,DME,DME-4630435-12.jpeg,512,512,262144,1.0,35.67,38.43,255,0,255,35.67,35.67,35.67,0
OCT,val,DRUSEN,DRUSEN-1001666-1.jpeg,512,496,253952,1.032,52.04,59.78,255,0,255,52.04,52.04,52.04,0
OCT,val,DRUSEN,DRUSEN-1001666-9.jpeg,512,496,253952,1.032,46.96,48.6,255,0,255,46.96,46.96,46.96,0
OCT,val,DRUSEN,DRUSEN-1021530-2.jpeg,512,496,253952,1.032,70.12,79.12,255,0,255,70.12,70.12,70.12,0
OCT,val,DRUSEN,DRUSEN-1047803-1.jpeg,512,496,253952,1.032,87.32,69.87,255,0,255,87.32,87.32,87.32,0
OCT,val,DRUSEN,DRUSEN-1047803-3.jpeg,512,496,253952,1.032,69.0,67.37,255,0,255,69.0,69.0,69.0,0
OCT,val,DRUSEN,DRUSEN-1071961-4.jpeg,512,496,253952,1.032,41.37,46.11,255,0,255,41.37,41.37,41.37,0
OCT,val,DRUSEN,DRUSEN-1071961-7.jpeg,512,496,253952,1.032,78.88,70.33,255,0,255,78.88,78.88,78.88,0
OCT,val,DRUSEN,DRUSEN-1077513-5.jpeg,768,496,380928,1.548,33.35,36.49,255,0,255,33.35,33.35,33.35,0
OCT,val,DRUSEN,DRUSEN-1077513-6.jpeg,512,496,253952,1.032,57.4,73.12,255,0,255,57.4,57.4,57.4,0
OCT,val,DRUSEN,DRUSEN-1081406-1.jpeg,1536,496,761856,3.097,43.63,67.95,255,0,255,43.63,43.63,43.63,0
OCT,val,DRUSEN,DRUSEN-1083159-1.jpeg,768,496,380928,1.548,33.46,35.37,255,0,255,33.46,33.46,33.46,0
OCT,val,DRUSEN,DRUSEN-1083159-13.jpeg,768,496,380928,1.548,35.27,37.81,255,0,255,35.27,35.27,35.27,0
OCT,val,DRUSEN,DRUSEN-1083159-7.jpeg,512,496,253952,1.032,46.46,38.57,255,0,255,46.46,46.46,46.46,0
OCT,val,DRUSEN,DRUSEN-1112835-8.jpeg,512,496,253952,1.032,54.9,58.7,255,0,255,54.9,54.9,54.9,0
OCT,val,DRUSEN,DRUSEN-1130960-15.jpeg,512,496,253952,1.032,46.24,47.23,255,0,255,46.24,46.24,46.24,0
OCT,val,DRUSEN,DRUSEN-1130960-23.jpeg,512,496,253952,1.032,138.33,104.44,255,0,255,138.33,138.33,138.33,0
OCT,val,DRUSEN,DRUSEN-1130960-27.jpeg,1536,496,761856,3.097,37.42,38.42,255,0,255,37.42,37.42,37.42,0
OCT,val,DRUSEN,DRUSEN-1130960-29.jpeg,512,496,253952,1.032,55.38,65.11,255,0,255,55.38,55.38,55.38,0
OCT,val,DRUSEN,DRUSEN-1130960-31.jpeg,512,496,253952,1.032,43.82,48.15,255,0,255,43.82,43.82,43.82,0
OCT,val,DRUSEN,DRUSEN-1130960-42.jpeg,1536,496,761856,3.097,31.02,33.02,255,0,255,31.02,31.02,31.02,0
OCT,val,DRUSEN,DRUSEN-1130960-48.jpeg,512,496,253952,1.032,52.46,61.17,255,0,255,52.46,52.46,52.46,0
OCT,val,DRUSEN,DRUSEN-1130960-5.jpeg,512,496,253952,1.032,41.09,39.51,255,0,255,41.09,41.09,41.09,0
OCT,val,DRUSEN,DRUSEN-1130960-51.jpeg,1536,496,761856,3.097,35.71,38.38,255,0,255,35.71,35.71,35.71,0
OCT,val,DRUSEN,DRUSEN-1130960-61.jpeg,512,496,253952,1.032,38.19,39.02,255,0,255,38.19,38.19,38.19,0
OCT,val,DRUSEN,DRUSEN-1146923-12.jpeg,512,496,253952,1.032,54.59,59.12,255,0,255,54.59,54.59,54.59,0
OCT,val,DRUSEN,DRUSEN-1146923-14.jpeg,512,496,253952,1.032,76.35,66.38,255,0,255,76.35,76.35,76.35,0
OCT,val,DRUSEN,DRUSEN-1146923-18.jpeg,512,496,253952,1.032,59.19,68.01,255,0,255,59.19,59.19,59.19,0
OCT,val,DRUSEN,DRUSEN-1146923-22.jpeg,512,496,253952,1.032,96.08,97.37,255,0,255,96.08,96.08,96.08,0
OCT,val,DRUSEN,DRUSEN-1146923-24.jpeg,768,496,380928,1.548,82.79,87.84,255,0,255,82.79,82.79,82.79,0
OCT,val,DRUSEN,DRUSEN-1146923-26.jpeg,512,496,253952,1.032,60.49,65.81,255,0,255,60.49,60.49,60.49,0
OCT,val,DRUSEN,DRUSEN-1146923-7.jpeg,1536,496,761856,3.097,34.44,36.12,255,0,255,34.44,34.44,34.44,0
OCT,val,DRUSEN,DRUSEN-1146923-8.jpeg,1536,496,761856,3.097,75.74,81.89,255,0,255,75.74,75.74,75.74,0
OCT,val,DRUSEN,DRUSEN-1146923-9.jpeg,1536,496,761856,3.097,77.74,87.49,255,0,255,77.74,77.74,77.74,0
OCT,val,DRUSEN,DRUSEN-1169820-22.jpeg,512,496,253952,1.032,61.26,62.62,255,0,255,61.26,61.26,61.26,0
OCT,val,DRUSEN,DRUSEN-1169820-4.jpeg,512,496,253952,1.032,52.61,53.16,255,0,255,52.61,52.61,52.61,0
OCT,val,DRUSEN,DRUSEN-1169820-41.jpeg,512,496,253952,1.032,56.25,54.82,255,0,255,56.25,56.25,56.25,0
OCT,val,DRUSEN,DRUSEN-1169820-5.jpeg,512,496,253952,1.032,88.92,79.12,255,0,255,88.92,88.92,88.92,0
OCT,val,DRUSEN,DRUSEN-1173253-6.jpeg,768,496,380928,1.548,35.41,38.8,255,0,255,35.41,35.41,35.41,0
OCT,val,DRUSEN,DRUSEN-1193659-3.jpeg,512,496,253952,1.032,59.08,70.55,255,0,255,59.08,59.08,59.08,0
OCT,val,DRUSEN,DRUSEN-1202145-1.jpeg,512,496,253952,1.032,50.51,50.3,255,0,255,50.51,50.51,50.51,0
OCT,val,DRUSEN,DRUSEN-1202145-2.jpeg,768,496,380928,1.548,61.38,87.51,255,0,255,61.38,61.38,61.38,0
OCT,val,DRUSEN,DRUSEN-1206086-10.jpeg,768,496,380928,1.548,43.88,46.78,255,0,255,43.88,43.88,43.88,0
OCT,val,DRUSEN,DRUSEN-1209859-1.jpeg,512,496,253952,1.032,41.62,44.94,255,0,255,41.62,41.62,41.62,0
OCT,val,DRUSEN,DRUSEN-1225603-10.jpeg,512,496,253952,1.032,53.08,59.05,255,0,255,53.08,53.08,53.08,0
OCT,val,DRUSEN,DRUSEN-1225603-16.jpeg,768,496,380928,1.548,40.57,42.48,255,0,255,40.57,40.57,40.57,0
OCT,val,DRUSEN,DRUSEN-1225603-21.jpeg,1536,496,761856,3.097,30.87,34.05,255,0,255,30.87,30.87,30.87,0
OCT,val,DRUSEN,DRUSEN-1225603-23.jpeg,512,496,253952,1.032,40.23,42.22,255,0,255,40.23,40.23,40.23,0
OCT,val,DRUSEN,DRUSEN-1225603-26.jpeg,512,496,253952,1.032,55.72,69.34,255,0,255,55.72,55.72,55.72,0
OCT,val,DRUSEN,DRUSEN-1225603-37.jpeg,512,496,253952,1.032,45.21,46.24,255,0,255,45.21,45.21,45.21,0
OCT,val,DRUSEN,DRUSEN-1225603-50.jpeg,768,496,380928,1.548,39.67,43.11,255,0,255,39.67,39.67,39.67,0
OCT,val,DRUSEN,DRUSEN-1225603-64.jpeg,512,496,253952,1.032,61.48,70.69,255,0,255,61.48,61.48,61.48,0
OCT,val,DRUSEN,DRUSEN-1225603-8.jpeg,512,496,253952,1.032,35.91,40.49,255,0,255,35.91,35.91,35.91,0
OCT,val,DRUSEN,DRUSEN-1226510-4.jpeg,512,496,253952,1.032,63.16,62.9,255,0,255,63.16,63.16,63.16,0
OCT,val,DRUSEN,DRUSEN-1237848-12.jpeg,768,496,380928,1.548,34.22,35.67,255,0,255,34.22,34.22,34.22,0
OCT,val,DRUSEN,DRUSEN-1237848-20.jpeg,512,496,253952,1.032,41.38,42.44,255,0,255,41.38,41.38,41.38,0
OCT,val,DRUSEN,DRUSEN-1237848-22.jpeg,512,496,253952,1.032,47.22,58.49,255,0,255,47.22,47.22,47.22,0
OCT,val,DRUSEN,DRUSEN-1237848-47.jpeg,1536,496,761856,3.097,42.16,39.68,255,0,255,42.16,42.16,42.16,0
OCT,val,DRUSEN,DRUSEN-1237848-52.jpeg,512,496,253952,1.032,35.16,37.05,255,0,255,35.16,35.16,35.16,0
OCT,val,DRUSEN,DRUSEN-1237848-60.jpeg,768,496,380928,1.548,26.99,29.7,255,0,255,26.99,26.99,26.99,0
OCT,val,DRUSEN,DRUSEN-1237848-67.jpeg,512,496,253952,1.032,55.95,61.89,255,0,255,55.95,55.95,55.95,0
OCT,val,DRUSEN,DRUSEN-1237848-69.jpeg,512,496,253952,1.032,64.11,77.77,255,0,255,64.11,64.11,64.11,0
OCT,val,DRUSEN,DRUSEN-1237848-73.jpeg,1536,496,761856,3.097,38.1,32.64,255,0,255,38.1,38.1,38.1,0
OCT,val,DRUSEN,DRUSEN-1237848-77.jpeg,512,496,253952,1.032,45.76,50.58,255,0,255,45.76,45.76,45.76,0
OCT,val,DRUSEN,DRUSEN-1246453-16.jpeg,768,496,380928,1.548,41.5,33.98,255,0,255,41.5,41.5,41.5,0
OCT,val,DRUSEN,DRUSEN-1246453-20.jpeg,512,496,253952,1.032,67.26,58.49,255,0,255,67.26,67.26,67.26,0
OCT,val,DRUSEN,DRUSEN-1246453-3.jpeg,512,496,253952,1.032,64.53,57.68,255,0,255,64.53,64.53,64.53,0
OCT,val,DRUSEN,DRUSEN-1246453-4.jpeg,512,496,253952,1.032,51.33,42.07,255,0,255,51.33,51.33,51.33,0
OCT,val,DRUSEN,DRUSEN-1246453-6.jpeg,768,496,380928,1.548,46.51,42.63,255,0,255,46.51,46.51,46.51,0
OCT,val,DRUSEN,DRUSEN-1283307-1.jpeg,512,496,253952,1.032,36.95,41.38,255,0,255,36.95,36.95,36.95,0
OCT,val,DRUSEN,DRUSEN-1283307-17.jpeg,512,496,253952,1.032,56.78,54.47,255,0,255,56.78,56.78,56.78,0
OCT,val,DRUSEN,DRUSEN-1283307-9.jpeg,512,496,253952,1.032,42.73,54.73,255,0,255,42.73,42.73,42.73,0
OCT,val,DRUSEN,DRUSEN-1326108-2.jpeg,768,496,380928,1.548,39.89,42.02,255,0,255,39.89,39.89,39.89,0
OCT,val,DRUSEN,DRUSEN-1352319-1.jpeg,512,496,253952,1.032,42.91,54.11,255,0,255,42.91,42.91,42.91,0
OCT,val,DRUSEN,DRUSEN-1367689-4.jpeg,768,496,380928,1.548,39.36,41.13,255,0,255,39.36,39.36,39.36,0
OCT,val,DRUSEN,DRUSEN-1380233-3.jpeg,768,496,380928,1.548,39.79,35.98,255,0,255,39.79,39.79,39.79,0
OCT,val,DRUSEN,DRUSEN-1380233-8.jpeg,512,496,253952,1.032,41.11,44.92,255,0,255,41.11,41.11,41.11,0
OCT,val,DRUSEN,DRUSEN-142234-10.jpeg,512,496,253952,1.032,50.26,56.52,255,0,255,50.26,50.26,50.26,0
OCT,val,DRUSEN,DRUSEN-142234-13.jpeg,512,496,253952,1.032,52.16,55.37,255,0,255,52.16,52.16,52.16,0
OCT,val,DRUSEN,DRUSEN-142234-19.jpeg,768,496,380928,1.548,41.86,38.73,255,0,255,41.86,41.86,41.86,0
OCT,val,DRUSEN,DRUSEN-1455244-1.jpeg,512,496,253952,1.032,47.28,49.68,255,0,255,47.28,47.28,47.28,0
OCT,val,DRUSEN,DRUSEN-1455244-2.jpeg,512,496,253952,1.032,49.84,50.82,255,0,255,49.84,49.84,49.84,0
OCT,val,DRUSEN,DRUSEN-1487749-25.jpeg,768,496,380928,1.548,32.84,37.64,255,0,255,32.84,32.84,32.84,0
OCT,val,DRUSEN,DRUSEN-1487749-30.jpeg,512,496,253952,1.032,49.36,52.47,255,0,255,49.36,49.36,49.36,0
OCT,val,DRUSEN,DRUSEN-1487749-4.jpeg,512,496,253952,1.032,33.07,41.33,255,0,255,33.07,33.07,33.07,0
OCT,val,DRUSEN,DRUSEN-1487749-44.jpeg,512,496,253952,1.032,42.65,42.6,255,0,255,42.65,42.65,42.65,0
OCT,val,DRUSEN,DRUSEN-1514075-8.jpeg,768,496,380928,1.548,36.53,37.24,255,0,255,36.53,36.53,36.53,0
OCT,val,DRUSEN,DRUSEN-1530990-20.jpeg,512,496,253952,1.032,47.51,45.48,255,0,255,47.51,47.51,47.51,0
OCT,val,DRUSEN,DRUSEN-1530990-22.jpeg,512,496,253952,1.032,52.55,63.19,255,0,255,52.55,52.55,52.55,0
OCT,val,DRUSEN,DRUSEN-1530990-25.jpeg,768,496,380928,1.548,31.1,32.44,255,0,255,31.1,31.1,31.1,0
OCT,val,DRUSEN,DRUSEN-1568644-1.jpeg,768,496,380928,1.548,33.84,39.18,255,0,255,33.84,33.84,33.84,0
OCT,val,DRUSEN,DRUSEN-1588792-3.jpeg,512,496,253952,1.032,55.54,60.15,255,0,255,55.54,55.54,55.54,0
OCT,val,DRUSEN,DRUSEN-1588792-4.jpeg,512,496,253952,1.032,38.5,46.17,255,0,255,38.5,38.5,38.5,0
OCT,val,DRUSEN,DRUSEN-163081-5.jpeg,512,496,253952,1.032,57.59,55.3,255,0,255,57.59,57.59,57.59,0
OCT,val,DRUSEN,DRUSEN-1641792-1.jpeg,768,496,380928,1.548,84.5,86.86,255,0,255,84.5,84.5,84.5,0
OCT,val,DRUSEN,DRUSEN-1651625-12.jpeg,768,496,380928,1.548,35.89,36.91,255,0,255,35.89,35.89,35.89,0
OCT,val,DRUSEN,DRUSEN-1651625-2.jpeg,512,496,253952,1.032,45.91,46.38,255,0,255,45.91,45.91,45.91,0
OCT,val,DRUSEN,DRUSEN-1730592-10.jpeg,512,496,253952,1.032,53.93,60.82,255,0,255,53.93,53.93,53.93,0
OCT,val,DRUSEN,DRUSEN-1730592-4.jpeg,512,496,253952,1.032,45.87,46.76,255,0,255,45.87,45.87,45.87,0
OCT,val,DRUSEN,DRUSEN-1771395-8.jpeg,768,496,380928,1.548,32.99,36.53,255,0,255,32.99,32.99,32.99,0
OCT,val,DRUSEN,DRUSEN-1779575-12.jpeg,512,496,253952,1.032,59.71,77.91,255,0,255,59.71,59.71,59.71,0
OCT,val,DRUSEN,DRUSEN-1779575-2.jpeg,512,496,253952,1.032,49.71,55.01,255,0,255,49.71,49.71,49.71,0
OCT,val,DRUSEN,DRUSEN-1779575-7.jpeg,512,496,253952,1.032,51.34,42.44,255,0,255,51.34,51.34,51.34,0
OCT,val,DRUSEN,DRUSEN-1786810-1.jpeg,768,496,380928,1.548,36.52,40.02,255,0,255,36.52,36.52,36.52,0
OCT,val,DRUSEN,DRUSEN-1786810-11.jpeg,512,496,253952,1.032,102.23,93.15,255,0,255,102.23,102.23,102.23,0
OCT,val,DRUSEN,DRUSEN-1786810-14.jpeg,512,496,253952,1.032,44.4,37.48,255,0,255,44.4,44.4,44.4,0
OCT,val,DRUSEN,DRUSEN-1786810-2.jpeg,768,496,380928,1.548,26.93,27.66,255,0,255,26.93,26.93,26.93,0
OCT,val,DRUSEN,DRUSEN-1786810-25.jpeg,512,496,253952,1.032,96.85,88.05,255,0,255,96.85,96.85,96.85,0
OCT,val,DRUSEN,DRUSEN-1786810-6.jpeg,1536,496,761856,3.097,42.04,38.73,255,0,255,42.04,42.04,42.04,0
OCT,val,DRUSEN,DRUSEN-1789270-30.jpeg,1536,496,761856,3.097,29.95,33.33,255,0,255,29.95,29.95,29.95,0
OCT,val,DRUSEN,DRUSEN-1789270-44.jpeg,512,496,253952,1.032,42.94,42.27,255,0,255,42.94,42.94,42.94,0
OCT,val,DRUSEN,DRUSEN-1789270-45.jpeg,768,496,380928,1.548,44.21,40.1,255,0,255,44.21,44.21,44.21,0
OCT,val,DRUSEN,DRUSEN-1789270-46.jpeg,512,496,253952,1.032,24.85,39.36,255,0,255,24.85,24.85,24.85,0
OCT,val,DRUSEN,DRUSEN-1789270-49.jpeg,512,496,253952,1.032,41.43,49.24,255,0,255,41.43,41.43,41.43,0
OCT,val,DRUSEN,DRUSEN-1789270-53.jpeg,512,496,253952,1.032,46.96,51.28,255,0,255,46.96,46.96,46.96,0
OCT,val,DRUSEN,DRUSEN-1789270-55.jpeg,512,496,253952,1.032,54.71,63.96,255,0,255,54.71,54.71,54.71,0
OCT,val,DRUSEN,DRUSEN-1793499-1.jpeg,768,496,380928,1.548,29.5,33.69,255,0,255,29.5,29.5,29.5,0
OCT,val,DRUSEN,DRUSEN-1793499-10.jpeg,512,496,253952,1.032,42.97,36.63,255,0,255,42.97,42.97,42.97,0
OCT,val,DRUSEN,DRUSEN-1793499-17.jpeg,1536,496,761856,3.097,33.94,35.31,255,0,255,33.94,33.94,33.94,0
OCT,val,DRUSEN,DRUSEN-1793499-26.jpeg,512,496,253952,1.032,41.22,46.4,255,0,255,41.22,41.22,41.22,0
OCT,val,DRUSEN,DRUSEN-1793499-32.jpeg,512,496,253952,1.032,51.59,60.87,255,0,255,51.59,51.59,51.59,0
OCT,val,DRUSEN,DRUSEN-1793499-7.jpeg,768,496,380928,1.548,30.02,32.67,255,0,255,30.02,30.02,30.02,0
OCT,val,DRUSEN,DRUSEN-1880147-1.jpeg,512,496,253952,1.032,49.12,50.81,255,0,255,49.12,49.12,49.12,0
OCT,val,DRUSEN,DRUSEN-1912508-1.jpeg,768,496,380928,1.548,32.11,34.69,255,0,255,32.11,32.11,32.11,0
OCT,val,DRUSEN,DRUSEN-1912508-7.jpeg,1536,496,761856,3.097,25.32,26.4,255,0,255,25.32,25.32,25.32,0
OCT,val,DRUSEN,DRUSEN-1986589-1.jpeg,768,496,380928,1.548,32.89,32.47,255,0,255,32.89,32.89,32.89,0
OCT,val,DRUSEN,DRUSEN-1986589-4.jpeg,512,496,253952,1.032,57.24,64.54,255,0,255,57.24,57.24,57.24,0
OCT,val,DRUSEN,DRUSEN-1997439-120.jpeg,512,496,253952,1.032,60.36,65.64,255,0,255,60.36,60.36,60.36,0
OCT,val,DRUSEN,DRUSEN-1997439-121.jpeg,512,496,253952,1.032,57.91,64.17,255,0,255,57.91,57.91,57.91,0
OCT,val,DRUSEN,DRUSEN-1997439-122.jpeg,512,496,253952,1.032,41.17,39.2,255,0,255,41.17,41.17,41.17,0
OCT,val,DRUSEN,DRUSEN-1997439-126.jpeg,512,496,253952,1.032,43.01,45.31,255,0,255,43.01,43.01,43.01,0
OCT,val,DRUSEN,DRUSEN-1997439-131.jpeg,512,496,253952,1.032,47.63,52.58,255,0,255,47.63,47.63,47.63,0
OCT,val,DRUSEN,DRUSEN-1997439-34.jpeg,1536,496,761856,3.097,37.14,40.66,255,0,255,37.14,37.14,37.14,0
OCT,val,DRUSEN,DRUSEN-1997439-42.jpeg,1536,496,761856,3.097,35.24,36.54,255,0,255,35.24,35.24,35.24,0
OCT,val,DRUSEN,DRUSEN-1997439-54.jpeg,1536,496,761856,3.097,24.69,25.97,255,0,255,24.69,24.69,24.69,0
OCT,val,DRUSEN,DRUSEN-1997439-63.jpeg,512,496,253952,1.032,65.3,71.54,255,0,255,65.3,65.3,65.3,0
OCT,val,DRUSEN,DRUSEN-1997439-70.jpeg,1536,496,761856,3.097,31.84,33.82,255,0,255,31.84,31.84,31.84,0
OCT,val,DRUSEN,DRUSEN-1997439-87.jpeg,512,496,253952,1.032,50.84,48.95,255,0,255,50.84,50.84,50.84,0
OCT,val,DRUSEN,DRUSEN-1997439-88.jpeg,512,496,253952,1.032,47.84,44.39,255,0,255,47.84,47.84,47.84,0
OCT,val,DRUSEN,DRUSEN-1997439-90.jpeg,768,496,380928,1.548,28.51,28.21,255,0,255,28.51,28.51,28.51,0
OCT,val,DRUSEN,DRUSEN-2017309-3.jpeg,768,496,380928,1.548,121.01,101.81,255,0,255,121.01,121.01,121.01,0
OCT,val,DRUSEN,DRUSEN-2100501-3.jpeg,512,496,253952,1.032,87.92,90.01,255,0,255,87.92,87.92,87.92,0
OCT,val,DRUSEN,DRUSEN-2106833-1.jpeg,768,496,380928,1.548,38.93,41.21,255,0,255,38.93,38.93,38.93,0
OCT,val,DRUSEN,DRUSEN-2106833-4.jpeg,512,496,253952,1.032,49.77,53.65,255,0,255,49.77,49.77,49.77,0
OCT,val,DRUSEN,DRUSEN-2108193-4.jpeg,512,496,253952,1.032,48.5,62.92,255,0,255,48.5,48.5,48.5,0
OCT,val,DRUSEN,DRUSEN-2112926-2.jpeg,512,496,253952,1.032,50.65,53.22,255,0,255,50.65,50.65,50.65,0
OCT,val,DRUSEN,DRUSEN-2120559-1.jpeg,512,496,253952,1.032,42.83,46.87,255,0,255,42.83,42.83,42.83,0
OCT,val,DRUSEN,DRUSEN-2128644-16.jpeg,768,496,380928,1.548,37.84,39.14,255,0,255,37.84,37.84,37.84,0
OCT,val,DRUSEN,DRUSEN-2128644-23.jpeg,512,496,253952,1.032,45.16,47.85,255,0,255,45.16,45.16,45.16,0
OCT,val,DRUSEN,DRUSEN-2128644-27.jpeg,512,496,253952,1.032,47.73,56.54,255,0,255,47.73,47.73,47.73,0
OCT,val,DRUSEN,DRUSEN-2128644-39.jpeg,768,496,380928,1.548,39.02,37.19,255,0,255,39.02,39.02,39.02,0
OCT,val,DRUSEN,DRUSEN-2128644-42.jpeg,512,496,253952,1.032,46.4,46.69,255,0,255,46.4,46.4,46.4,0
OCT,val,DRUSEN,DRUSEN-2128644-6.jpeg,512,496,253952,1.032,63.45,67.76,255,0,255,63.45,63.45,63.45,0
OCT,val,DRUSEN,DRUSEN-2141150-1.jpeg,512,496,253952,1.032,47.2,51.07,255,0,255,47.2,47.2,47.2,0
OCT,val,DRUSEN,DRUSEN-2141150-21.jpeg,512,496,253952,1.032,52.71,46.77,255,0,255,52.71,52.71,52.71,0
OCT,val,DRUSEN,DRUSEN-2141150-31.jpeg,512,496,253952,1.032,44.27,42.57,255,0,255,44.27,44.27,44.27,0
OCT,val,DRUSEN,DRUSEN-2172450-15.jpeg,512,496,253952,1.032,110.22,87.83,255,0,255,110.22,110.22,110.22,0
OCT,val,DRUSEN,DRUSEN-2172450-17.jpeg,512,496,253952,1.032,103.85,87.9,255,0,255,103.85,103.85,103.85,0
OCT,val,DRUSEN,DRUSEN-2172450-19.jpeg,512,496,253952,1.032,77.64,74.0,255,0,255,77.64,77.64,77.64,0
OCT,val,DRUSEN,DRUSEN-2172450-2.jpeg,512,496,253952,1.032,53.62,53.5,255,0,255,53.62,53.62,53.62,0
OCT,val,DRUSEN,DRUSEN-2172450-24.jpeg,512,496,253952,1.032,38.81,41.12,255,0,255,38.81,38.81,38.81,0
OCT,val,DRUSEN,DRUSEN-2172450-25.jpeg,768,496,380928,1.548,37.32,31.24,255,0,255,37.32,37.32,37.32,0
OCT,val,DRUSEN,DRUSEN-2173657-4.jpeg,512,496,253952,1.032,47.53,51.66,255,0,255,47.53,47.53,47.53,0
OCT,val,DRUSEN,DRUSEN-2173657-7.jpeg,512,496,253952,1.032,43.64,40.24,255,0,255,43.64,43.64,43.64,0
OCT,val,DRUSEN,DRUSEN-2185112-3.jpeg,512,496,253952,1.032,45.63,39.37,255,0,255,45.63,45.63,45.63,0
OCT,val,DRUSEN,DRUSEN-2185112-5.jpeg,512,496,253952,1.032,55.94,45.83,255,0,255,55.94,55.94,55.94,0
OCT,val,DRUSEN,DRUSEN-2198788-2.jpeg,512,496,253952,1.032,50.05,57.95,255,0,255,50.05,50.05,50.05,0
OCT,val,DRUSEN,DRUSEN-2198788-25.jpeg,512,496,253952,1.032,64.1,70.35,255,0,255,64.1,64.1,64.1,0
OCT,val,DRUSEN,DRUSEN-2198788-3.jpeg,512,496,253952,1.032,44.25,52.44,255,0,255,44.25,44.25,44.25,0
OCT,val,DRUSEN,DRUSEN-2198788-6.jpeg,512,496,253952,1.032,43.85,47.52,255,0,255,43.85,43.85,43.85,0
OCT,val,DRUSEN,DRUSEN-2205167-1.jpeg,768,496,380928,1.548,37.12,34.5,255,0,255,37.12,37.12,37.12,0
OCT,val,DRUSEN,DRUSEN-2211381-12.jpeg,512,496,253952,1.032,43.54,48.86,255,0,255,43.54,43.54,43.54,0
OCT,val,DRUSEN,DRUSEN-2211381-15.jpeg,768,496,380928,1.548,39.04,39.08,255,0,255,39.04,39.04,39.04,0
OCT,val,DRUSEN,DRUSEN-2211381-4.jpeg,512,496,253952,1.032,76.08,72.97,255,0,255,76.08,76.08,76.08,0
OCT,val,DRUSEN,DRUSEN-2224263-2.jpeg,512,496,253952,1.032,52.18,63.82,255,0,255,52.18,52.18,52.18,0
OCT,val,DRUSEN,DRUSEN-2233489-15.jpeg,768,496,380928,1.548,36.39,40.4,255,0,255,36.39,36.39,36.39,0
OCT,val,DRUSEN,DRUSEN-2233489-19.jpeg,512,496,253952,1.032,92.92,97.67,255,0,255,92.92,92.92,92.92,0
OCT,val,DRUSEN,DRUSEN-224974-18.jpeg,512,496,253952,1.032,97.05,88.8,255,0,255,97.05,97.05,97.05,0
OCT,val,DRUSEN,DRUSEN-2253582-1.jpeg,512,496,253952,1.032,52.0,55.99,255,0,255,52.0,52.0,52.0,0
OCT,val,DRUSEN,DRUSEN-2253582-23.jpeg,512,496,253952,1.032,39.71,39.32,255,0,255,39.71,39.71,39.71,0
OCT,val,DRUSEN,DRUSEN-2257047-25.jpeg,512,496,253952,1.032,67.65,70.83,255,0,255,67.65,67.65,67.65,0
OCT,val,DRUSEN,DRUSEN-2257047-3.jpeg,512,496,253952,1.032,54.21,54.29,255,0,255,54.21,54.21,54.21,0
OCT,val,DRUSEN,DRUSEN-2257047-37.jpeg,768,496,380928,1.548,36.32,34.7,255,0,255,36.32,36.32,36.32,0
OCT,val,DRUSEN,DRUSEN-2257047-42.jpeg,512,496,253952,1.032,51.87,49.57,255,0,255,51.87,51.87,51.87,0
OCT,val,DRUSEN,DRUSEN-2257047-46.jpeg,512,496,253952,1.032,45.45,52.63,255,0,255,45.45,45.45,45.45,0
OCT,val,DRUSEN,DRUSEN-2257047-68.jpeg,512,496,253952,1.032,46.58,56.96,255,0,255,46.58,46.58,46.58,0
OCT,val,DRUSEN,DRUSEN-2257047-76.jpeg,512,496,253952,1.032,53.25,53.87,255,0,255,53.25,53.25,53.25,0
OCT,val,DRUSEN,DRUSEN-2257047-86.jpeg,512,496,253952,1.032,45.43,48.23,255,0,255,45.43,45.43,45.43,0
OCT,val,DRUSEN,DRUSEN-2257047-93.jpeg,512,496,253952,1.032,40.0,37.39,255,0,255,40.0,40.0,40.0,0
OCT,val,DRUSEN,DRUSEN-2272820-2.jpeg,512,496,253952,1.032,64.06,71.51,255,0,255,64.06,64.06,64.06,0
OCT,val,DRUSEN,DRUSEN-228939-28.jpeg,768,496,380928,1.548,59.95,75.84,255,0,255,59.95,59.95,59.95,0
OCT,val,DRUSEN,DRUSEN-228939-31.jpeg,512,496,253952,1.032,60.46,64.61,255,0,255,60.46,60.46,60.46,0
OCT,val,DRUSEN,DRUSEN-228939-43.jpeg,512,496,253952,1.032,42.06,46.96,255,0,255,42.06,42.06,42.06,0
OCT,val,DRUSEN,DRUSEN-228939-47.jpeg,512,496,253952,1.032,38.93,47.45,255,0,255,38.93,38.93,38.93,0
OCT,val,DRUSEN,DRUSEN-228939-55.jpeg,1536,496,761856,3.097,33.99,34.13,255,0,255,33.99,33.99,33.99,0
OCT,val,DRUSEN,DRUSEN-228939-58.jpeg,512,496,253952,1.032,38.73,42.28,255,0,255,38.73,38.73,38.73,0
OCT,val,DRUSEN,DRUSEN-2308158-3.jpeg,512,496,253952,1.032,38.99,49.02,255,0,255,38.99,38.99,38.99,0
OCT,val,DRUSEN,DRUSEN-2403178-13.jpeg,1536,496,761856,3.097,48.43,63.87,255,0,255,48.43,48.43,48.43,0
OCT,val,DRUSEN,DRUSEN-2407494-10.jpeg,512,496,253952,1.032,94.52,93.27,255,0,255,94.52,94.52,94.52,0
OCT,val,DRUSEN,DRUSEN-2434258-5.jpeg,512,496,253952,1.032,39.94,42.26,255,0,255,39.94,39.94,39.94,0
OCT,val,DRUSEN,DRUSEN-2434258-6.jpeg,512,496,253952,1.032,42.42,51.19,255,0,255,42.42,42.42,42.42,0
OCT,val,DRUSEN,DRUSEN-2437193-16.jpeg,512,496,253952,1.032,40.88,36.87,255,0,255,40.88,40.88,40.88,0
OCT,val,DRUSEN,DRUSEN-2437193-25.jpeg,768,496,380928,1.548,30.11,33.34,255,0,255,30.11,30.11,30.11,0
OCT,val,DRUSEN,DRUSEN-2437193-41.jpeg,512,496,253952,1.032,76.25,82.56,255,0,255,76.25,76.25,76.25,0
OCT,val,DRUSEN,DRUSEN-2437193-56.jpeg,768,496,380928,1.548,35.66,35.96,255,0,255,35.66,35.66,35.66,0
OCT,val,DRUSEN,DRUSEN-2443068-2.jpeg,512,496,253952,1.032,48.17,58.89,255,0,255,48.17,48.17,48.17,0
OCT,val,DRUSEN,DRUSEN-2444883-1.jpeg,512,496,253952,1.032,35.42,42.27,255,0,255,35.42,35.42,35.42,0
OCT,val,DRUSEN,DRUSEN-2444883-10.jpeg,512,496,253952,1.032,46.73,59.3,255,0,255,46.73,46.73,46.73,0
OCT,val,DRUSEN,DRUSEN-2444883-18.jpeg,512,496,253952,1.032,71.75,80.02,255,0,255,71.75,71.75,71.75,0
OCT,val,DRUSEN,DRUSEN-2444883-33.jpeg,512,496,253952,1.032,70.31,60.11,255,0,255,70.31,70.31,70.31,0
OCT,val,DRUSEN,DRUSEN-2444883-35.jpeg,512,496,253952,1.032,57.9,48.23,255,0,255,57.9,57.9,57.9,0
OCT,val,DRUSEN,DRUSEN-2444883-43.jpeg,512,496,253952,1.032,60.86,68.99,255,0,255,60.86,60.86,60.86,0
OCT,val,DRUSEN,DRUSEN-2444883-8.jpeg,512,496,253952,1.032,37.56,54.3,255,0,255,37.56,37.56,37.56,0
OCT,val,DRUSEN,DRUSEN-2444883-9.jpeg,512,496,253952,1.032,59.55,60.2,255,0,255,59.55,59.55,59.55,0
OCT,val,DRUSEN,DRUSEN-2489093-16.jpeg,512,496,253952,1.032,65.54,51.44,255,0,255,65.54,65.54,65.54,0
OCT,val,DRUSEN,DRUSEN-2489093-17.jpeg,512,496,253952,1.032,62.64,76.28,255,0,255,62.64,62.64,62.64,0
OCT,val,DRUSEN,DRUSEN-2489093-19.jpeg,512,496,253952,1.032,53.96,64.62,255,0,255,53.96,53.96,53.96,0
OCT,val,DRUSEN,DRUSEN-2489093-21.jpeg,512,496,253952,1.032,50.1,53.95,255,0,255,50.1,50.1,50.1,0
OCT,val,DRUSEN,DRUSEN-2489093-8.jpeg,512,496,253952,1.032,40.92,43.33,255,0,255,40.92,40.92,40.92,0
OCT,val,DRUSEN,DRUSEN-2495247-2.jpeg,512,496,253952,1.032,55.19,58.41,255,0,255,55.19,55.19,55.19,0
OCT,val,DRUSEN,DRUSEN-2507646-1.jpeg,768,496,380928,1.548,27.9,30.69,255,0,255,27.9,27.9,27.9,0
OCT,val,DRUSEN,DRUSEN-2507646-6.jpeg,512,496,253952,1.032,49.59,61.95,255,0,255,49.59,49.59,49.59,0
OCT,val,DRUSEN,DRUSEN-2510299-1.jpeg,1536,496,761856,3.097,62.77,71.36,255,0,255,62.77,62.77,62.77,0
OCT,val,DRUSEN,DRUSEN-2510299-7.jpeg,1536,496,761856,3.097,28.71,33.91,255,0,255,28.71,28.71,28.71,0
OCT,val,DRUSEN,DRUSEN-2541184-12.jpeg,512,496,253952,1.032,42.32,45.57,255,0,255,42.32,42.32,42.32,0
OCT,val,DRUSEN,DRUSEN-2541184-21.jpeg,768,496,380928,1.548,39.55,40.61,255,0,255,39.55,39.55,39.55,0
OCT,val,DRUSEN,DRUSEN-2541184-27.jpeg,512,496,253952,1.032,46.27,46.29,255,0,255,46.27,46.27,46.27,0
OCT,val,DRUSEN,DRUSEN-2541184-32.jpeg,768,496,380928,1.548,37.28,38.86,255,0,255,37.28,37.28,37.28,0
OCT,val,DRUSEN,DRUSEN-2541184-43.jpeg,512,496,253952,1.032,45.55,52.2,255,0,255,45.55,45.55,45.55,0
OCT,val,DRUSEN,DRUSEN-2774262-1.jpeg,768,496,380928,1.548,39.33,45.85,255,0,255,39.33,39.33,39.33,0
OCT,val,DRUSEN,DRUSEN-2785977-12.jpeg,768,496,380928,1.548,36.38,40.3,255,0,255,36.38,36.38,36.38,0
OCT,val,DRUSEN,DRUSEN-2785977-3.jpeg,768,496,380928,1.548,35.96,39.15,255,0,255,35.96,35.96,35.96,0
OCT,val,DRUSEN,DRUSEN-2785977-7.jpeg,512,496,253952,1.032,54.95,57.25,255,0,255,54.95,54.95,54.95,0
OCT,val,DRUSEN,DRUSEN-2951435-21.jpeg,512,496,253952,1.032,53.08,64.67,255,0,255,53.08,53.08,53.08,0
OCT,val,DRUSEN,DRUSEN-2951435-22.jpeg,512,496,253952,1.032,58.95,64.71,255,0,255,58.95,58.95,58.95,0
OCT,val,DRUSEN,DRUSEN-3017923-5.jpeg,768,496,380928,1.548,34.45,39.34,255,0,255,34.45,34.45,34.45,0
OCT,val,DRUSEN,DRUSEN-3030629-11.jpeg,768,496,380928,1.548,29.73,32.18,255,0,255,29.73,29.73,29.73,0
OCT,val,DRUSEN,DRUSEN-3030629-16.jpeg,768,496,380928,1.548,45.95,41.81,255,0,255,45.95,45.95,45.95,0
OCT,val,DRUSEN,DRUSEN-3030629-3.jpeg,512,496,253952,1.032,48.3,53.06,255,0,255,48.3,48.3,48.3,0
OCT,val,DRUSEN,DRUSEN-3030629-8.jpeg,768,496,380928,1.548,39.49,35.78,255,0,255,39.49,39.49,39.49,0
OCT,val,DRUSEN,DRUSEN-303435-1.jpeg,768,496,380928,1.548,39.43,37.24,255,0,255,39.43,39.43,39.43,0
OCT,val,DRUSEN,DRUSEN-303435-2.jpeg,768,496,380928,1.548,40.08,38.8,255,0,255,40.08,40.08,40.08,0
OCT,val,DRUSEN,DRUSEN-3086272-13.jpeg,512,496,253952,1.032,58.76,56.14,255,0,255,58.76,58.76,58.76,0
OCT,val,DRUSEN,DRUSEN-3086272-27.jpeg,768,496,380928,1.548,44.78,38.66,255,0,255,44.78,44.78,44.78,0
OCT,val,DRUSEN,DRUSEN-3101737-11.jpeg,1536,496,761856,3.097,39.63,37.81,255,0,255,39.63,39.63,39.63,0
OCT,val,DRUSEN,DRUSEN-3101737-4.jpeg,512,496,253952,1.032,80.07,81.32,255,0,255,80.07,80.07,80.07,0
OCT,val,DRUSEN,DRUSEN-3116592-4.jpeg,512,496,253952,1.032,64.0,67.82,255,0,255,64.0,64.0,64.0,0
OCT,val,DRUSEN,DRUSEN-3116592-9.jpeg,768,496,380928,1.548,35.8,35.33,255,0,255,35.8,35.8,35.8,0
OCT,val,DRUSEN,DRUSEN-3232816-10.jpeg,768,496,380928,1.548,48.81,43.27,255,0,255,48.81,48.81,48.81,0
OCT,val,DRUSEN,DRUSEN-3232816-4.jpeg,1536,496,761856,3.097,39.37,39.69,255,0,255,39.37,39.37,39.37,0
OCT,val,DRUSEN,DRUSEN-3241692-12.jpeg,512,496,253952,1.032,63.03,61.14,255,0,255,63.03,63.03,63.03,0
OCT,val,DRUSEN,DRUSEN-3276918-23.jpeg,768,496,380928,1.548,55.3,63.04,255,0,255,55.3,55.3,55.3,0
OCT,val,DRUSEN,DRUSEN-3276918-24.jpeg,512,496,253952,1.032,50.81,54.72,255,0,255,50.81,50.81,50.81,0
OCT,val,DRUSEN,DRUSEN-3276918-27.jpeg,512,496,253952,1.032,62.92,66.53,255,0,255,62.92,62.92,62.92,0
OCT,val,DRUSEN,DRUSEN-3276918-30.jpeg,768,496,380928,1.548,39.56,44.19,255,0,255,39.56,39.56,39.56,0
OCT,val,DRUSEN,DRUSEN-3276918-34.jpeg,1536,496,761856,3.097,62.74,71.94,255,0,255,62.74,62.74,62.74,0
OCT,val,DRUSEN,DRUSEN-3276918-45.jpeg,512,496,253952,1.032,61.24,62.74,255,0,255,61.24,61.24,61.24,0
OCT,val,DRUSEN,DRUSEN-3276918-61.jpeg,512,496,253952,1.032,45.91,46.2,255,0,255,45.91,45.91,45.91,0
OCT,val,DRUSEN,DRUSEN-3276918-69.jpeg,512,496,253952,1.032,48.97,53.09,255,0,255,48.97,48.97,48.97,0
OCT,val,DRUSEN,DRUSEN-3276918-85.jpeg,512,496,253952,1.032,68.59,77.22,255,0,255,68.59,68.59,68.59,0
OCT,val,DRUSEN,DRUSEN-3276918-89.jpeg,768,496,380928,1.548,92.31,89.17,255,0,255,92.31,92.31,92.31,0
OCT,val,DRUSEN,DRUSEN-3288089-2.jpeg,768,496,380928,1.548,32.65,35.11,255,0,255,32.65,32.65,32.65,0
OCT,val,DRUSEN,DRUSEN-3317878-17.jpeg,768,496,380928,1.548,25.7,29.78,255,0,255,25.7,25.7,25.7,0
OCT,val,DRUSEN,DRUSEN-3317878-18.jpeg,512,496,253952,1.032,40.21,41.38,255,0,255,40.21,40.21,40.21,0
OCT,val,DRUSEN,DRUSEN-3317878-4.jpeg,768,496,380928,1.548,34.98,41.49,255,0,255,34.98,34.98,34.98,0
OCT,val,DRUSEN,DRUSEN-3317878-8.jpeg,512,496,253952,1.032,82.57,74.59,255,0,255,82.57,82.57,82.57,0
OCT,val,DRUSEN,DRUSEN-3325823-21.jpeg,512,496,253952,1.032,73.27,75.64,255,0,255,73.27,73.27,73.27,0
OCT,val,DRUSEN,DRUSEN-3325823-28.jpeg,512,496,253952,1.032,61.62,71.18,255,0,255,61.62,61.62,61.62,0
OCT,val,DRUSEN,DRUSEN-3325823-9.jpeg,512,496,253952,1.032,35.5,40.15,255,0,255,35.5,35.5,35.5,0
OCT,val,DRUSEN,DRUSEN-3342858-3.jpeg,512,496,253952,1.032,70.81,55.72,255,0,255,70.81,70.81,70.81,0
OCT,val,DRUSEN,DRUSEN-3390622-2.jpeg,768,496,380928,1.548,33.04,36.39,255,0,255,33.04,33.04,33.04,0
OCT,val,DRUSEN,DRUSEN-3409413-2.jpeg,512,496,253952,1.032,54.24,58.88,255,0,255,54.24,54.24,54.24,0
OCT,val,DRUSEN,DRUSEN-3424668-1.jpeg,1536,496,761856,3.097,26.88,26.72,255,0,255,26.88,26.88,26.88,0
OCT,val,DRUSEN,DRUSEN-3424668-30.jpeg,512,496,253952,1.032,52.97,58.18,255,0,255,52.97,52.97,52.97,0
OCT,val,DRUSEN,DRUSEN-3424668-36.jpeg,1536,496,761856,3.097,34.05,37.16,255,0,255,34.05,34.05,34.05,0
OCT,val,DRUSEN,DRUSEN-3424668-44.jpeg,512,496,253952,1.032,82.51,84.58,255,0,255,82.51,82.51,82.51,0
OCT,val,DRUSEN,DRUSEN-3424668-45.jpeg,512,496,253952,1.032,98.59,95.29,255,0,255,98.59,98.59,98.59,0
OCT,val,DRUSEN,DRUSEN-3424668-5.jpeg,512,496,253952,1.032,54.47,49.95,255,0,255,54.47,54.47,54.47,0
OCT,val,DRUSEN,DRUSEN-3424668-66.jpeg,512,496,253952,1.032,55.11,47.66,255,0,255,55.11,55.11,55.11,0
OCT,val,DRUSEN,DRUSEN-3424668-74.jpeg,512,496,253952,1.032,114.09,94.58,255,0,255,114.09,114.09,114.09,0
OCT,val,DRUSEN,DRUSEN-3432812-4.jpeg,1536,496,761856,3.097,36.73,38.45,255,0,255,36.73,36.73,36.73,0
OCT,val,DRUSEN,DRUSEN-3439251-17.jpeg,512,496,253952,1.032,42.14,53.05,255,0,255,42.14,42.14,42.14,0
OCT,val,DRUSEN,DRUSEN-3439251-27.jpeg,512,496,253952,1.032,51.03,53.36,255,0,255,51.03,51.03,51.03,0
OCT,val,DRUSEN,DRUSEN-3439251-44.jpeg,1536,496,761856,3.097,33.49,37.07,255,0,255,33.49,33.49,33.49,0
OCT,val,DRUSEN,DRUSEN-3439251-50.jpeg,512,496,253952,1.032,40.3,46.74,255,0,255,40.3,40.3,40.3,0
OCT,val,DRUSEN,DRUSEN-3439251-52.jpeg,768,496,380928,1.548,39.08,42.53,255,0,255,39.08,39.08,39.08,0
OCT,val,DRUSEN,DRUSEN-3472938-1.jpeg,768,496,380928,1.548,36.89,39.79,255,0,255,36.89,36.89,36.89,0
OCT,val,DRUSEN,DRUSEN-3472938-21.jpeg,512,496,253952,1.032,43.09,45.61,255,0,255,43.09,43.09,43.09,0
OCT,val,DRUSEN,DRUSEN-3472938-3.jpeg,512,496,253952,1.032,46.85,49.24,255,0,255,46.85,46.85,46.85,0
OCT,val,DRUSEN,DRUSEN-3472938-31.jpeg,768,496,380928,1.548,31.27,30.83,255,0,255,31.27,31.27,31.27,0
OCT,val,DRUSEN,DRUSEN-3472938-41.jpeg,768,496,380928,1.548,34.03,37.75,255,0,255,34.03,34.03,34.03,0
OCT,val,DRUSEN,DRUSEN-3472938-5.jpeg,512,496,253952,1.032,52.63,59.88,255,0,255,52.63,52.63,52.63,0
OCT,val,DRUSEN,DRUSEN-3482415-2.jpeg,1536,496,761856,3.097,35.36,40.0,255,0,255,35.36,35.36,35.36,0
OCT,val,DRUSEN,DRUSEN-3482415-6.jpeg,512,496,253952,1.032,49.15,54.13,255,0,255,49.15,49.15,49.15,0
OCT,val,DRUSEN,DRUSEN-349021-11.jpeg,512,496,253952,1.032,63.1,64.56,255,0,255,63.1,63.1,63.1,0
OCT,val,DRUSEN,DRUSEN-3541867-11.jpeg,512,496,253952,1.032,35.92,46.2,255,0,255,35.92,35.92,35.92,0
OCT,val,DRUSEN,DRUSEN-3541867-14.jpeg,512,496,253952,1.032,46.9,48.39,255,0,255,46.9,46.9,46.9,0
OCT,val,DRUSEN,DRUSEN-3555780-2.jpeg,512,496,253952,1.032,85.65,90.9,255,0,255,85.65,85.65,85.65,0
OCT,val,DRUSEN,DRUSEN-3555780-7.jpeg,512,496,253952,1.032,47.56,57.3,255,0,255,47.56,47.56,47.56,0
OCT,val,DRUSEN,DRUSEN-3571629-15.jpeg,512,496,253952,1.032,114.41,92.73,255,0,255,114.41,114.41,114.41,0
OCT,val,DRUSEN,DRUSEN-3571629-16.jpeg,512,496,253952,1.032,95.47,86.81,255,0,255,95.47,95.47,95.47,0
OCT,val,DRUSEN,DRUSEN-3571629-19.jpeg,512,496,253952,1.032,62.86,64.85,255,0,255,62.86,62.86,62.86,0
OCT,val,DRUSEN,DRUSEN-3571629-20.jpeg,768,496,380928,1.548,44.13,43.96,255,0,255,44.13,44.13,44.13,0
OCT,val,DRUSEN,DRUSEN-3571629-4.jpeg,512,496,253952,1.032,65.52,77.51,255,0,255,65.52,65.52,65.52,0
OCT,val,DRUSEN,DRUSEN-364469-111.jpeg,768,496,380928,1.548,62.34,72.79,255,0,255,62.34,62.34,62.34,0
OCT,val,DRUSEN,DRUSEN-364469-120.jpeg,512,496,253952,1.032,56.68,54.65,255,0,255,56.68,56.68,56.68,0
OCT,val,DRUSEN,DRUSEN-364469-125.jpeg,768,496,380928,1.548,34.13,37.34,255,0,255,34.13,34.13,34.13,0
OCT,val,DRUSEN,DRUSEN-364469-127.jpeg,512,496,253952,1.032,52.83,60.51,255,0,255,52.83,52.83,52.83,0
OCT,val,DRUSEN,DRUSEN-364469-48.jpeg,768,496,380928,1.548,41.42,43.85,255,0,255,41.42,41.42,41.42,0
OCT,val,DRUSEN,DRUSEN-364469-70.jpeg,768,496,380928,1.548,41.75,36.78,255,0,255,41.75,41.75,41.75,0
OCT,val,DRUSEN,DRUSEN-364469-87.jpeg,512,496,253952,1.032,44.77,42.84,255,0,255,44.77,44.77,44.77,0
OCT,val,DRUSEN,DRUSEN-364777-1.jpeg,512,496,253952,1.032,39.25,44.07,255,0,255,39.25,39.25,39.25,0
OCT,val,DRUSEN,DRUSEN-364777-2.jpeg,512,496,253952,1.032,41.85,48.33,255,0,255,41.85,41.85,41.85,0
OCT,val,DRUSEN,DRUSEN-3656516-2.jpeg,512,496,253952,1.032,56.96,67.45,255,0,255,56.96,56.96,56.96,0
OCT,val,DRUSEN,DRUSEN-3660915-3.jpeg,512,496,253952,1.032,47.22,58.79,255,0,255,47.22,47.22,47.22,0
OCT,val,DRUSEN,DRUSEN-3673740-8.jpeg,512,496,253952,1.032,57.55,63.46,255,0,255,57.55,57.55,57.55,0
OCT,val,DRUSEN,DRUSEN-3734032-8.jpeg,768,496,380928,1.548,55.47,66.85,255,0,255,55.47,55.47,55.47,0
OCT,val,DRUSEN,DRUSEN-3825206-2.jpeg,512,496,253952,1.032,47.76,52.69,255,0,255,47.76,47.76,47.76,0
OCT,val,DRUSEN,DRUSEN-3825206-3.jpeg,512,496,253952,1.032,51.51,62.38,255,0,255,51.51,51.51,51.51,0
OCT,val,DRUSEN,DRUSEN-3833074-1.jpeg,512,496,253952,1.032,45.07,55.22,255,0,255,45.07,45.07,45.07,0
OCT,val,DRUSEN,DRUSEN-3956332-1.jpeg,1536,496,761856,3.097,36.58,34.39,255,0,255,36.58,36.58,36.58,0
OCT,val,DRUSEN,DRUSEN-3956332-3.jpeg,512,496,253952,1.032,56.86,60.49,255,0,255,56.86,56.86,56.86,0
OCT,val,DRUSEN,DRUSEN-3956332-4.jpeg,512,496,253952,1.032,55.83,55.59,255,0,255,55.83,55.83,55.83,0
OCT,val,DRUSEN,DRUSEN-3968777-2.jpeg,768,496,380928,1.548,34.62,40.13,255,0,255,34.62,34.62,34.62,0
OCT,val,DRUSEN,DRUSEN-3968777-5.jpeg,512,496,253952,1.032,33.72,41.66,255,0,255,33.72,33.72,33.72,0
OCT,val,DRUSEN,DRUSEN-4242335-1.jpeg,1536,496,761856,3.097,44.5,57.75,255,0,255,44.5,44.5,44.5,0
OCT,val,DRUSEN,DRUSEN-4271038-2.jpeg,512,496,253952,1.032,57.31,53.26,255,0,255,57.31,57.31,57.31,0
OCT,val,DRUSEN,DRUSEN-4271038-4.jpeg,768,496,380928,1.548,43.01,39.84,255,0,255,43.01,43.01,43.01,0
OCT,val,DRUSEN,DRUSEN-4291972-10.jpeg,768,496,380928,1.548,32.32,34.02,255,0,255,32.32,32.32,32.32,0
OCT,val,DRUSEN,DRUSEN-4291972-3.jpeg,768,496,380928,1.548,31.34,35.08,255,0,255,31.34,31.34,31.34,0
OCT,val,DRUSEN,DRUSEN-4291972-4.jpeg,768,496,380928,1.548,31.98,32.75,255,0,255,31.98,31.98,31.98,0
OCT,val,DRUSEN,DRUSEN-4291972-8.jpeg,512,496,253952,1.032,76.72,83.44,255,0,255,76.72,76.72,76.72,0
OCT,val,DRUSEN,DRUSEN-4293095-16.jpeg,512,496,253952,1.032,43.26,41.73,255,0,255,43.26,43.26,43.26,0
OCT,val,DRUSEN,DRUSEN-4310081-6.jpeg,512,496,253952,1.032,64.92,66.78,255,0,255,64.92,64.92,64.92,0
OCT,val,DRUSEN,DRUSEN-4336607-2.jpeg,768,496,380928,1.548,67.11,78.76,255,0,255,67.11,67.11,67.11,0
OCT,val,DRUSEN,DRUSEN-4343867-1.jpeg,768,496,380928,1.548,28.96,36.84,255,0,255,28.96,28.96,28.96,0
OCT,val,DRUSEN,DRUSEN-4343867-2.jpeg,768,496,380928,1.548,28.05,34.4,255,0,255,28.05,28.05,28.05,0
OCT,val,DRUSEN,DRUSEN-4343867-6.jpeg,512,496,253952,1.032,67.53,70.27,255,0,255,67.53,67.53,67.53,0
OCT,val,DRUSEN,DRUSEN-4377544-1.jpeg,512,496,253952,1.032,39.26,47.89,255,0,255,39.26,39.26,39.26,0
OCT,val,DRUSEN,DRUSEN-4377544-5.jpeg,512,496,253952,1.032,42.03,47.42,255,0,255,42.03,42.03,42.03,0
OCT,val,DRUSEN,DRUSEN-4379246-18.jpeg,512,496,253952,1.032,50.05,57.89,255,0,255,50.05,50.05,50.05,0
OCT,val,DRUSEN,DRUSEN-4379246-8.jpeg,512,496,253952,1.032,104.84,98.87,255,0,255,104.84,104.84,104.84,0
OCT,val,DRUSEN,DRUSEN-4450592-3.jpeg,512,496,253952,1.032,49.71,49.5,255,0,255,49.71,49.71,49.71,0
OCT,val,DRUSEN,DRUSEN-4450592-4.jpeg,768,496,380928,1.548,35.53,34.68,255,0,255,35.53,35.53,35.53,0
OCT,val,DRUSEN,DRUSEN-445726-14.jpeg,512,496,253952,1.032,51.42,58.52,255,0,255,51.42,51.42,51.42,0
OCT,val,DRUSEN,DRUSEN-449036-1.jpeg,512,496,253952,1.032,42.5,43.13,255,0,255,42.5,42.5,42.5,0
OCT,val,DRUSEN,DRUSEN-457907-13.jpeg,512,496,253952,1.032,36.89,37.76,255,0,255,36.89,36.89,36.89,0
OCT,val,DRUSEN,DRUSEN-457907-19.jpeg,512,496,253952,1.032,71.22,79.73,255,0,255,71.22,71.22,71.22,0
OCT,val,DRUSEN,DRUSEN-464044-10.jpeg,512,496,253952,1.032,71.87,69.16,255,0,255,71.87,71.87,71.87,0
OCT,val,DRUSEN,DRUSEN-464044-21.jpeg,768,496,380928,1.548,30.74,37.38,255,0,255,30.74,30.74,30.74,0
OCT,val,DRUSEN,DRUSEN-464044-3.jpeg,512,496,253952,1.032,47.17,57.52,255,0,255,47.17,47.17,47.17,0
OCT,val,DRUSEN,DRUSEN-465734-1.jpeg,768,496,380928,1.548,42.56,40.99,255,0,255,42.56,42.56,42.56,0
OCT,val,DRUSEN,DRUSEN-482704-11.jpeg,512,496,253952,1.032,51.69,58.24,255,0,255,51.69,51.69,51.69,0
OCT,val,DRUSEN,DRUSEN-482704-20.jpeg,512,496,253952,1.032,67.28,71.3,255,0,255,67.28,67.28,67.28,0
OCT,val,DRUSEN,DRUSEN-482704-35.jpeg,512,496,253952,1.032,31.2,45.9,255,0,255,31.2,31.2,31.2,0
OCT,val,DRUSEN,DRUSEN-482704-38.jpeg,768,496,380928,1.548,31.68,33.89,255,0,255,31.68,31.68,31.68,0
OCT,val,DRUSEN,DRUSEN-482704-39.jpeg,512,496,253952,1.032,46.19,57.58,255,0,255,46.19,46.19,46.19,0
OCT,val,DRUSEN,DRUSEN-482704-4.jpeg,512,496,253952,1.032,44.69,47.85,255,0,255,44.69,44.69,44.69,0
OCT,val,DRUSEN,DRUSEN-482704-5.jpeg,512,496,253952,1.032,49.2,50.49,255,0,255,49.2,49.2,49.2,0
OCT,val,DRUSEN,DRUSEN-482704-57.jpeg,512,496,253952,1.032,48.62,60.75,255,0,255,48.62,48.62,48.62,0
OCT,val,DRUSEN,DRUSEN-4878077-12.jpeg,512,496,253952,1.032,57.34,58.59,255,0,255,57.34,57.34,57.34,0
OCT,val,DRUSEN,DRUSEN-4878077-20.jpeg,768,496,380928,1.548,33.58,36.8,255,0,255,33.58,33.58,33.58,0
OCT,val,DRUSEN,DRUSEN-4878077-21.jpeg,512,496,253952,1.032,63.98,57.81,255,0,255,63.98,63.98,63.98,0
OCT,val,DRUSEN,DRUSEN-4878077-33.jpeg,512,496,253952,1.032,65.76,56.39,255,0,255,65.76,65.76,65.76,0
OCT,val,DRUSEN,DRUSEN-4878077-41.jpeg,768,496,380928,1.548,35.69,34.64,255,0,255,35.69,35.69,35.69,0
OCT,val,DRUSEN,DRUSEN-4878077-42.jpeg,1536,496,761856,3.097,35.54,41.32,255,0,255,35.54,35.54,35.54,0
OCT,val,DRUSEN,DRUSEN-4878077-5.jpeg,768,496,380928,1.548,45.51,42.01,255,0,255,45.51,45.51,45.51,0
OCT,val,DRUSEN,DRUSEN-4878077-51.jpeg,768,496,380928,1.548,43.12,40.92,255,0,255,43.12,43.12,43.12,0
OCT,val,DRUSEN,DRUSEN-4878077-53.jpeg,512,496,253952,1.032,55.72,49.2,255,0,255,55.72,55.72,55.72,0
OCT,val,DRUSEN,DRUSEN-4934663-39.jpeg,512,496,253952,1.032,45.95,53.67,255,0,255,45.95,45.95,45.95,0
OCT,val,DRUSEN,DRUSEN-4934663-42.jpeg,768,496,380928,1.548,32.86,36.12,255,0,255,32.86,32.86,32.86,0
OCT,val,DRUSEN,DRUSEN-4934663-44.jpeg,768,496,380928,1.548,33.24,35.94,255,0,255,33.24,33.24,33.24,0
OCT,val,DRUSEN,DRUSEN-4951152-10.jpeg,512,496,253952,1.032,44.53,52.21,255,0,255,44.53,44.53,44.53,0
OCT,val,DRUSEN,DRUSEN-4951152-2.jpeg,512,496,253952,1.032,51.6,47.58,255,0,255,51.6,51.6,51.6,0
OCT,val,DRUSEN,DRUSEN-4951152-9.jpeg,512,496,253952,1.032,34.43,36.85,255,0,255,34.43,34.43,34.43,0
OCT,val,DRUSEN,DRUSEN-5033521-1.jpeg,512,496,253952,1.032,60.97,62.98,255,0,255,60.97,60.97,60.97,0
OCT,val,DRUSEN,DRUSEN-5042213-10.jpeg,768,496,380928,1.548,37.93,41.33,255,0,255,37.93,37.93,37.93,0
OCT,val,DRUSEN,DRUSEN-5042213-2.jpeg,512,496,253952,1.032,42.48,46.15,255,0,255,42.48,42.48,42.48,0
OCT,val,DRUSEN,DRUSEN-5042213-9.jpeg,768,496,380928,1.548,30.56,35.32,255,0,255,30.56,30.56,30.56,0
OCT,val,DRUSEN,DRUSEN-5094722-19.jpeg,512,496,253952,1.032,62.94,60.17,255,0,255,62.94,62.94,62.94,0
OCT,val,DRUSEN,DRUSEN-5094722-20.jpeg,512,496,253952,1.032,44.72,42.46,255,0,255,44.72,44.72,44.72,0
OCT,val,DRUSEN,DRUSEN-5094722-4.jpeg,512,496,253952,1.032,52.04,41.14,255,0,255,52.04,52.04,52.04,0
OCT,val,DRUSEN,DRUSEN-5094722-5.jpeg,512,496,253952,1.032,56.0,46.55,255,0,255,56.0,56.0,56.0,0
OCT,val,DRUSEN,DRUSEN-5108667-5.jpeg,512,496,253952,1.032,94.68,93.85,255,0,255,94.68,94.68,94.68,0
OCT,val,DRUSEN,DRUSEN-5301369-4.jpeg,768,496,380928,1.548,39.7,45.53,255,0,255,39.7,39.7,39.7,0
OCT,val,DRUSEN,DRUSEN-5331157-2.jpeg,768,496,380928,1.548,49.57,42.31,255,0,255,49.57,49.57,49.57,0
OCT,val,DRUSEN,DRUSEN-5331157-9.jpeg,768,496,380928,1.548,28.43,25.76,255,0,255,28.43,28.43,28.43,0
OCT,val,DRUSEN,DRUSEN-5333808-11.jpeg,768,496,380928,1.548,34.7,35.63,255,0,255,34.7,34.7,34.7,0
OCT,val,DRUSEN,DRUSEN-5381202-1.jpeg,768,496,380928,1.548,36.09,39.7,255,0,255,36.09,36.09,36.09,0
OCT,val,DRUSEN,DRUSEN-538779-17.jpeg,512,496,253952,1.032,50.66,46.39,255,0,255,50.66,50.66,50.66,0
OCT,val,DRUSEN,DRUSEN-538779-18.jpeg,512,496,253952,1.032,49.37,45.05,255,0,255,49.37,49.37,49.37,0
OCT,val,DRUSEN,DRUSEN-538779-3.jpeg,512,496,253952,1.032,41.1,38.12,255,0,255,41.1,41.1,41.1,0
OCT,val,DRUSEN,DRUSEN-538779-33.jpeg,512,496,253952,1.032,43.82,48.38,255,0,255,43.82,43.82,43.82,0
OCT,val,DRUSEN,DRUSEN-538779-35.jpeg,512,496,253952,1.032,42.08,48.44,255,0,255,42.08,42.08,42.08,0
OCT,val,DRUSEN,DRUSEN-538779-8.jpeg,768,496,380928,1.548,31.29,37.45,255,0,255,31.29,31.29,31.29,0
OCT,val,DRUSEN,DRUSEN-5434336-15.jpeg,512,496,253952,1.032,48.48,59.33,255,0,255,48.48,48.48,48.48,0
OCT,val,DRUSEN,DRUSEN-5434336-17.jpeg,512,496,253952,1.032,43.14,47.57,255,0,255,43.14,43.14,43.14,0
OCT,val,DRUSEN,DRUSEN-5434336-20.jpeg,512,496,253952,1.032,37.09,51.78,255,0,255,37.09,37.09,37.09,0
OCT,val,DRUSEN,DRUSEN-5434336-28.jpeg,512,496,253952,1.032,46.01,48.77,255,0,255,46.01,46.01,46.01,0
OCT,val,DRUSEN,DRUSEN-5434564-2.jpeg,512,496,253952,1.032,58.29,67.15,255,0,255,58.29,58.29,58.29,0
OCT,val,DRUSEN,DRUSEN-5443411-16.jpeg,512,496,253952,1.032,50.18,53.25,255,0,255,50.18,50.18,50.18,0
OCT,val,DRUSEN,DRUSEN-5443411-2.jpeg,512,496,253952,1.032,51.2,61.45,255,0,255,51.2,51.2,51.2,0
OCT,val,DRUSEN,DRUSEN-5443411-21.jpeg,512,496,253952,1.032,37.21,43.05,255,0,255,37.21,37.21,37.21,0
OCT,val,DRUSEN,DRUSEN-5443411-25.jpeg,768,496,380928,1.548,47.64,43.84,255,0,255,47.64,47.64,47.64,0
OCT,val,DRUSEN,DRUSEN-5467254-1.jpeg,768,496,380928,1.548,31.59,32.85,255,0,255,31.59,31.59,31.59,0
OCT,val,DRUSEN,DRUSEN-5467254-2.jpeg,768,496,380928,1.548,31.78,33.72,255,0,255,31.78,31.78,31.78,0
OCT,val,DRUSEN,DRUSEN-5478034-1.jpeg,768,496,380928,1.548,27.76,31.65,255,0,255,27.76,27.76,27.76,0
OCT,val,DRUSEN,DRUSEN-5487005-13.jpeg,768,496,380928,1.548,30.28,32.55,255,0,255,30.28,30.28,30.28,0
OCT,val,DRUSEN,DRUSEN-5487005-8.jpeg,512,496,253952,1.032,54.87,66.51,255,0,255,54.87,54.87,54.87,0
OCT,val,DRUSEN,DRUSEN-5487005-9.jpeg,768,496,380928,1.548,38.51,35.45,255,0,255,38.51,38.51,38.51,0
OCT,val,DRUSEN,DRUSEN-551136-3.jpeg,512,496,253952,1.032,33.98,33.33,255,0,255,33.98,33.98,33.98,0
OCT,val,DRUSEN,DRUSEN-5514270-2.jpeg,768,496,380928,1.548,37.23,36.74,255,0,255,37.23,37.23,37.23,0
OCT,val,DRUSEN,DRUSEN-552350-1.jpeg,512,496,253952,1.032,128.97,100.94,255,0,255,128.97,128.97,128.97,0
OCT,val,DRUSEN,DRUSEN-5710007-12.jpeg,1536,496,761856,3.097,52.91,45.87,255,0,255,52.91,52.91,52.91,0
OCT,val,DRUSEN,DRUSEN-5710007-17.jpeg,512,496,253952,1.032,42.83,46.71,255,0,255,42.83,42.83,42.83,0
OCT,val,DRUSEN,DRUSEN-5710007-18.jpeg,1536,496,761856,3.097,31.52,30.53,255,0,255,31.52,31.52,31.52,0
OCT,val,DRUSEN,DRUSEN-5710007-25.jpeg,512,496,253952,1.032,46.02,42.47,255,0,255,46.02,46.02,46.02,0
OCT,val,DRUSEN,DRUSEN-5710007-26.jpeg,512,496,253952,1.032,37.97,37.58,255,0,255,37.97,37.97,37.97,0
OCT,val,DRUSEN,DRUSEN-5710007-3.jpeg,512,496,253952,1.032,47.17,50.6,255,0,255,47.17,47.17,47.17,0
OCT,val,DRUSEN,DRUSEN-5710007-30.jpeg,512,496,253952,1.032,56.3,50.1,255,0,255,56.3,56.3,56.3,0
OCT,val,DRUSEN,DRUSEN-5710007-31.jpeg,512,496,253952,1.032,50.99,42.61,255,0,255,50.99,50.99,50.99,0
OCT,val,DRUSEN,DRUSEN-5710007-36.jpeg,768,496,380928,1.548,40.16,41.18,255,0,255,40.16,40.16,40.16,0
OCT,val,DRUSEN,DRUSEN-5710007-51.jpeg,512,496,253952,1.032,43.24,50.81,255,0,255,43.24,43.24,43.24,0
OCT,val,DRUSEN,DRUSEN-5710007-55.jpeg,512,496,253952,1.032,46.64,49.86,255,0,255,46.64,46.64,46.64,0
OCT,val,DRUSEN,DRUSEN-5710007-56.jpeg,512,496,253952,1.032,48.62,50.57,255,0,255,48.62,48.62,48.62,0
OCT,val,DRUSEN,DRUSEN-5710007-58.jpeg,768,496,380928,1.548,42.85,38.13,255,0,255,42.85,42.85,42.85,0
OCT,val,DRUSEN,DRUSEN-5740464-7.jpeg,1536,496,761856,3.097,39.33,40.25,255,0,255,39.33,39.33,39.33,0
OCT,val,DRUSEN,DRUSEN-5743416-18.jpeg,512,496,253952,1.032,45.05,45.51,255,0,255,45.05,45.05,45.05,0
OCT,val,DRUSEN,DRUSEN-5743416-20.jpeg,768,496,380928,1.548,32.44,34.06,255,0,255,32.44,32.44,32.44,0
OCT,val,DRUSEN,DRUSEN-5743416-24.jpeg,512,496,253952,1.032,59.04,63.89,255,0,255,59.04,59.04,59.04,0
OCT,val,DRUSEN,DRUSEN-5743416-26.jpeg,512,496,253952,1.032,58.45,60.22,255,0,255,58.45,58.45,58.45,0
OCT,val,DRUSEN,DRUSEN-5743416-37.jpeg,512,496,253952,1.032,65.91,77.72,255,0,255,65.91,65.91,65.91,0
OCT,val,DRUSEN,DRUSEN-5743416-6.jpeg,512,496,253952,1.032,43.48,55.91,255,0,255,43.48,43.48,43.48,0
OCT,val,DRUSEN,DRUSEN-5753467-4.jpeg,512,496,253952,1.032,63.15,74.51,255,0,255,63.15,63.15,63.15,0
OCT,val,DRUSEN,DRUSEN-5760454-15.jpeg,512,496,253952,1.032,47.58,47.79,255,0,255,47.58,47.58,47.58,0
OCT,val,DRUSEN,DRUSEN-5760454-16.jpeg,768,496,380928,1.548,31.5,35.59,255,0,255,31.5,31.5,31.5,0
OCT,val,DRUSEN,DRUSEN-5760454-34.jpeg,768,496,380928,1.548,36.45,35.4,255,0,255,36.45,36.45,36.45,0
OCT,val,DRUSEN,DRUSEN-5760454-39.jpeg,1536,496,761856,3.097,33.19,36.38,255,0,255,33.19,33.19,33.19,0
OCT,val,DRUSEN,DRUSEN-5760454-9.jpeg,1536,496,761856,3.097,27.56,31.59,255,0,255,27.56,27.56,27.56,0
OCT,val,DRUSEN,DRUSEN-5768756-1.jpeg,768,496,380928,1.548,37.0,39.46,255,0,255,37.0,37.0,37.0,0
OCT,val,DRUSEN,DRUSEN-5768756-11.jpeg,512,496,253952,1.032,46.47,57.66,255,0,255,46.47,46.47,46.47,0
OCT,val,DRUSEN,DRUSEN-5768756-16.jpeg,1536,496,761856,3.097,32.68,36.89,255,0,255,32.68,32.68,32.68,0
OCT,val,DRUSEN,DRUSEN-5768756-18.jpeg,512,496,253952,1.032,58.84,65.07,255,0,255,58.84,58.84,58.84,0
OCT,val,DRUSEN,DRUSEN-5768756-20.jpeg,512,496,253952,1.032,51.35,70.59,255,0,255,51.35,51.35,51.35,0
OCT,val,DRUSEN,DRUSEN-5768756-32.jpeg,512,496,253952,1.032,34.24,36.13,255,0,255,34.24,34.24,34.24,0
OCT,val,DRUSEN,DRUSEN-5768756-36.jpeg,512,496,253952,1.032,45.35,60.57,255,0,255,45.35,45.35,45.35,0
OCT,val,DRUSEN,DRUSEN-5768756-41.jpeg,512,496,253952,1.032,46.35,48.59,255,0,255,46.35,46.35,46.35,0
OCT,val,DRUSEN,DRUSEN-5770625-1.jpeg,768,496,380928,1.548,36.11,40.44,255,0,255,36.11,36.11,36.11,0
OCT,val,DRUSEN,DRUSEN-5779607-19.jpeg,512,496,253952,1.032,53.12,49.94,255,0,255,53.12,53.12,53.12,0
OCT,val,DRUSEN,DRUSEN-5779607-7.jpeg,768,496,380928,1.548,34.84,34.91,255,0,255,34.84,34.84,34.84,0
OCT,val,DRUSEN,DRUSEN-5801431-17.jpeg,512,496,253952,1.032,71.51,76.02,255,0,255,71.51,71.51,71.51,0
OCT,val,DRUSEN,DRUSEN-5801431-18.jpeg,512,496,253952,1.032,66.96,70.15,255,0,255,66.96,66.96,66.96,0
OCT,val,DRUSEN,DRUSEN-5801431-29.jpeg,512,496,253952,1.032,48.13,51.21,255,0,255,48.13,48.13,48.13,0
OCT,val,DRUSEN,DRUSEN-5811898-20.jpeg,1536,496,761856,3.097,25.59,26.35,255,0,255,25.59,25.59,25.59,0
OCT,val,DRUSEN,DRUSEN-5811898-25.jpeg,768,496,380928,1.548,38.91,29.54,255,0,255,38.91,38.91,38.91,0
OCT,val,DRUSEN,DRUSEN-5811898-31.jpeg,768,496,380928,1.548,39.83,39.78,255,0,255,39.83,39.83,39.83,0
OCT,val,DRUSEN,DRUSEN-5811898-32.jpeg,512,496,253952,1.032,64.33,71.77,255,0,255,64.33,64.33,64.33,0
OCT,val,DRUSEN,DRUSEN-5811898-34.jpeg,512,496,253952,1.032,59.36,69.65,255,0,255,59.36,59.36,59.36,0
OCT,val,DRUSEN,DRUSEN-5811898-49.jpeg,768,496,380928,1.548,35.16,36.24,255,0,255,35.16,35.16,35.16,0
OCT,val,DRUSEN,DRUSEN-5811898-5.jpeg,512,496,253952,1.032,42.27,52.41,255,0,255,42.27,42.27,42.27,0
OCT,val,DRUSEN,DRUSEN-5811898-54.jpeg,768,496,380928,1.548,32.36,32.38,255,0,255,32.36,32.36,32.36,0
OCT,val,DRUSEN,DRUSEN-5811898-59.jpeg,768,496,380928,1.548,38.63,36.85,255,0,255,38.63,38.63,38.63,0
OCT,val,DRUSEN,DRUSEN-5811898-62.jpeg,512,496,253952,1.032,41.96,38.77,255,0,255,41.96,41.96,41.96,0
OCT,val,DRUSEN,DRUSEN-5811898-69.jpeg,768,496,380928,1.548,33.83,35.14,255,0,255,33.83,33.83,33.83,0
OCT,val,DRUSEN,DRUSEN-5811898-71.jpeg,768,496,380928,1.548,28.39,28.47,255,0,255,28.39,28.39,28.39,0
OCT,val,DRUSEN,DRUSEN-5814078-2.jpeg,512,496,253952,1.032,47.63,43.6,255,0,255,47.63,47.63,47.63,0
OCT,val,DRUSEN,DRUSEN-584218-7.jpeg,512,496,253952,1.032,48.91,57.35,255,0,255,48.91,48.91,48.91,0
OCT,val,DRUSEN,DRUSEN-5851527-12.jpeg,768,496,380928,1.548,34.05,34.41,255,0,255,34.05,34.05,34.05,0
OCT,val,DRUSEN,DRUSEN-5861916-1.jpeg,512,496,253952,1.032,44.49,43.13,255,0,255,44.49,44.49,44.49,0
OCT,val,DRUSEN,DRUSEN-5864720-17.jpeg,1536,496,761856,3.097,31.43,38.56,255,0,255,31.43,31.43,31.43,0
OCT,val,DRUSEN,DRUSEN-5864720-18.jpeg,512,496,253952,1.032,51.94,45.66,255,0,255,51.94,51.94,51.94,0
OCT,val,DRUSEN,DRUSEN-5864720-6.jpeg,512,496,253952,1.032,52.68,57.49,255,0,255,52.68,52.68,52.68,0
OCT,val,DRUSEN,DRUSEN-5865674-12.jpeg,512,496,253952,1.032,71.62,52.53,255,0,255,71.62,71.62,71.62,0
OCT,val,DRUSEN,DRUSEN-5865674-23.jpeg,512,496,253952,1.032,99.98,89.54,255,0,255,99.98,99.98,99.98,0
OCT,val,DRUSEN,DRUSEN-5865674-3.jpeg,512,496,253952,1.032,63.48,69.65,255,0,255,63.48,63.48,63.48,0
OCT,val,DRUSEN,DRUSEN-5865674-6.jpeg,512,496,253952,1.032,96.88,85.9,255,0,255,96.88,96.88,96.88,0
OCT,val,DRUSEN,DRUSEN-5887906-4.jpeg,512,496,253952,1.032,45.39,51.3,255,0,255,45.39,45.39,45.39,0
OCT,val,DRUSEN,DRUSEN-589252-5.jpeg,512,496,253952,1.032,32.93,38.19,255,0,255,32.93,32.93,32.93,0
OCT,val,DRUSEN,DRUSEN-5929729-22.jpeg,768,496,380928,1.548,34.82,39.46,255,0,255,34.82,34.82,34.82,0
OCT,val,DRUSEN,DRUSEN-5929729-24.jpeg,512,496,253952,1.032,37.92,40.27,255,0,255,37.92,37.92,37.92,0
OCT,val,DRUSEN,DRUSEN-5969577-2.jpeg,512,496,253952,1.032,46.64,56.78,255,0,255,46.64,46.64,46.64,0
OCT,val,DRUSEN,DRUSEN-5983793-2.jpeg,512,496,253952,1.032,76.07,81.35,255,0,255,76.07,76.07,76.07,0
OCT,val,DRUSEN,DRUSEN-5983793-4.jpeg,512,496,253952,1.032,62.81,69.1,255,0,255,62.81,62.81,62.81,0
OCT,val,DRUSEN,DRUSEN-6008790-1.jpeg,512,496,253952,1.032,47.63,56.62,255,0,255,47.63,47.63,47.63,0
OCT,val,DRUSEN,DRUSEN-6008790-3.jpeg,768,496,380928,1.548,40.48,42.4,255,0,255,40.48,40.48,40.48,0
OCT,val,DRUSEN,DRUSEN-6010249-4.jpeg,768,496,380928,1.548,34.84,37.56,255,0,255,34.84,34.84,34.84,0
OCT,val,DRUSEN,DRUSEN-6010249-6.jpeg,768,496,380928,1.548,36.89,38.68,255,0,255,36.89,36.89,36.89,0
OCT,val,DRUSEN,DRUSEN-6089930-7.jpeg,768,496,380928,1.548,41.26,38.4,255,0,255,41.26,41.26,41.26,0
OCT,val,DRUSEN,DRUSEN-609387-16.jpeg,512,496,253952,1.032,80.18,90.23,255,0,255,80.18,80.18,80.18,0
OCT,val,DRUSEN,DRUSEN-609387-22.jpeg,512,496,253952,1.032,49.8,64.87,255,0,255,49.8,49.8,49.8,0
OCT,val,DRUSEN,DRUSEN-609387-24.jpeg,1536,496,761856,3.097,80.68,90.04,255,0,255,80.68,80.68,80.68,0
OCT,val,DRUSEN,DRUSEN-609387-37.jpeg,512,496,253952,1.032,54.91,57.16,255,0,255,54.91,54.91,54.91,0
OCT,val,DRUSEN,DRUSEN-609387-39.jpeg,512,496,253952,1.032,49.18,60.05,255,0,255,49.18,49.18,49.18,0
OCT,val,DRUSEN,DRUSEN-6102438-14.jpeg,768,496,380928,1.548,83.48,89.4,255,0,255,83.48,83.48,83.48,0
OCT,val,DRUSEN,DRUSEN-6102438-19.jpeg,768,496,380928,1.548,40.98,37.79,255,0,255,40.98,40.98,40.98,0
OCT,val,DRUSEN,DRUSEN-6102438-7.jpeg,768,496,380928,1.548,68.25,74.11,255,0,255,68.25,68.25,68.25,0
OCT,val,DRUSEN,DRUSEN-6116901-5.jpeg,1536,496,761856,3.097,35.12,38.48,255,0,255,35.12,35.12,35.12,0
OCT,val,DRUSEN,DRUSEN-6116901-6.jpeg,768,496,380928,1.548,39.0,38.58,255,0,255,39.0,39.0,39.0,0
OCT,val,DRUSEN,DRUSEN-6128983-10.jpeg,768,496,380928,1.548,41.76,39.89,255,0,255,41.76,41.76,41.76,0
OCT,val,DRUSEN,DRUSEN-6128983-9.jpeg,768,496,380928,1.548,42.53,38.57,255,0,255,42.53,42.53,42.53,0
OCT,val,DRUSEN,DRUSEN-6170739-5.jpeg,768,496,380928,1.548,40.57,43.7,255,0,255,40.57,40.57,40.57,0
OCT,val,NORMAL,NORMAL-1001772-2.jpeg,1536,496,761856,3.097,32.83,34.62,255,0,255,32.83,32.83,32.83,0
OCT,val,NORMAL,NORMAL-1001772-4.jpeg,512,496,253952,1.032,46.06,53.21,255,0,255,46.06,46.06,46.06,0
OCT,val,NORMAL,NORMAL-1001772-8.jpeg,512,496,253952,1.032,50.55,61.27,255,0,255,50.55,50.55,50.55,0
OCT,val,NORMAL,NORMAL-1004480-1.jpeg,512,496,253952,1.032,51.95,57.02,255,0,255,51.95,51.95,51.95,0
OCT,val,NORMAL,NORMAL-1004480-13.jpeg,512,496,253952,1.032,48.07,49.68,255,0,255,48.07,48.07,48.07,0
OCT,val,NORMAL,NORMAL-1004480-6.jpeg,768,496,380928,1.548,41.98,41.77,255,0,255,41.98,41.98,41.98,0
OCT,val,NORMAL,NORMAL-100580-2.jpeg,512,512,262144,1.0,35.03,38.75,255,0,255,35.03,35.03,35.03,0
OCT,val,NORMAL,NORMAL-1014715-9.jpeg,1536,496,761856,3.097,27.3,34.12,255,0,255,27.3,27.3,27.3,0
OCT,val,NORMAL,NORMAL-1015755-15.jpeg,512,496,253952,1.032,46.65,43.66,255,0,255,46.65,46.65,46.65,0
OCT,val,NORMAL,NORMAL-1015755-4.jpeg,512,496,253952,1.032,45.25,41.38,255,0,255,45.25,45.25,45.25,0
OCT,val,NORMAL,NORMAL-1016042-2.jpeg,512,512,262144,1.0,50.08,57.5,255,0,255,50.08,50.08,50.08,0
OCT,val,NORMAL,NORMAL-1016042-26.jpeg,512,512,262144,1.0,52.08,40.34,255,0,255,52.08,52.08,52.08,0
OCT,val,NORMAL,NORMAL-1016042-3.jpeg,512,512,262144,1.0,60.64,56.15,255,0,255,60.64,60.64,60.64,0
OCT,val,NORMAL,NORMAL-1016042-37.jpeg,512,512,262144,1.0,31.67,34.43,255,0,255,31.67,31.67,31.67,0
OCT,val,NORMAL,NORMAL-1016042-45.jpeg,768,496,380928,1.548,41.9,38.47,255,0,255,41.9,41.9,41.9,0
OCT,val,NORMAL,NORMAL-1016042-51.jpeg,512,512,262144,1.0,61.33,56.06,255,0,255,61.33,61.33,61.33,0
OCT,val,NORMAL,NORMAL-1016042-55.jpeg,512,512,262144,1.0,47.02,44.63,255,0,255,47.02,47.02,47.02,0
OCT,val,NORMAL,NORMAL-1016042-7.jpeg,512,512,262144,1.0,56.97,59.2,255,0,255,56.97,56.97,56.97,0
OCT,val,NORMAL,NORMAL-1016710-1.jpeg,768,496,380928,1.548,36.35,40.33,255,0,255,36.35,36.35,36.35,0
OCT,val,NORMAL,NORMAL-1016710-4.jpeg,512,496,253952,1.032,40.19,44.43,255,0,255,40.19,40.19,40.19,0
OCT,val,NORMAL,NORMAL-1017127-4.jpeg,768,496,380928,1.548,32.1,36.88,255,0,255,32.1,32.1,32.1,0
OCT,val,NORMAL,NORMAL-1017237-2.jpeg,1536,496,761856,3.097,40.1,38.56,255,0,255,40.1,40.1,40.1,0
OCT,val,NORMAL,NORMAL-1017237-3.jpeg,512,496,253952,1.032,46.86,43.25,255,0,255,46.86,46.86,46.86,0
OCT,val,NORMAL,NORMAL-1017885-4.jpeg,768,496,380928,1.548,35.92,40.13,255,0,255,35.92,35.92,35.92,0
OCT,val,NORMAL,NORMAL-1017885-8.jpeg,768,496,380928,1.548,38.3,39.31,255,0,255,38.3,38.3,38.3,0
OCT,val,NORMAL,NORMAL-101880-5.jpeg,512,496,253952,1.032,67.68,83.22,255,0,255,67.68,67.68,67.68,0
OCT,val,NORMAL,NORMAL-101880-6.jpeg,768,496,380928,1.548,32.36,31.59,255,0,255,32.36,32.36,32.36,0
OCT,val,NORMAL,NORMAL-101880-9.jpeg,768,496,380928,1.548,36.07,38.3,255,0,255,36.07,36.07,36.07,0
OCT,val,NORMAL,NORMAL-1020679-2.jpeg,768,496,380928,1.548,35.52,39.65,255,0,255,35.52,35.52,35.52,0
OCT,val,NORMAL,NORMAL-1025847-5.jpeg,768,496,380928,1.548,38.69,39.7,255,0,255,38.69,38.69,38.69,0
OCT,val,NORMAL,NORMAL-1025847-9.jpeg,768,496,380928,1.548,39.08,40.82,255,0,255,39.08,39.08,39.08,0
OCT,val,NORMAL,NORMAL-1026906-1.jpeg,768,496,380928,1.548,43.36,43.41,255,0,255,43.36,43.36,43.36,0
OCT,val,NORMAL,NORMAL-1027133-5.jpeg,512,496,253952,1.032,41.72,45.11,255,0,255,41.72,41.72,41.72,0
OCT,val,NORMAL,NORMAL-1028077-3.jpeg,512,496,253952,1.032,51.37,44.41,255,0,255,51.37,51.37,51.37,0
OCT,val,NORMAL,NORMAL-1028077-4.jpeg,512,496,253952,1.032,56.06,45.45,255,0,255,56.06,56.06,56.06,0
OCT,val,NORMAL,NORMAL-1031019-1.jpeg,1536,496,761856,3.097,38.57,38.13,255,0,255,38.57,38.57,38.57,0
OCT,val,NORMAL,NORMAL-1031019-2.jpeg,768,496,380928,1.548,46.9,54.5,255,0,255,46.9,46.9,46.9,0
OCT,val,NORMAL,NORMAL-1038232-10.jpeg,512,512,262144,1.0,21.89,28.93,255,0,255,21.89,21.89,21.89,0
OCT,val,NORMAL,NORMAL-1038232-5.jpeg,512,512,262144,1.0,102.66,96.13,255,0,255,102.66,102.66,102.66,0
OCT,val,NORMAL,NORMAL-1038998-17.jpeg,512,496,253952,1.032,96.95,83.6,255,0,255,96.95,96.95,96.95,0
OCT,val,NORMAL,NORMAL-1038998-4.jpeg,512,496,253952,1.032,50.88,65.04,255,0,255,50.88,50.88,50.88,0
OCT,val,NORMAL,NORMAL-1038998-6.jpeg,768,496,380928,1.548,40.73,45.91,255,0,255,40.73,40.73,40.73,0
OCT,val,NORMAL,NORMAL-1039105-3.jpeg,512,496,253952,1.032,63.14,58.88,255,0,255,63.14,63.14,63.14,0
OCT,val,NORMAL,NORMAL-1044791-3.jpeg,512,496,253952,1.032,46.53,48.65,255,0,255,46.53,46.53,46.53,0
OCT,val,NORMAL,NORMAL-1045896-2.jpeg,512,496,253952,1.032,108.55,74.36,255,0,255,108.55,108.55,108.55,0
OCT,val,NORMAL,NORMAL-1052624-2.jpeg,512,496,253952,1.032,41.52,50.45,255,0,255,41.52,41.52,41.52,0
OCT,val,NORMAL,NORMAL-1052624-3.jpeg,512,496,253952,1.032,49.6,54.15,255,0,255,49.6,49.6,49.6,0
OCT,val,NORMAL,NORMAL-1058176-1.jpeg,512,496,253952,1.032,43.17,38.65,255,0,255,43.17,43.17,43.17,0
OCT,val,NORMAL,NORMAL-1058176-2.jpeg,512,496,253952,1.032,44.12,39.39,255,0,255,44.12,44.12,44.12,0
OCT,val,NORMAL,NORMAL-1059251-2.jpeg,768,496,380928,1.548,41.46,45.09,255,0,255,41.46,41.46,41.46,0
OCT,val,NORMAL,NORMAL-1060986-1.jpeg,512,496,253952,1.032,40.91,50.63,255,0,255,40.91,40.91,40.91,0
OCT,val,NORMAL,NORMAL-1063128-8.jpeg,512,496,253952,1.032,44.49,50.76,255,0,255,44.49,44.49,44.49,0
OCT,val,NORMAL,NORMAL-1067440-17.jpeg,512,496,253952,1.032,44.31,65.06,255,0,255,44.31,44.31,44.31,0
OCT,val,NORMAL,NORMAL-1067440-7.jpeg,768,496,380928,1.548,38.26,38.92,255,0,255,38.26,38.26,38.26,0
OCT,val,NORMAL,NORMAL-1067440-8.jpeg,768,496,380928,1.548,36.66,38.97,255,0,255,36.66,36.66,36.66,0
OCT,val,NORMAL,NORMAL-1067440-9.jpeg,768,496,380928,1.548,39.77,39.36,255,0,255,39.77,39.77,39.77,0
OCT,val,NORMAL,NORMAL-1071418-1.jpeg,768,496,380928,1.548,49.01,47.38,255,0,255,49.01,49.01,49.01,0
OCT,val,NORMAL,NORMAL-1071418-3.jpeg,512,496,253952,1.032,85.65,74.23,255,0,255,85.65,85.65,85.65,0
OCT,val,NORMAL,NORMAL-1077513-4.jpeg,512,496,253952,1.032,75.18,72.37,255,0,255,75.18,75.18,75.18,0
OCT,val,NORMAL,NORMAL-1081406-13.jpeg,512,496,253952,1.032,65.35,64.22,255,0,255,65.35,65.35,65.35,0
OCT,val,NORMAL,NORMAL-1081406-33.jpeg,1536,496,761856,3.097,58.86,68.46,255,0,255,58.86,58.86,58.86,0
OCT,val,NORMAL,NORMAL-1081406-35.jpeg,768,496,380928,1.548,41.6,49.94,255,0,255,41.6,41.6,41.6,0
OCT,val,NORMAL,NORMAL-1081406-45.jpeg,768,496,380928,1.548,58.52,62.37,255,0,255,58.52,58.52,58.52,0
OCT,val,NORMAL,NORMAL-1081406-50.jpeg,768,496,380928,1.548,42.25,58.44,255,0,255,42.25,42.25,42.25,0
OCT,val,NORMAL,NORMAL-1090180-3.jpeg,512,496,253952,1.032,48.43,48.96,255,0,255,48.43,48.43,48.43,0
OCT,val,NORMAL,NORMAL-1090833-4.jpeg,512,496,253952,1.032,41.42,50.08,255,0,255,41.42,41.42,41.42,0
OCT,val,NORMAL,NORMAL-1110738-1.jpeg,512,512,262144,1.0,43.6,35.1,255,0,255,43.6,43.6,43.6,0
OCT,val,NORMAL,NORMAL-1110738-4.jpeg,512,512,262144,1.0,42.44,38.52,255,0,255,42.44,42.44,42.44,0
OCT,val,NORMAL,NORMAL-1114127-21.jpeg,768,496,380928,1.548,29.56,36.84,255,0,255,29.56,29.56,29.56,0
OCT,val,NORMAL,NORMAL-1114127-9.jpeg,512,496,253952,1.032,46.56,46.31,255,0,255,46.56,46.56,46.56,0
OCT,val,NORMAL,NORMAL-1117682-2.jpeg,512,496,253952,1.032,39.21,50.98,255,0,255,39.21,39.21,39.21,0
OCT,val,NORMAL,NORMAL-1122061-1.jpeg,512,496,253952,1.032,43.18,44.31,255,0,255,43.18,43.18,43.18,0
OCT,val,NORMAL,NORMAL-1122061-3.jpeg,512,496,253952,1.032,31.31,35.87,255,0,255,31.31,31.31,31.31,0
OCT,val,NORMAL,NORMAL-1124422-2.jpeg,512,496,253952,1.032,45.43,56.46,255,0,255,45.43,45.43,45.43,0
OCT,val,NORMAL,NORMAL-1124422-3.jpeg,768,496,380928,1.548,35.7,40.36,255,0,255,35.7,35.7,35.7,0
OCT,val,NORMAL,NORMAL-1124422-4.jpeg,768,496,380928,1.548,35.2,39.99,255,0,255,35.2,35.2,35.2,0
OCT,val,NORMAL,NORMAL-112928-5.jpeg,512,496,253952,1.032,28.7,39.94,255,0,255,28.7,28.7,28.7,0
OCT,val,NORMAL,NORMAL-112928-6.jpeg,512,496,253952,1.032,42.09,50.2,255,0,255,42.09,42.09,42.09,0
OCT,val,NORMAL,NORMAL-1129351-14.jpeg,512,496,253952,1.032,44.56,49.4,255,0,255,44.56,44.56,44.56,0
OCT,val,NORMAL,NORMAL-1132735-2.jpeg,512,496,253952,1.032,52.59,58.35,255,0,255,52.59,52.59,52.59,0
OCT,val,NORMAL,NORMAL-1142003-1.jpeg,768,496,380928,1.548,28.45,31.86,255,0,255,28.45,28.45,28.45,0
OCT,val,NORMAL,NORMAL-1144610-1.jpeg,512,496,253952,1.032,46.58,46.26,255,0,255,46.58,46.58,46.58,0
OCT,val,NORMAL,NORMAL-1144610-4.jpeg,768,496,380928,1.548,42.48,39.98,255,0,255,42.48,42.48,42.48,0
OCT,val,NORMAL,NORMAL-1145010-3.jpeg,512,496,253952,1.032,59.11,71.58,255,0,255,59.11,59.11,59.11,0
OCT,val,NORMAL,NORMAL-1145506-7.jpeg,768,496,380928,1.548,41.1,39.65,255,0,255,41.1,41.1,41.1,0
OCT,val,NORMAL,NORMAL-1147102-2.jpeg,1536,496,761856,3.097,36.14,39.18,255,0,255,36.14,36.14,36.14,0
OCT,val,NORMAL,NORMAL-114740-1.jpeg,512,496,253952,1.032,78.12,78.16,255,0,255,78.12,78.12,78.12,0
OCT,val,NORMAL,NORMAL-1154026-4.jpeg,512,496,253952,1.032,37.12,41.11,255,0,255,37.12,37.12,37.12,0
OCT,val,NORMAL,NORMAL-1157521-12.jpeg,1536,496,761856,3.097,24.07,31.38,255,0,255,24.07,24.07,24.07,0
OCT,val,NORMAL,NORMAL-1157521-13.jpeg,512,496,253952,1.032,54.81,66.45,255,0,255,54.81,54.81,54.81,0
OCT,val,NORMAL,NORMAL-1157521-3.jpeg,512,496,253952,1.032,64.0,57.63,255,0,255,64.0,64.0,64.0,0
OCT,val,NORMAL,NORMAL-1157721-19.jpeg,512,496,253952,1.032,46.48,44.84,255,0,255,46.48,46.48,46.48,0
OCT,val,NORMAL,NORMAL-1157721-21.jpeg,512,496,253952,1.032,55.19,51.54,255,0,255,55.19,55.19,55.19,0
OCT,val,NORMAL,NORMAL-1157721-5.jpeg,512,496,253952,1.032,61.69,61.24,255,0,255,61.69,61.69,61.69,0
OCT,val,NORMAL,NORMAL-1163602-1.jpeg,1536,496,761856,3.097,35.16,37.95,255,0,255,35.16,35.16,35.16,0
OCT,val,NORMAL,NORMAL-1163602-2.jpeg,512,496,253952,1.032,46.29,57.42,255,0,255,46.29,46.29,46.29,0
OCT,val,NORMAL,NORMAL-1169883-2.jpeg,512,496,253952,1.032,60.01,61.21,255,0,255,60.01,60.01,60.01,0
OCT,val,NORMAL,NORMAL-1170713-2.jpeg,1536,496,761856,3.097,32.19,36.86,255,0,255,32.19,32.19,32.19,0
OCT,val,NORMAL,NORMAL-1170713-4.jpeg,512,496,253952,1.032,40.43,45.24,255,0,255,40.43,40.43,40.43,0
OCT,val,NORMAL,NORMAL-1171785-20.jpeg,768,496,380928,1.548,36.79,40.77,255,0,255,36.79,36.79,36.79,0
OCT,val,NORMAL,NORMAL-1171785-3.jpeg,512,496,253952,1.032,25.43,38.18,255,0,255,25.43,25.43,25.43,0
OCT,val,NORMAL,NORMAL-1171785-4.jpeg,1536,496,761856,3.097,29.54,35.63,255,0,255,29.54,29.54,29.54,0
OCT,val,NORMAL,NORMAL-1172806-5.jpeg,768,496,380928,1.548,42.02,39.88,255,0,255,42.02,42.02,42.02,0
OCT,val,NORMAL,NORMAL-1175741-3.jpeg,512,496,253952,1.032,78.08,94.43,255,0,255,78.08,78.08,78.08,0
OCT,val,NORMAL,NORMAL-1177084-1.jpeg,512,496,253952,1.032,43.18,44.43,255,0,255,43.18,43.18,43.18,0
OCT,val,NORMAL,NORMAL-1183510-2.jpeg,512,496,253952,1.032,44.95,51.69,255,0,255,44.95,44.95,44.95,0
OCT,val,NORMAL,NORMAL-119840-1.jpeg,512,496,253952,1.032,31.59,33.8,255,0,255,31.59,31.59,31.59,0
OCT,val,NORMAL,NORMAL-119840-17.jpeg,512,512,262144,1.0,48.24,53.41,255,0,255,48.24,48.24,48.24,0
OCT,val,NORMAL,NORMAL-119840-6.jpeg,512,512,262144,1.0,25.69,27.03,255,0,255,25.69,25.69,25.69,0
OCT,val,NORMAL,NORMAL-121673-5.jpeg,512,496,253952,1.032,41.66,41.06,255,0,255,41.66,41.66,41.66,0
OCT,val,NORMAL,NORMAL-12494-1.jpeg,1536,496,761856,3.097,34.15,36.61,255,0,255,34.15,34.15,34.15,0
OCT,val,NORMAL,NORMAL-12494-17.jpeg,1536,496,761856,3.097,28.43,32.63,255,0,255,28.43,28.43,28.43,0
OCT,val,NORMAL,NORMAL-12494-19.jpeg,512,496,253952,1.032,45.79,51.89,255,0,255,45.79,45.79,45.79,0
OCT,val,NORMAL,NORMAL-12494-20.jpeg,512,496,253952,1.032,44.16,48.48,255,0,255,44.16,44.16,44.16,0
OCT,val,NORMAL,NORMAL-12494-21.jpeg,512,496,253952,1.032,41.82,50.8,255,0,255,41.82,41.82,41.82,0
OCT,val,NORMAL,NORMAL-12494-25.jpeg,512,496,253952,1.032,34.49,42.79,255,0,255,34.49,34.49,34.49,0
OCT,val,NORMAL,NORMAL-12494-9.jpeg,1536,496,761856,3.097,28.86,33.73,255,0,255,28.86,28.86,28.86,0
OCT,val,NORMAL,NORMAL-1356232-1.jpeg,512,512,262144,1.0,43.36,43.36,255,0,255,43.36,43.36,43.36,0
OCT,val,NORMAL,NORMAL-1356232-11.jpeg,512,512,262144,1.0,44.36,46.34,255,0,255,44.36,44.36,44.36,0
OCT,val,NORMAL,NORMAL-1356232-14.jpeg,512,512,262144,1.0,45.81,49.92,255,0,255,45.81,45.81,45.81,0
OCT,val,NORMAL,NORMAL-1356232-16.jpeg,512,512,262144,1.0,36.09,37.66,255,0,255,36.09,36.09,36.09,0
OCT,val,NORMAL,NORMAL-1356232-25.jpeg,512,512,262144,1.0,44.79,46.05,255,0,255,44.79,44.79,44.79,0
OCT,val,NORMAL,NORMAL-1356232-8.jpeg,512,512,262144,1.0,30.42,33.39,255,0,255,30.42,30.42,30.42,0
OCT,val,NORMAL,NORMAL-138971-10.jpeg,512,496,253952,1.032,53.72,70.76,255,0,255,53.72,53.72,53.72,0
OCT,val,NORMAL,NORMAL-138971-11.jpeg,768,496,380928,1.548,32.7,35.24,255,0,255,32.7,32.7,32.7,0
OCT,val,NORMAL,NORMAL-138971-13.jpeg,768,496,380928,1.548,28.16,33.46,255,0,255,28.16,28.16,28.16,0
OCT,val,NORMAL,NORMAL-138971-2.jpeg,768,496,380928,1.548,31.26,32.77,255,0,255,31.26,31.26,31.26,0
OCT,val,NORMAL,NORMAL-138971-5.jpeg,512,496,253952,1.032,56.11,62.42,255,0,255,56.11,56.11,56.11,0
OCT,val,NORMAL,NORMAL-139386-3.jpeg,512,496,253952,1.032,43.9,53.26,255,0,255,43.9,43.9,43.9,0
OCT,val,NORMAL,NORMAL-149928-6.jpeg,512,512,262144,1.0,66.3,65.9,255,0,255,66.3,66.3,66.3,0
OCT,val,NORMAL,NORMAL-15208-5.jpeg,768,496,380928,1.548,33.16,37.39,255,0,255,33.16,33.16,33.16,0
OCT,val,NORMAL,NORMAL-15208-6.jpeg,512,496,253952,1.032,45.22,42.95,255,0,255,45.22,45.22,45.22,0
OCT,val,NORMAL,NORMAL-15208-7.jpeg,512,496,253952,1.032,54.28,57.62,255,0,255,54.28,54.28,54.28,0
OCT,val,NORMAL,NORMAL-153950-12.jpeg,512,512,262144,1.0,43.08,54.31,255,0,255,43.08,43.08,43.08,0
OCT,val,NORMAL,NORMAL-153950-6.jpeg,512,512,262144,1.0,31.44,34.25,255,0,255,31.44,31.44,31.44,0
OCT,val,NORMAL,NORMAL-1590671-1.jpeg,512,512,262144,1.0,34.05,35.97,255,0,255,34.05,34.05,34.05,0
OCT,val,NORMAL,NORMAL-1591159-1.jpeg,512,512,262144,1.0,33.02,34.35,255,0,255,33.02,33.02,33.02,0
OCT,val,NORMAL,NORMAL-1591159-14.jpeg,512,512,262144,1.0,46.88,40.06,255,0,255,46.88,46.88,46.88,0
OCT,val,NORMAL,NORMAL-1591159-15.jpeg,512,512,262144,1.0,75.64,50.15,255,0,255,75.64,75.64,75.64,0
OCT,val,NORMAL,NORMAL-1591159-16.jpeg,512,512,262144,1.0,40.41,37.23,255,0,255,40.41,40.41,40.41,0
OCT,val,NORMAL,NORMAL-1591159-9.jpeg,512,512,262144,1.0,44.21,57.17,255,0,255,44.21,44.21,44.21,0
OCT,val,NORMAL,NORMAL-1593382-1.jpeg,512,512,262144,1.0,51.35,44.35,255,0,255,51.35,51.35,51.35,0
OCT,val,NORMAL,NORMAL-1593382-2.jpeg,512,512,262144,1.0,70.21,61.64,255,0,255,70.21,70.21,70.21,0
OCT,val,NORMAL,NORMAL-1593382-4.jpeg,512,512,262144,1.0,47.83,44.68,255,0,255,47.83,47.83,47.83,0
OCT,val,NORMAL,NORMAL-1593409-2.jpeg,512,512,262144,1.0,31.73,39.17,255,0,255,31.73,31.73,31.73,0
OCT,val,NORMAL,NORMAL-159493-2.jpeg,1536,496,761856,3.097,29.4,35.5,255,0,255,29.4,29.4,29.4,0
OCT,val,NORMAL,NORMAL-1595813-13.jpeg,512,512,262144,1.0,26.95,32.55,255,0,255,26.95,26.95,26.95,0
OCT,val,NORMAL,NORMAL-1595813-19.jpeg,512,512,262144,1.0,26.57,30.49,255,0,255,26.57,26.57,26.57,0
OCT,val,NORMAL,NORMAL-1595813-6.jpeg,512,512,262144,1.0,29.82,35.22,255,0,255,29.82,29.82,29.82,0
OCT,val,NORMAL,NORMAL-159984-2.jpeg,1536,496,761856,3.097,25.78,31.61,255,0,255,25.78,25.78,25.78,0
OCT,val,NORMAL,NORMAL-159984-4.jpeg,512,512,262144,1.0,48.14,46.75,255,0,255,48.14,48.14,48.14,0
OCT,val,NORMAL,NORMAL-159984-5.jpeg,512,512,262144,1.0,42.98,40.74,255,0,255,42.98,42.98,42.98,0
OCT,val,NORMAL,NORMAL-1600980-3.jpeg,512,512,262144,1.0,48.49,60.8,255,0,255,48.49,48.49,48.49,0
OCT,val,NORMAL,NORMAL-1605248-2.jpeg,512,512,262144,1.0,39.47,46.2,255,0,255,39.47,39.47,39.47,0
OCT,val,NORMAL,NORMAL-1605248-4.jpeg,512,512,262144,1.0,26.79,31.81,255,0,255,26.79,26.79,26.79,0
OCT,val,NORMAL,NORMAL-1606016-16.jpeg,512,512,262144,1.0,43.79,45.03,255,0,255,43.79,43.79,43.79,0
OCT,val,NORMAL,NORMAL-1606016-8.jpeg,512,512,262144,1.0,46.56,54.5,255,0,255,46.56,46.56,46.56,0
OCT,val,NORMAL,NORMAL-1608692-5.jpeg,512,512,262144,1.0,26.11,33.11,255,0,255,26.11,26.11,26.11,0
OCT,val,NORMAL,NORMAL-1610181-1.jpeg,512,512,262144,1.0,38.1,36.83,255,0,255,38.1,38.1,38.1,0
OCT,val,NORMAL,NORMAL-1610181-4.jpeg,512,512,262144,1.0,43.41,50.78,255,0,255,43.41,43.41,43.41,0
OCT,val,NORMAL,NORMAL-1610181-6.jpeg,512,512,262144,1.0,44.41,52.53,255,0,255,44.41,44.41,44.41,0
OCT,val,NORMAL,NORMAL-1610181-7.jpeg,512,512,262144,1.0,54.26,64.62,255,0,255,54.26,54.26,54.26,0
OCT,val,NORMAL,NORMAL-1610181-8.jpeg,512,512,262144,1.0,37.2,38.1,255,0,255,37.2,37.2,37.2,0
OCT,val,NORMAL,NORMAL-1610264-5.jpeg,512,512,262144,1.0,44.46,50.55,255,0,255,44.46,44.46,44.46,0
OCT,val,NORMAL,NORMAL-1611242-1.jpeg,512,512,262144,1.0,72.76,74.79,255,0,255,72.76,72.76,72.76,0
OCT,val,NORMAL,NORMAL-1614397-2.jpeg,512,512,262144,1.0,39.46,42.16,255,0,255,39.46,39.46,39.46,0
OCT,val,NORMAL,NORMAL-1614397-20.jpeg,512,512,262144,1.0,54.64,73.29,255,0,255,54.64,54.64,54.64,0
OCT,val,NORMAL,NORMAL-1614397-28.jpeg,512,512,262144,1.0,55.94,71.57,255,0,255,55.94,55.94,55.94,0
OCT,val,NORMAL,NORMAL-1614397-29.jpeg,512,512,262144,1.0,79.88,86.76,255,0,255,79.88,79.88,79.88,0
OCT,val,NORMAL,NORMAL-1619370-1.jpeg,512,512,262144,1.0,66.59,62.18,255,0,255,66.59,66.59,66.59,0
OCT,val,NORMAL,NORMAL-1622908-3.jpeg,512,512,262144,1.0,37.15,48.39,255,0,255,37.15,37.15,37.15,0
OCT,val,NORMAL,NORMAL-1622908-4.jpeg,512,512,262144,1.0,25.01,31.17,255,0,255,25.01,25.01,25.01,0
OCT,val,NORMAL,NORMAL-1627630-4.jpeg,512,512,262144,1.0,51.11,48.08,255,0,255,51.11,51.11,51.11,0
OCT,val,NORMAL,NORMAL-1628271-2.jpeg,512,512,262144,1.0,37.95,39.26,255,0,255,37.95,37.95,37.95,0
OCT,val,NORMAL,NORMAL-1628271-4.jpeg,512,512,262144,1.0,48.47,49.13,255,0,255,48.47,48.47,48.47,0
OCT,val,NORMAL,NORMAL-1632795-14.jpeg,512,512,262144,1.0,27.64,33.2,255,0,255,27.64,27.64,27.64,0
OCT,val,NORMAL,NORMAL-1632795-16.jpeg,512,512,262144,1.0,47.11,49.25,255,0,255,47.11,47.11,47.11,0
OCT,val,NORMAL,NORMAL-1632795-24.jpeg,512,512,262144,1.0,54.53,57.57,255,0,255,54.53,54.53,54.53,0
OCT,val,NORMAL,NORMAL-1632795-28.jpeg,512,512,262144,1.0,24.26,28.01,255,0,255,24.26,24.26,24.26,0
OCT,val,NORMAL,NORMAL-1632795-3.jpeg,512,512,262144,1.0,65.81,74.51,255,0,255,65.81,65.81,65.81,0
OCT,val,NORMAL,NORMAL-1632795-31.jpeg,512,512,262144,1.0,57.17,69.16,255,0,255,57.17,57.17,57.17,0
OCT,val,NORMAL,NORMAL-1638473-25.jpeg,512,512,262144,1.0,36.38,36.27,255,0,255,36.38,36.38,36.38,0
OCT,val,NORMAL,NORMAL-1649492-2.jpeg,512,512,262144,1.0,32.4,37.87,255,0,255,32.4,32.4,32.4,0
OCT,val,NORMAL,NORMAL-1649492-21.jpeg,512,512,262144,1.0,51.76,62.3,255,0,255,51.76,51.76,51.76,0
OCT,val,NORMAL,NORMAL-1649492-27.jpeg,512,512,262144,1.0,52.96,65.37,255,0,255,52.96,52.96,52.96,0
OCT,val,NORMAL,NORMAL-1649492-34.jpeg,512,512,262144,1.0,36.33,38.69,255,0,255,36.33,36.33,36.33,0
OCT,val,NORMAL,NORMAL-1649492-9.jpeg,512,512,262144,1.0,32.58,32.02,255,0,255,32.58,32.58,32.58,0
OCT,val,NORMAL,NORMAL-16497-1.jpeg,768,496,380928,1.548,34.47,41.91,255,0,255,34.47,34.47,34.47,0
OCT,val,NORMAL,NORMAL-16497-2.jpeg,512,496,253952,1.032,38.44,51.02,255,0,255,38.44,38.44,38.44,0
OCT,val,NORMAL,NORMAL-1649748-8.jpeg,512,512,262144,1.0,47.28,59.49,255,0,255,47.28,47.28,47.28,0
OCT,val,NORMAL,NORMAL-1650076-2.jpeg,512,512,262144,1.0,43.2,55.26,255,0,255,43.2,43.2,43.2,0
OCT,val,NORMAL,NORMAL-1656484-6.jpeg,512,512,262144,1.0,34.72,35.28,255,0,255,34.72,34.72,34.72,0
OCT,val,NORMAL,NORMAL-1659134-1.jpeg,512,512,262144,1.0,26.42,28.48,255,0,255,26.42,26.42,26.42,0
OCT,val,NORMAL,NORMAL-1663216-8.jpeg,512,512,262144,1.0,29.29,33.04,255,0,255,29.29,29.29,29.29,0
OCT,val,NORMAL,NORMAL-1663564-3.jpeg,512,512,262144,1.0,45.15,45.84,255,0,255,45.15,45.15,45.15,0
OCT,val,NORMAL,NORMAL-1665740-4.jpeg,512,512,262144,1.0,41.85,41.29,255,0,255,41.85,41.85,41.85,0
OCT,val,NORMAL,NORMAL-1675134-1.jpeg,512,512,262144,1.0,56.65,67.61,255,0,255,56.65,56.65,56.65,0
OCT,val,NORMAL,NORMAL-1680206-5.jpeg,512,512,262144,1.0,30.9,39.6,255,0,255,30.9,30.9,30.9,0
OCT,val,NORMAL,NORMAL-1686343-1.jpeg,512,512,262144,1.0,65.3,81.5,255,0,255,65.3,65.3,65.3,0
OCT,val,NORMAL,NORMAL-1688686-1.jpeg,512,512,262144,1.0,37.72,40.83,255,0,255,37.72,37.72,37.72,0
OCT,val,NORMAL,NORMAL-1688686-4.jpeg,512,512,262144,1.0,42.13,49.49,255,0,255,42.13,42.13,42.13,0
OCT,val,NORMAL,NORMAL-1688686-7.jpeg,512,512,262144,1.0,37.51,43.68,255,0,255,37.51,37.51,37.51,0
OCT,val,NORMAL,NORMAL-1688878-6.jpeg,512,512,262144,1.0,31.55,36.1,255,0,255,31.55,31.55,31.55,0
OCT,val,NORMAL,NORMAL-1692521-1.jpeg,512,512,262144,1.0,32.62,36.52,255,0,255,32.62,32.62,32.62,0
OCT,val,NORMAL,NORMAL-1695472-14.jpeg,512,512,262144,1.0,81.31,83.76,255,0,255,81.31,81.31,81.31,0
OCT,val,NORMAL,NORMAL-1695472-8.jpeg,512,512,262144,1.0,75.16,75.6,255,0,255,75.16,75.16,75.16,0
OCT,val,NORMAL,NORMAL-1696696-12.jpeg,512,512,262144,1.0,41.71,55.53,255,0,255,41.71,41.71,41.71,0
OCT,val,NORMAL,NORMAL-1696696-4.jpeg,512,512,262144,1.0,44.4,56.89,255,0,255,44.4,44.4,44.4,0
OCT,val,NORMAL,NORMAL-1696925-1.jpeg,512,512,262144,1.0,34.62,37.51,255,0,255,34.62,34.62,34.62,0
OCT,val,NORMAL,NORMAL-1697739-1.jpeg,512,512,262144,1.0,42.63,63.37,255,0,255,42.63,42.63,42.63,0
OCT,val,NORMAL,NORMAL-1697739-7.jpeg,512,512,262144,1.0,39.69,49.96,255,0,255,39.69,39.69,39.69,0
OCT,val,NORMAL,NORMAL-1699976-25.jpeg,512,512,262144,1.0,44.44,49.88,255,0,255,44.44,44.44,44.44,0
OCT,val,NORMAL,NORMAL-1699976-37.jpeg,512,512,262144,1.0,42.14,45.68,255,0,255,42.14,42.14,42.14,0
OCT,val,NORMAL,NORMAL-1702647-1.jpeg,512,512,262144,1.0,30.78,33.22,254,0,254,30.78,30.78,30.78,0
OCT,val,NORMAL,NORMAL-1706778-1.jpeg,512,512,262144,1.0,47.82,55.93,255,0,255,47.82,47.82,47.82,0
OCT,val,NORMAL,NORMAL-1706778-3.jpeg,512,512,262144,1.0,61.71,61.73,255,0,255,61.71,61.71,61.71,0
OCT,val,NORMAL,NORMAL-17079-1.jpeg,768,496,380928,1.548,37.67,41.87,255,0,255,37.67,37.67,37.67,0
OCT,val,NORMAL,NORMAL-1713031-7.jpeg,512,512,262144,1.0,106.98,97.07,255,0,255,106.98,106.98,106.98,0
OCT,val,NORMAL,NORMAL-1715545-1.jpeg,512,512,262144,1.0,27.68,30.71,255,0,255,27.68,27.68,27.68,0
OCT,val,NORMAL,NORMAL-172183-1.jpeg,512,512,262144,1.0,35.76,39.53,255,0,255,35.76,35.76,35.76,0
OCT,val,NORMAL,NORMAL-1724559-1.jpeg,512,512,262144,1.0,32.37,38.95,255,0,255,32.37,32.37,32.37,0
OCT,val,NORMAL,NORMAL-1724559-2.jpeg,512,512,262144,1.0,44.1,52.77,255,0,255,44.1,44.1,44.1,0
OCT,val,NORMAL,NORMAL-1725461-1.jpeg,512,512,262144,1.0,38.96,49.47,255,0,255,38.96,38.96,38.96,0
OCT,val,NORMAL,NORMAL-1725461-7.jpeg,512,512,262144,1.0,28.67,33.54,255,0,255,28.67,28.67,28.67,0
OCT,val,NORMAL,NORMAL-1725461-8.jpeg,512,512,262144,1.0,36.28,42.73,255,0,255,36.28,36.28,36.28,0
OCT,val,NORMAL,NORMAL-1726544-1.jpeg,512,512,262144,1.0,52.55,70.43,255,0,255,52.55,52.55,52.55,0
OCT,val,NORMAL,NORMAL-1726544-16.jpeg,512,512,262144,1.0,70.31,85.08,255,0,255,70.31,70.31,70.31,0
OCT,val,NORMAL,NORMAL-1726544-24.jpeg,512,512,262144,1.0,58.4,68.16,255,0,255,58.4,58.4,58.4,0
OCT,val,NORMAL,NORMAL-1726544-32.jpeg,512,512,262144,1.0,36.71,39.7,255,0,255,36.71,36.71,36.71,0
OCT,val,NORMAL,NORMAL-1726544-7.jpeg,512,512,262144,1.0,62.14,76.6,255,0,255,62.14,62.14,62.14,0
OCT,val,NORMAL,NORMAL-1726544-9.jpeg,512,512,262144,1.0,38.8,43.28,255,0,255,38.8,38.8,38.8,0
OCT,val,NORMAL,NORMAL-1739849-6.jpeg,512,512,262144,1.0,34.92,37.25,255,0,255,34.92,34.92,34.92,0
OCT,val,NORMAL,NORMAL-1742409-14.jpeg,512,512,262144,1.0,57.98,50.36,255,0,255,57.98,57.98,57.98,0
OCT,val,NORMAL,NORMAL-1743445-1.jpeg,512,512,262144,1.0,50.32,56.59,255,0,255,50.32,50.32,50.32,0
OCT,val,NORMAL,NORMAL-1746279-5.jpeg,512,512,262144,1.0,46.74,60.0,255,0,255,46.74,46.74,46.74,0
OCT,val,NORMAL,NORMAL-1746279-6.jpeg,512,512,262144,1.0,34.11,34.92,255,0,255,34.11,34.11,34.11,0
OCT,val,NORMAL,NORMAL-174632-1.jpeg,512,496,253952,1.032,64.49,77.09,255,0,255,64.49,64.49,64.49,0
OCT,val,NORMAL,NORMAL-174632-2.jpeg,768,496,380928,1.548,35.55,35.4,255,0,255,35.55,35.55,35.55,0
OCT,val,NORMAL,NORMAL-1746717-1.jpeg,512,496,253952,1.032,35.59,43.87,255,0,255,35.59,35.59,35.59,0
OCT,val,NORMAL,NORMAL-1746717-3.jpeg,512,512,262144,1.0,33.88,32.05,255,0,255,33.88,33.88,33.88,0
OCT,val,NORMAL,NORMAL-1753005-10.jpeg,768,496,380928,1.548,36.72,33.14,255,0,255,36.72,36.72,36.72,0
OCT,val,NORMAL,NORMAL-1753005-14.jpeg,512,496,253952,1.032,52.49,60.67,255,0,255,52.49,52.49,52.49,0
OCT,val,NORMAL,NORMAL-1753005-3.jpeg,512,512,262144,1.0,31.26,33.01,255,0,255,31.26,31.26,31.26,0
OCT,val,NORMAL,NORMAL-1758621-3.jpeg,1536,496,761856,3.097,33.96,37.66,255,0,255,33.96,33.96,33.96,0
OCT,val,NORMAL,NORMAL-1759350-1.jpeg,512,496,253952,1.032,61.22,64.16,255,0,255,61.22,61.22,61.22,0
OCT,val,NORMAL,NORMAL-1760955-3.jpeg,768,496,380928,1.548,31.98,33.57,255,0,255,31.98,31.98,31.98,0
OCT,val,NORMAL,NORMAL-1762706-2.jpeg,768,496,380928,1.548,42.99,37.43,255,0,255,42.99,42.99,42.99,0
OCT,val,NORMAL,NORMAL-1762706-3.jpeg,512,496,253952,1.032,52.61,56.42,255,0,255,52.61,52.61,52.61,0
OCT,val,NORMAL,NORMAL-1767347-12.jpeg,768,496,380928,1.548,39.39,42.35,255,0,255,39.39,39.39,39.39,0
OCT,val,NORMAL,NORMAL-1767347-18.jpeg,768,496,380928,1.548,44.77,41.68,255,0,255,44.77,44.77,44.77,0
OCT,val,NORMAL,NORMAL-1767347-20.jpeg,768,496,380928,1.548,32.23,35.79,255,0,255,32.23,32.23,32.23,0
OCT,val,NORMAL,NORMAL-1767347-21.jpeg,768,496,380928,1.548,32.61,36.12,255,0,255,32.61,32.61,32.61,0
OCT,val,NORMAL,NORMAL-1767347-23.jpeg,768,496,380928,1.548,38.45,36.21,255,0,255,38.45,38.45,38.45,0
OCT,val,NORMAL,NORMAL-1770115-5.jpeg,512,496,253952,1.032,88.51,85.54,255,0,255,88.51,88.51,88.51,0
OCT,val,NORMAL,NORMAL-1772436-1.jpeg,512,496,253952,1.032,67.46,76.21,255,0,255,67.46,67.46,67.46,0
OCT,val,NORMAL,NORMAL-1777532-10.jpeg,512,496,253952,1.032,67.04,67.96,255,0,255,67.04,67.04,67.04,0
OCT,val,NORMAL,NORMAL-1777532-5.jpeg,1536,496,761856,3.097,40.41,38.23,255,0,255,40.41,40.41,40.41,0
OCT,val,NORMAL,NORMAL-1781140-15.jpeg,512,512,262144,1.0,68.81,81.96,255,0,255,68.81,68.81,68.81,0
OCT,val,NORMAL,NORMAL-1781140-24.jpeg,512,512,262144,1.0,32.24,36.12,255,0,255,32.24,32.24,32.24,0
OCT,val,NORMAL,NORMAL-1781140-32.jpeg,512,512,262144,1.0,78.75,80.62,255,0,255,78.75,78.75,78.75,0
OCT,val,NORMAL,NORMAL-1781140-35.jpeg,512,512,262144,1.0,29.4,31.04,255,0,255,29.4,29.4,29.4,0
OCT,val,NORMAL,NORMAL-1781140-46.jpeg,512,512,262144,1.0,34.18,34.96,255,0,255,34.18,34.18,34.18,0
OCT,val,NORMAL,NORMAL-1781140-48.jpeg,512,512,262144,1.0,36.23,36.5,255,0,255,36.23,36.23,36.23,0
OCT,val,NORMAL,NORMAL-1781140-51.jpeg,512,512,262144,1.0,30.73,31.86,255,0,255,30.73,30.73,30.73,0
OCT,val,NORMAL,NORMAL-1781140-61.jpeg,512,512,262144,1.0,34.98,35.87,255,0,255,34.98,34.98,34.98,0
OCT,val,NORMAL,NORMAL-1784116-1.jpeg,512,496,253952,1.032,70.73,82.96,255,0,255,70.73,70.73,70.73,0
OCT,val,NORMAL,NORMAL-1784116-6.jpeg,512,496,253952,1.032,26.65,34.27,255,0,255,26.65,26.65,26.65,0
OCT,val,NORMAL,NORMAL-1784704-5.jpeg,512,496,253952,1.032,45.02,46.27,255,0,255,45.02,45.02,45.02,0
OCT,val,NORMAL,NORMAL-1786221-5.jpeg,512,496,253952,1.032,39.42,44.93,255,0,255,39.42,39.42,39.42,0
OCT,val,NORMAL,NORMAL-1795061-1.jpeg,512,496,253952,1.032,39.47,43.93,255,0,255,39.47,39.47,39.47,0
OCT,val,NORMAL,NORMAL-1797111-3.jpeg,768,496,380928,1.548,33.41,41.79,255,0,255,33.41,33.41,33.41,0
OCT,val,NORMAL,NORMAL-1798956-2.jpeg,512,496,253952,1.032,100.25,92.82,255,0,255,100.25,100.25,100.25,0
OCT,val,NORMAL,NORMAL-1798956-3.jpeg,512,512,262144,1.0,49.39,58.54,255,0,255,49.39,49.39,49.39,0
OCT,val,NORMAL,NORMAL-1798956-4.jpeg,768,496,380928,1.548,35.7,37.84,255,0,255,35.7,35.7,35.7,0
OCT,val,NORMAL,NORMAL-1798956-5.jpeg,512,512,262144,1.0,35.5,38.56,255,0,255,35.5,35.5,35.5,0
OCT,val,NORMAL,NORMAL-1808783-1.jpeg,512,496,253952,1.032,41.99,47.35,255,0,255,41.99,41.99,41.99,0
OCT,val,NORMAL,NORMAL-1808783-5.jpeg,512,496,253952,1.032,46.74,56.15,255,0,255,46.74,46.74,46.74,0
OCT,val,NORMAL,NORMAL-1811834-4.jpeg,512,496,253952,1.032,45.48,51.16,255,0,255,45.48,45.48,45.48,0
OCT,val,NORMAL,NORMAL-1811834-7.jpeg,768,496,380928,1.548,33.02,39.25,255,0,255,33.02,33.02,33.02,0
OCT,val,NORMAL,NORMAL-181241-1.jpeg,512,496,253952,1.032,81.54,91.87,255,0,255,81.54,81.54,81.54,0
OCT,val,NORMAL,NORMAL-1818047-1.jpeg,768,496,380928,1.548,35.92,36.07,255,0,255,35.92,35.92,35.92,0
OCT,val,NORMAL,NORMAL-1824581-5.jpeg,512,512,262144,1.0,83.17,76.6,255,0,255,83.17,83.17,83.17,0
OCT,val,NORMAL,NORMAL-1824581-6.jpeg,512,512,262144,1.0,35.7,39.75,255,0,255,35.7,35.7,35.7,0
OCT,val,NORMAL,NORMAL-1830383-1.jpeg,768,496,380928,1.548,33.99,37.84,255,0,255,33.99,33.99,33.99,0
OCT,val,NORMAL,NORMAL-1830383-3.jpeg,512,496,253952,1.032,41.56,39.92,255,0,255,41.56,41.56,41.56,0
OCT,val,NORMAL,NORMAL-1835697-1.jpeg,1536,496,761856,3.097,28.04,34.6,255,0,255,28.04,28.04,28.04,0
OCT,val,NORMAL,NORMAL-1837437-3.jpeg,768,496,380928,1.548,40.55,42.12,255,0,255,40.55,40.55,40.55,0
OCT,val,NORMAL,NORMAL-1837437-4.jpeg,512,496,253952,1.032,57.34,61.94,255,0,255,57.34,57.34,57.34,0
OCT,val,NORMAL,NORMAL-1838234-3.jpeg,512,496,253952,1.032,44.94,52.87,255,0,255,44.94,44.94,44.94,0
OCT,val,NORMAL,NORMAL-1840973-5.jpeg,768,496,380928,1.548,36.75,40.06,255,0,255,36.75,36.75,36.75,0
OCT,val,NORMAL,NORMAL-1847702-16.jpeg,512,496,253952,1.032,76.67,72.08,255,0,255,76.67,76.67,76.67,0
OCT,val,NORMAL,NORMAL-1848141-4.jpeg,512,496,253952,1.032,37.13,40.61,255,0,255,37.13,37.13,37.13,0
OCT,val,NORMAL,NORMAL-184900-3.jpeg,512,496,253952,1.032,50.24,43.91,255,0,255,50.24,50.24,50.24,0
OCT,val,NORMAL,NORMAL-184900-4.jpeg,768,496,380928,1.548,34.84,37.17,255,0,255,34.84,34.84,34.84,0
OCT,val,NORMAL,NORMAL-1849029-14.jpeg,512,512,262144,1.0,54.3,46.05,255,0,255,54.3,54.3,54.3,0
OCT,val,NORMAL,NORMAL-1849029-25.jpeg,512,512,262144,1.0,46.0,47.3,255,0,255,46.0,46.0,46.0,0
OCT,val,NORMAL,NORMAL-1855288-2.jpeg,512,496,253952,1.032,68.25,76.03,255,0,255,68.25,68.25,68.25,0
OCT,val,NORMAL,NORMAL-1855288-3.jpeg,512,496,253952,1.032,48.73,47.66,255,0,255,48.73,48.73,48.73,0
OCT,val,NORMAL,NORMAL-1855288-4.jpeg,768,496,380928,1.548,36.15,37.26,255,0,255,36.15,36.15,36.15,0
OCT,val,NORMAL,NORMAL-1858286-8.jpeg,768,496,380928,1.548,30.34,36.81,255,0,255,30.34,30.34,30.34,0
OCT,val,NORMAL,NORMAL-1860310-6.jpeg,512,496,253952,1.032,78.73,88.95,255,0,255,78.73,78.73,78.73,0
OCT,val,NORMAL,NORMAL-1860373-5.jpeg,512,496,253952,1.032,45.6,48.92,255,0,255,45.6,45.6,45.6,0
OCT,val,NORMAL,NORMAL-1863778-17.jpeg,512,496,253952,1.032,44.29,49.58,255,0,255,44.29,44.29,44.29,0
OCT,val,NORMAL,NORMAL-1863778-18.jpeg,768,496,380928,1.548,37.78,39.9,255,0,255,37.78,37.78,37.78,0
OCT,val,NORMAL,NORMAL-1863778-2.jpeg,768,496,380928,1.548,31.23,34.5,255,0,255,31.23,31.23,31.23,0
OCT,val,NORMAL,NORMAL-1872318-9.jpeg,768,496,380928,1.548,32.81,37.14,255,0,255,32.81,32.81,32.81,0
OCT,val,NORMAL,NORMAL-1884968-8.jpeg,512,512,262144,1.0,47.06,46.47,255,0,255,47.06,47.06,47.06,0
OCT,val,NORMAL,NORMAL-1888479-3.jpeg,512,496,253952,1.032,61.14,62.36,255,0,255,61.14,61.14,61.14,0
OCT,val,NORMAL,NORMAL-1888479-36.jpeg,512,496,253952,1.032,82.46,74.04,255,0,255,82.46,82.46,82.46,0
OCT,val,NORMAL,NORMAL-1888857-15.jpeg,512,496,253952,1.032,37.18,47.64,255,0,255,37.18,37.18,37.18,0
OCT,val,NORMAL,NORMAL-1888857-2.jpeg,512,496,253952,1.032,82.35,87.94,255,0,255,82.35,82.35,82.35,0
OCT,val,NORMAL,NORMAL-1888857-5.jpeg,512,496,253952,1.032,54.29,58.85,255,0,255,54.29,54.29,54.29,0
OCT,val,NORMAL,NORMAL-1888857-6.jpeg,768,496,380928,1.548,36.29,35.82,255,0,255,36.29,36.29,36.29,0
OCT,val,NORMAL,NORMAL-1894060-1.jpeg,768,496,380928,1.548,32.62,38.0,255,0,255,32.62,32.62,32.62,0
OCT,val,NORMAL,NORMAL-1894060-6.jpeg,512,496,253952,1.032,77.97,82.5,255,0,255,77.97,77.97,77.97,0
OCT,val,NORMAL,NORMAL-1897894-2.jpeg,512,496,253952,1.032,35.37,45.73,255,0,255,35.37,35.37,35.37,0
OCT,val,NORMAL,NORMAL-1898303-2.jpeg,512,496,253952,1.032,36.32,43.09,255,0,255,36.32,36.32,36.32,0
OCT,val,NORMAL,NORMAL-1904965-1.jpeg,512,496,253952,1.032,44.4,48.39,255,0,255,44.4,44.4,44.4,0
OCT,val,NORMAL,NORMAL-1906826-3.jpeg,512,496,253952,1.032,38.99,41.35,255,0,255,38.99,38.99,38.99,0
OCT,val,NORMAL,NORMAL-1906826-7.jpeg,768,496,380928,1.548,40.77,42.43,255,0,255,40.77,40.77,40.77,0
OCT,val,NORMAL,NORMAL-1907560-15.jpeg,512,512,262144,1.0,46.64,48.01,255,0,255,46.64,46.64,46.64,0
OCT,val,NORMAL,NORMAL-1907560-21.jpeg,512,512,262144,1.0,56.02,71.96,255,0,255,56.02,56.02,56.02,0
OCT,val,NORMAL,NORMAL-1907560-22.jpeg,512,512,262144,1.0,38.8,51.44,255,0,255,38.8,38.8,38.8,0
OCT,val,NORMAL,NORMAL-1907560-51.jpeg,512,512,262144,1.0,38.71,47.55,255,0,255,38.71,38.71,38.71,0
OCT,val,NORMAL,NORMAL-1907560-57.jpeg,512,512,262144,1.0,47.63,59.51,255,0,255,47.63,47.63,47.63,0
OCT,val,NORMAL,NORMAL-1907560-6.jpeg,768,496,380928,1.548,59.36,74.27,255,0,255,59.36,59.36,59.36,0
OCT,val,NORMAL,NORMAL-1907976-1.jpeg,768,496,380928,1.548,26.46,31.29,255,0,255,26.46,26.46,26.46,0
OCT,val,NORMAL,NORMAL-1908313-11.jpeg,1536,496,761856,3.097,57.5,75.44,255,0,255,57.5,57.5,57.5,0
OCT,val,NORMAL,NORMAL-1908313-17.jpeg,1536,496,761856,3.097,20.04,25.35,255,0,255,20.04,20.04,20.04,0
OCT,val,NORMAL,NORMAL-1909188-4.jpeg,768,496,380928,1.548,48.78,46.48,255,0,255,48.78,48.78,48.78,0
OCT,val,NORMAL,NORMAL-1923967-5.jpeg,768,496,380928,1.548,35.11,36.84,255,0,255,35.11,35.11,35.11,0
OCT,val,NORMAL,NORMAL-1924134-15.jpeg,512,496,253952,1.032,46.64,49.42,255,0,255,46.64,46.64,46.64,0
OCT,val,NORMAL,NORMAL-1924134-20.jpeg,512,496,253952,1.032,46.9,47.29,255,0,255,46.9,46.9,46.9,0
OCT,val,NORMAL,NORMAL-1924134-21.jpeg,768,496,380928,1.548,43.31,40.24,255,0,255,43.31,43.31,43.31,0
OCT,val,NORMAL,NORMAL-1924134-43.jpeg,512,496,253952,1.032,50.36,61.06,255,0,255,50.36,50.36,50.36,0
OCT,val,NORMAL,NORMAL-1924134-50.jpeg,512,496,253952,1.032,40.31,43.45,255,0,255,40.31,40.31,40.31,0
OCT,val,NORMAL,NORMAL-1924134-63.jpeg,768,496,380928,1.548,38.29,42.79,255,0,255,38.29,38.29,38.29,0
OCT,val,NORMAL,NORMAL-1924134-7.jpeg,512,496,253952,1.032,41.03,45.64,255,0,255,41.03,41.03,41.03,0
OCT,val,NORMAL,NORMAL-1925100-6.jpeg,512,496,253952,1.032,43.59,45.48,255,0,255,43.59,43.59,43.59,0
OCT,val,NORMAL,NORMAL-1925100-8.jpeg,512,496,253952,1.032,49.03,55.13,255,0,255,49.03,49.03,49.03,0
OCT,val,NORMAL,NORMAL-1926817-5.jpeg,1536,496,761856,3.097,28.46,30.68,255,0,255,28.46,28.46,28.46,0
OCT,val,NORMAL,NORMAL-1926817-6.jpeg,512,496,253952,1.032,49.53,50.96,255,0,255,49.53,49.53,49.53,0
OCT,val,NORMAL,NORMAL-1928367-4.jpeg,512,496,253952,1.032,46.13,41.29,255,0,255,46.13,46.13,46.13,0
OCT,val,NORMAL,NORMAL-1933805-3.jpeg,512,496,253952,1.032,53.25,43.9,255,0,255,53.25,53.25,53.25,0
OCT,val,NORMAL,NORMAL-1933996-1.jpeg,768,496,380928,1.548,34.86,39.15,255,0,255,34.86,34.86,34.86,0
OCT,val,NORMAL,NORMAL-1933996-2.jpeg,512,496,253952,1.032,48.09,54.4,255,0,255,48.09,48.09,48.09,0
OCT,val,NORMAL,NORMAL-1935332-1.jpeg,512,496,253952,1.032,56.78,50.84,255,0,255,56.78,56.78,56.78,0
OCT,val,NORMAL,NORMAL-1935627-1.jpeg,1536,496,761856,3.097,32.17,37.19,255,0,255,32.17,32.17,32.17,0
OCT,val,NORMAL,NORMAL-1935627-3.jpeg,512,496,253952,1.032,43.84,37.3,255,0,255,43.84,43.84,43.84,0
OCT,val,NORMAL,NORMAL-1939090-2.jpeg,768,496,380928,1.548,35.14,37.53,255,0,255,35.14,35.14,35.14,0
OCT,val,NORMAL,NORMAL-194489-11.jpeg,512,496,253952,1.032,54.45,62.87,255,0,255,54.45,54.45,54.45,0
OCT,val,NORMAL,NORMAL-194489-15.jpeg,1536,496,761856,3.097,28.68,34.85,255,0,255,28.68,28.68,28.68,0
OCT,val,NORMAL,NORMAL-194489-5.jpeg,768,496,380928,1.548,49.53,44.33,255,0,255,49.53,49.53,49.53,0
OCT,val,NORMAL,NORMAL-194489-6.jpeg,1536,496,761856,3.097,42.9,41.57,255,0,255,42.9,42.9,42.9,0
OCT,val,NORMAL,NORMAL-1949382-1.jpeg,768,496,380928,1.548,44.19,43.34,255,0,255,44.19,44.19,44.19,0
OCT,val,NORMAL,NORMAL-1949382-5.jpeg,512,496,253952,1.032,45.23,46.15,255,0,255,45.23,45.23,45.23,0
OCT,val,NORMAL,NORMAL-1952393-10.jpeg,512,496,253952,1.032,88.61,87.17,255,0,255,88.61,88.61,88.61,0
OCT,val,NORMAL,NORMAL-1952393-8.jpeg,1536,496,761856,3.097,33.54,32.59,255,0,255,33.54,33.54,33.54,0
OCT,val,NORMAL,NORMAL-1953448-3.jpeg,512,496,253952,1.032,36.93,46.14,255,0,255,36.93,36.93,36.93,0
OCT,val,NORMAL,NORMAL-1953757-4.jpeg,512,496,253952,1.032,47.96,54.24,255,0,255,47.96,47.96,47.96,0
OCT,val,NORMAL,NORMAL-1954069-12.jpeg,512,496,253952,1.032,48.44,52.78,255,0,255,48.44,48.44,48.44,0
OCT,val,NORMAL,NORMAL-1954069-19.jpeg,512,496,253952,1.032,74.96,82.79,255,0,255,74.96,74.96,74.96,0
OCT,val,NORMAL,NORMAL-1954069-20.jpeg,512,496,253952,1.032,69.2,78.85,255,0,255,69.2,69.2,69.2,0
OCT,val,NORMAL,NORMAL-1956664-6.jpeg,512,496,253952,1.032,46.7,45.52,255,0,255,46.7,46.7,46.7,0
OCT,val,NORMAL,NORMAL-1956956-6.jpeg,1536,496,761856,3.097,42.56,41.09,255,0,255,42.56,42.56,42.56,0
OCT,val,NORMAL,NORMAL-1959174-1.jpeg,768,496,380928,1.548,33.91,37.32,255,0,255,33.91,33.91,33.91,0
OCT,val,NORMAL,NORMAL-1959316-2.jpeg,1536,496,761856,3.097,44.04,41.76,255,0,255,44.04,44.04,44.04,0
OCT,val,NORMAL,NORMAL-1965944-10.jpeg,512,496,253952,1.032,53.91,69.49,255,0,255,53.91,53.91,53.91,0
OCT,val,NORMAL,NORMAL-1965944-8.jpeg,1536,496,761856,3.097,26.04,31.72,255,0,255,26.04,26.04,26.04,0
OCT,val,NORMAL,NORMAL-1965944-9.jpeg,1536,496,761856,3.097,28.06,35.6,255,0,255,28.06,28.06,28.06,0
OCT,val,NORMAL,NORMAL-1967242-2.jpeg,768,496,380928,1.548,32.76,34.77,255,0,255,32.76,32.76,32.76,0
OCT,val,NORMAL,NORMAL-1969511-2.jpeg,512,496,253952,1.032,41.74,43.0,255,0,255,41.74,41.74,41.74,0
OCT,val,NORMAL,NORMAL-1972919-3.jpeg,512,496,253952,1.032,40.38,45.24,255,0,255,40.38,40.38,40.38,0
OCT,val,NORMAL,NORMAL-1975249-10.jpeg,768,496,380928,1.548,25.05,25.66,255,0,255,25.05,25.05,25.05,0
OCT,val,NORMAL,NORMAL-1975249-13.jpeg,512,496,253952,1.032,54.76,62.63,255,0,255,54.76,54.76,54.76,0
OCT,val,NORMAL,NORMAL-1981158-1.jpeg,512,496,253952,1.032,47.69,46.08,255,0,255,47.69,47.69,47.69,0
OCT,val,NORMAL,NORMAL-1981594-6.jpeg,512,496,253952,1.032,35.82,38.26,255,0,255,35.82,35.82,35.82,0
OCT,val,NORMAL,NORMAL-1983247-6.jpeg,512,496,253952,1.032,55.45,45.73,255,0,255,55.45,55.45,55.45,0
OCT,val,NORMAL,NORMAL-1983894-1.jpeg,512,496,253952,1.032,34.97,43.11,255,0,255,34.97,34.97,34.97,0
OCT,val,NORMAL,NORMAL-1983894-5.jpeg,768,496,380928,1.548,39.3,40.51,255,0,255,39.3,39.3,39.3,0
OCT,val,NORMAL,NORMAL-1986589-2.jpeg,512,512,262144,1.0,28.66,34.47,255,0,255,28.66,28.66,28.66,0
OCT,val,NORMAL,NORMAL-198660-10.jpeg,512,512,262144,1.0,42.02,50.03,255,0,255,42.02,42.02,42.02,0
OCT,val,NORMAL,NORMAL-198660-16.jpeg,512,512,262144,1.0,48.52,61.91,255,0,255,48.52,48.52,48.52,0
OCT,val,NORMAL,NORMAL-1988065-2.jpeg,512,496,253952,1.032,39.12,41.84,255,0,255,39.12,39.12,39.12,0
OCT,val,NORMAL,NORMAL-1988065-3.jpeg,512,496,253952,1.032,41.35,52.63,255,0,255,41.35,41.35,41.35,0
OCT,val,NORMAL,NORMAL-1988065-6.jpeg,768,496,380928,1.548,44.01,38.18,255,0,255,44.01,44.01,44.01,0
OCT,val,NORMAL,NORMAL-1989796-13.jpeg,1536,496,761856,3.097,36.13,35.12,255,0,255,36.13,36.13,36.13,0
OCT,val,NORMAL,NORMAL-1989796-17.jpeg,512,496,253952,1.032,57.07,54.75,255,0,255,57.07,57.07,57.07,0
OCT,val,NORMAL,NORMAL-1991329-3.jpeg,512,512,262144,1.0,66.8,61.58,255,0,255,66.8,66.8,66.8,0
OCT,val,NORMAL,NORMAL-1991329-8.jpeg,512,512,262144,1.0,59.47,68.05,255,0,255,59.47,59.47,59.47,0
OCT,val,NORMAL,NORMAL-1993095-1.jpeg,768,496,380928,1.548,32.29,36.25,255,0,255,32.29,32.29,32.29,0
OCT,val,NORMAL,NORMAL-1993095-5.jpeg,768,496,380928,1.548,38.91,41.88,255,0,255,38.91,38.91,38.91,0
OCT,val,NORMAL,NORMAL-1999796-10.jpeg,1536,496,761856,3.097,40.7,39.84,255,0,255,40.7,40.7,40.7,0
OCT,val,NORMAL,NORMAL-1999796-13.jpeg,512,496,253952,1.032,48.72,41.53,255,0,255,48.72,48.72,48.72,0
OCT,val,NORMAL,NORMAL-1999796-5.jpeg,1536,496,761856,3.097,31.05,34.99,255,0,255,31.05,31.05,31.05,0
OCT,val,NORMAL,NORMAL-2000556-1.jpeg,768,496,380928,1.548,31.77,38.74,255,0,255,31.77,31.77,31.77,0
OCT,val,NORMAL,NORMAL-2003927-1.jpeg,768,496,380928,1.548,24.29,29.98,255,0,255,24.29,24.29,24.29,0
OCT,val,NORMAL,NORMAL-2003927-3.jpeg,512,496,253952,1.032,39.46,49.39,255,0,255,39.46,39.46,39.46,0
OCT,val,NORMAL,NORMAL-2010714-2.jpeg,1536,496,761856,3.097,29.98,35.9,255,0,255,29.98,29.98,29.98,0
OCT,val,NORMAL,NORMAL-2017309-2.jpeg,512,512,262144,1.0,27.37,36.46,255,0,255,27.37,27.37,27.37,0
OCT,val,NORMAL,NORMAL-2017309-9.jpeg,512,512,262144,1.0,51.14,63.39,255,0,255,51.14,51.14,51.14,0
OCT,val,NORMAL,NORMAL-2018712-6.jpeg,512,512,262144,1.0,33.78,37.85,255,0,255,33.78,33.78,33.78,0
OCT,val,NORMAL,NORMAL-2018712-9.jpeg,512,512,262144,1.0,28.17,33.7,255,0,255,28.17,28.17,28.17,0
OCT,val,NORMAL,NORMAL-2019423-15.jpeg,1536,496,761856,3.097,30.15,34.96,255,0,255,30.15,30.15,30.15,0
OCT,val,NORMAL,NORMAL-2026176-1.jpeg,512,512,262144,1.0,44.43,42.98,255,0,255,44.43,44.43,44.43,0
OCT,val,NORMAL,NORMAL-2026176-12.jpeg,512,512,262144,1.0,60.87,57.3,255,0,255,60.87,60.87,60.87,0
OCT,val,NORMAL,NORMAL-2026176-3.jpeg,512,512,262144,1.0,37.6,36.91,255,0,255,37.6,37.6,37.6,0
OCT,val,NORMAL,NORMAL-2028068-4.jpeg,1536,496,761856,3.097,42.35,39.87,255,0,255,42.35,42.35,42.35,0
OCT,val,NORMAL,NORMAL-2029828-2.jpeg,768,496,380928,1.548,33.91,37.04,255,0,255,33.91,33.91,33.91,0
OCT,val,NORMAL,NORMAL-2029828-5.jpeg,512,496,253952,1.032,41.84,50.19,255,0,255,41.84,41.84,41.84,0
OCT,val,NORMAL,NORMAL-2033197-2.jpeg,512,496,253952,1.032,41.2,47.52,255,0,255,41.2,41.2,41.2,0
OCT,val,NORMAL,NORMAL-203337-2.jpeg,1536,496,761856,3.097,33.38,37.04,255,0,255,33.38,33.38,33.38,0
OCT,val,NORMAL,NORMAL-203337-6.jpeg,768,496,380928,1.548,40.27,39.34,255,0,255,40.27,40.27,40.27,0
OCT,val,NORMAL,NORMAL-2040962-1.jpeg,512,512,262144,1.0,56.92,57.99,255,0,255,56.92,56.92,56.92,0
OCT,val,NORMAL,NORMAL-2052741-4.jpeg,512,496,253952,1.032,38.94,49.79,255,0,255,38.94,38.94,38.94,0
OCT,val,NORMAL,NORMAL-2052750-1.jpeg,768,496,380928,1.548,37.3,39.62,255,0,255,37.3,37.3,37.3,0
OCT,val,NORMAL,NORMAL-2055634-14.jpeg,1536,496,761856,3.097,26.75,30.15,255,0,255,26.75,26.75,26.75,0
OCT,val,NORMAL,NORMAL-2055634-5.jpeg,512,496,253952,1.032,68.43,76.81,255,0,255,68.43,68.43,68.43,0
OCT,val,NORMAL,NORMAL-2057504-3.jpeg,512,496,253952,1.032,43.39,56.01,255,0,255,43.39,43.39,43.39,0
OCT,val,NORMAL,NORMAL-2059296-1.jpeg,768,496,380928,1.548,26.56,31.89,255,0,255,26.56,26.56,26.56,0
OCT,val,NORMAL,NORMAL-2059629-6.jpeg,768,496,380928,1.548,33.6,38.21,255,0,255,33.6,33.6,33.6,0
OCT,val,NORMAL,NORMAL-2062054-4.jpeg,512,496,253952,1.032,71.57,69.4,255,0,255,71.57,71.57,71.57,0
OCT,val,NORMAL,NORMAL-2063196-1.jpeg,512,512,262144,1.0,38.31,39.7,255,0,255,38.31,38.31,38.31,0
OCT,val,NORMAL,NORMAL-2063196-5.jpeg,768,496,380928,1.548,33.54,35.98,255,0,255,33.54,33.54,33.54,0
OCT,val,NORMAL,NORMAL-2065482-2.jpeg,1536,496,761856,3.097,35.04,34.04,255,0,255,35.04,35.04,35.04,0
OCT,val,NORMAL,NORMAL-2065977-7.jpeg,768,496,380928,1.548,29.62,31.51,255,0,255,29.62,29.62,29.62,0
OCT,val,NORMAL,NORMAL-2072131-3.jpeg,512,496,253952,1.032,49.41,69.88,255,0,255,49.41,49.41,49.41,0
OCT,val,NORMAL,NORMAL-2075832-1.jpeg,512,496,253952,1.032,52.01,68.65,255,0,255,52.01,52.01,52.01,0
OCT,val,NORMAL,NORMAL-2075832-5.jpeg,512,496,253952,1.032,57.12,67.6,255,0,255,57.12,57.12,57.12,0
OCT,val,NORMAL,NORMAL-2081697-4.jpeg,512,496,253952,1.032,67.23,71.13,255,0,255,67.23,67.23,67.23,0
OCT,val,NORMAL,NORMAL-2082689-16.jpeg,512,496,253952,1.032,45.15,43.68,255,0,255,45.15,45.15,45.15,0
OCT,val,NORMAL,NORMAL-2082689-23.jpeg,1536,496,761856,3.097,31.76,34.82,255,0,255,31.76,31.76,31.76,0
OCT,val,NORMAL,NORMAL-2082689-26.jpeg,512,496,253952,1.032,40.68,40.53,255,0,255,40.68,40.68,40.68,0
OCT,val,NORMAL,NORMAL-2082689-37.jpeg,512,496,253952,1.032,46.72,54.7,255,0,255,46.72,46.72,46.72,0
OCT,val,NORMAL,NORMAL-2082689-43.jpeg,512,496,253952,1.032,52.98,52.87,255,0,255,52.98,52.98,52.98,0
OCT,val,NORMAL,NORMAL-2088948-5.jpeg,512,496,253952,1.032,45.24,46.2,255,0,255,45.24,45.24,45.24,0
OCT,val,NORMAL,NORMAL-2095488-4.jpeg,512,496,253952,1.032,26.32,32.44,255,0,255,26.32,26.32,26.32,0
OCT,val,NORMAL,NORMAL-2095488-9.jpeg,512,496,253952,1.032,44.77,52.53,255,0,255,44.77,44.77,44.77,0
OCT,val,NORMAL,NORMAL-2095710-1.jpeg,1536,496,761856,3.097,49.82,44.93,255,0,255,49.82,49.82,49.82,0
OCT,val,NORMAL,NORMAL-2095710-12.jpeg,768,496,380928,1.548,30.74,34.4,255,0,255,30.74,30.74,30.74,0
OCT,val,NORMAL,NORMAL-2095710-5.jpeg,512,512,262144,1.0,37.06,38.58,255,0,255,37.06,37.06,37.06,0
OCT,val,NORMAL,NORMAL-2095710-9.jpeg,512,512,262144,1.0,53.41,52.52,255,0,255,53.41,53.41,53.41,0
OCT,val,NORMAL,NORMAL-2098835-2.jpeg,512,496,253952,1.032,51.33,68.0,255,0,255,51.33,51.33,51.33,0
OCT,val,NORMAL,NORMAL-2098835-5.jpeg,512,496,253952,1.032,54.35,54.49,255,0,255,54.35,54.35,54.35,0
OCT,val,NORMAL,NORMAL-2098835-6.jpeg,768,496,380928,1.548,35.98,37.66,255,0,255,35.98,35.98,35.98,0
OCT,val,NORMAL,NORMAL-2098849-4.jpeg,512,496,253952,1.032,45.27,58.95,255,0,255,45.27,45.27,45.27,0
OCT,val,NORMAL,NORMAL-2105194-22.jpeg,512,496,253952,1.032,42.76,50.39,255,0,255,42.76,42.76,42.76,0
OCT,val,NORMAL,NORMAL-2105194-35.jpeg,512,496,253952,1.032,51.08,48.1,255,0,255,51.08,51.08,51.08,0
OCT,val,NORMAL,NORMAL-2105194-36.jpeg,1536,496,761856,3.097,33.47,37.65,255,0,255,33.47,33.47,33.47,0
OCT,val,NORMAL,NORMAL-2105194-43.jpeg,512,496,253952,1.032,57.22,48.67,255,0,255,57.22,57.22,57.22,0
OCT,val,NORMAL,NORMAL-2105194-44.jpeg,512,496,253952,1.032,53.83,46.03,255,0,255,53.83,53.83,53.83,0
OCT,val,NORMAL,NORMAL-2105194-5.jpeg,512,496,253952,1.032,47.01,47.46,255,0,255,47.01,47.01,47.01,0
OCT,val,NORMAL,NORMAL-2105194-54.jpeg,768,496,380928,1.548,35.1,36.6,255,0,255,35.1,35.1,35.1,0
OCT,val,NORMAL,NORMAL-2106160-2.jpeg,512,496,253952,1.032,46.47,46.81,255,0,255,46.47,46.47,46.47,0
OCT,val,NORMAL,NORMAL-2109800-1.jpeg,512,496,253952,1.032,72.41,60.94,255,0,255,72.41,72.41,72.41,0
OCT,val,NORMAL,NORMAL-2109800-3.jpeg,768,496,380928,1.548,30.77,36.77,255,0,255,30.77,30.77,30.77,0
OCT,val,NORMAL,NORMAL-2112957-2.jpeg,1536,496,761856,3.097,34.47,37.07,255,0,255,34.47,34.47,34.47,0
OCT,val,NORMAL,NORMAL-2113822-10.jpeg,768,496,380928,1.548,43.52,50.81,255,0,255,43.52,43.52,43.52,0
OCT,val,NORMAL,NORMAL-2113822-3.jpeg,768,496,380928,1.548,63.49,78.91,255,0,255,63.49,63.49,63.49,0
OCT,val,NORMAL,NORMAL-2114562-4.jpeg,768,496,380928,1.548,31.0,36.95,255,0,255,31.0,31.0,31.0,0
OCT,val,NORMAL,NORMAL-2116022-2.jpeg,512,512,262144,1.0,45.36,56.47,255,0,255,45.36,45.36,45.36,0
OCT,val,NORMAL,NORMAL-2116022-6.jpeg,512,512,262144,1.0,46.9,49.23,255,0,255,46.9,46.9,46.9,0
OCT,val,NORMAL,NORMAL-2116022-9.jpeg,512,512,262144,1.0,48.86,62.26,255,0,255,48.86,48.86,48.86,0
OCT,val,NORMAL,NORMAL-2120559-21.jpeg,1536,496,761856,3.097,33.75,37.99,255,0,255,33.75,33.75,33.75,0
OCT,val,NORMAL,NORMAL-2120559-3.jpeg,512,496,253952,1.032,37.35,53.41,255,0,255,37.35,37.35,37.35,0
OCT,val,NORMAL,NORMAL-2120559-4.jpeg,1536,496,761856,3.097,32.92,37.58,255,0,255,32.92,32.92,32.92,0
OCT,val,NORMAL,NORMAL-2125999-3.jpeg,768,496,380928,1.548,40.51,40.64,255,0,255,40.51,40.51,40.51,0
OCT,val,NORMAL,NORMAL-2126962-11.jpeg,1536,496,761856,3.097,32.25,32.3,255,0,255,32.25,32.25,32.25,0
OCT,val,NORMAL,NORMAL-2126962-6.jpeg,512,496,253952,1.032,45.76,41.8,255,0,255,45.76,45.76,45.76,0
OCT,val,NORMAL,NORMAL-2131138-14.jpeg,512,496,253952,1.032,59.58,73.57,255,0,255,59.58,59.58,59.58,0
OCT,val,NORMAL,NORMAL-2131138-7.jpeg,512,496,253952,1.032,44.57,46.5,255,0,255,44.57,44.57,44.57,0
OCT,val,NORMAL,NORMAL-2132245-1.jpeg,1536,496,761856,3.097,27.58,35.63,255,0,255,27.58,27.58,27.58,0
OCT,val,NORMAL,NORMAL-2132305-2.jpeg,1536,496,761856,3.097,33.47,34.19,255,0,255,33.47,33.47,33.47,0
OCT,val,NORMAL,NORMAL-2132305-8.jpeg,512,496,253952,1.032,56.03,56.45,255,0,255,56.03,56.03,56.03,0
OCT,val,NORMAL,NORMAL-2132394-2.jpeg,512,496,253952,1.032,36.75,47.65,255,0,255,36.75,36.75,36.75,0
OCT,val,NORMAL,NORMAL-2132394-3.jpeg,512,496,253952,1.032,38.84,45.95,255,0,255,38.84,38.84,38.84,0
OCT,val,NORMAL,NORMAL-2137983-1.jpeg,1536,496,761856,3.097,29.35,34.79,255,0,255,29.35,29.35,29.35,0
OCT,val,NORMAL,NORMAL-2137983-15.jpeg,512,496,253952,1.032,44.64,54.47,255,0,255,44.64,44.64,44.64,0
OCT,val,NORMAL,NORMAL-2137983-5.jpeg,512,496,253952,1.032,42.88,39.09,255,0,255,42.88,42.88,42.88,0
OCT,val,NORMAL,NORMAL-2140919-3.jpeg,768,496,380928,1.548,38.01,38.51,255,0,255,38.01,38.01,38.01,0
OCT,val,NORMAL,NORMAL-2143957-12.jpeg,512,496,253952,1.032,48.08,49.34,255,0,255,48.08,48.08,48.08,0
OCT,val,NORMAL,NORMAL-2143957-5.jpeg,512,496,253952,1.032,43.6,45.51,255,0,255,43.6,43.6,43.6,0
OCT,val,NORMAL,NORMAL-2147087-2.jpeg,1536,496,761856,3.097,35.1,40.2,255,0,255,35.1,35.1,35.1,0
OCT,val,NORMAL,NORMAL-2147416-7.jpeg,768,496,380928,1.548,29.14,32.28,255,0,255,29.14,29.14,29.14,0
OCT,val,NORMAL,NORMAL-2147638-1.jpeg,768,496,380928,1.548,27.6,27.67,255,0,255,27.6,27.6,27.6,0
OCT,val,NORMAL,NORMAL-2147638-2.jpeg,512,496,253952,1.032,50.18,54.14,255,0,255,50.18,50.18,50.18,0
OCT,val,NORMAL,NORMAL-2147638-3.jpeg,512,496,253952,1.032,47.28,50.72,255,0,255,47.28,47.28,47.28,0
OCT,val,NORMAL,NORMAL-2147638-5.jpeg,512,496,253952,1.032,50.76,56.74,255,0,255,50.76,50.76,50.76,0
OCT,val,NORMAL,NORMAL-2147638-7.jpeg,768,496,380928,1.548,41.1,42.09,255,0,255,41.1,41.1,41.1,0
OCT,val,NORMAL,NORMAL-2154509-1.jpeg,768,496,380928,1.548,40.01,42.12,255,0,255,40.01,40.01,40.01,0
OCT,val,NORMAL,NORMAL-2155375-1.jpeg,1536,496,761856,3.097,33.25,38.59,255,0,255,33.25,33.25,33.25,0
OCT,val,NORMAL,NORMAL-2155375-6.jpeg,768,496,380928,1.548,40.17,39.87,255,0,255,40.17,40.17,40.17,0
OCT,val,NORMAL,NORMAL-2164357-4.jpeg,512,496,253952,1.032,46.43,58.52,255,0,255,46.43,46.43,46.43,0
OCT,val,NORMAL,NORMAL-2164357-7.jpeg,768,496,380928,1.548,30.73,36.07,255,0,255,30.73,30.73,30.73,0
OCT,val,NORMAL,NORMAL-2167295-2.jpeg,768,496,380928,1.548,23.56,27.51,255,0,255,23.56,23.56,23.56,0
OCT,val,NORMAL,NORMAL-216788-4.jpeg,768,496,380928,1.548,28.01,32.44,255,0,255,28.01,28.01,28.01,0
OCT,val,NORMAL,NORMAL-2168793-4.jpeg,512,512,262144,1.0,45.95,43.39,255,0,255,45.95,45.95,45.95,0
OCT,val,NORMAL,NORMAL-2171869-6.jpeg,768,496,380928,1.548,26.14,28.8,255,0,255,26.14,26.14,26.14,0
OCT,val,NORMAL,NORMAL-2174750-1.jpeg,768,496,380928,1.548,36.77,38.54,255,0,255,36.77,36.77,36.77,0
OCT,val,NORMAL,NORMAL-2174750-6.jpeg,768,496,380928,1.548,33.83,37.88,255,0,255,33.83,33.83,33.83,0
OCT,test,CNV,CNV-1016042-118.jpeg,512,496,253952,1.032,50.16,55.72,255,0,255,50.16,50.16,50.16,0
OCT,test,CNV,CNV-1016042-124.jpeg,1536,496,761856,3.097,27.59,30.41,255,0,255,27.59,27.59,27.59,0
OCT,test,CNV,CNV-1016042-13.jpeg,768,496,380928,1.548,40.23,41.86,255,0,255,40.23,40.23,40.23,0
OCT,test,CNV,CNV-1016042-136.jpeg,768,496,380928,1.548,68.09,84.15,255,0,255,68.09,68.09,68.09,0
OCT,test,CNV,CNV-1016042-16.jpeg,768,496,380928,1.548,35.06,36.25,255,0,255,35.06,35.06,35.06,0
OCT,test,CNV,CNV-1016042-162.jpeg,768,496,380928,1.548,39.86,43.68,255,0,255,39.86,39.86,39.86,0
OCT,test,CNV,CNV-1016042-201.jpeg,768,496,380928,1.548,46.2,44.94,255,0,255,46.2,46.2,46.2,0
OCT,test,CNV,CNV-1016042-34.jpeg,768,496,380928,1.548,42.05,44.15,255,0,255,42.05,42.05,42.05,0
OCT,test,CNV,CNV-1016042-4.jpeg,512,496,253952,1.032,40.13,43.65,255,0,255,40.13,40.13,40.13,0
OCT,test,CNV,CNV-1016042-49.jpeg,768,496,380928,1.548,32.45,35.17,255,0,255,32.45,32.45,32.45,0
OCT,test,CNV,CNV-1016042-68.jpeg,768,496,380928,1.548,33.74,35.63,255,0,255,33.74,33.74,33.74,0
OCT,test,CNV,CNV-1016042-93.jpeg,1536,496,761856,3.097,35.07,38.9,255,0,255,35.07,35.07,35.07,0
OCT,test,CNV,CNV-103044-102.jpeg,512,496,253952,1.032,59.84,49.93,255,0,255,59.84,59.84,59.84,0
OCT,test,CNV,CNV-103044-11.jpeg,512,496,253952,1.032,55.58,63.57,255,0,255,55.58,55.58,55.58,0
OCT,test,CNV,CNV-103044-114.jpeg,512,496,253952,1.032,66.14,65.85,255,0,255,66.14,66.14,66.14,0
OCT,test,CNV,CNV-103044-13.jpeg,512,496,253952,1.032,59.99,67.84,255,0,255,59.99,59.99,59.99,0
OCT,test,CNV,CNV-103044-144.jpeg,1536,496,761856,3.097,28.4,29.87,255,0,255,28.4,28.4,28.4,0
OCT,test,CNV,CNV-103044-156.jpeg,512,496,253952,1.032,46.93,49.55,255,0,255,46.93,46.93,46.93,0
OCT,test,CNV,CNV-103044-166.jpeg,768,496,380928,1.548,25.02,27.28,255,0,255,25.02,25.02,25.02,0
OCT,test,CNV,CNV-103044-180.jpeg,768,496,380928,1.548,33.36,33.55,255,0,255,33.36,33.36,33.36,0
OCT,test,CNV,CNV-103044-182.jpeg,768,496,380928,1.548,40.22,38.84,255,0,255,40.22,40.22,40.22,0
OCT,test,CNV,CNV-103044-200.jpeg,768,496,380928,1.548,35.11,36.53,255,0,255,35.11,35.11,35.11,0
OCT,test,CNV,CNV-103044-21.jpeg,512,496,253952,1.032,48.98,53.71,255,0,255,48.98,48.98,48.98,0
OCT,test,CNV,CNV-103044-24.jpeg,512,496,253952,1.032,42.94,46.48,255,0,255,42.94,42.94,42.94,0
OCT,test,CNV,CNV-103044-30.jpeg,768,496,380928,1.548,36.5,37.16,255,0,255,36.5,36.5,36.5,0
OCT,test,CNV,CNV-103044-36.jpeg,768,496,380928,1.548,32.01,33.23,255,0,255,32.01,32.01,32.01,0
OCT,test,CNV,CNV-103044-43.jpeg,512,496,253952,1.032,70.13,54.88,255,0,255,70.13,70.13,70.13,0
OCT,test,CNV,CNV-103044-45.jpeg,512,496,253952,1.032,68.78,53.38,255,0,255,68.78,68.78,68.78,0
OCT,test,CNV,CNV-103044-49.jpeg,768,496,380928,1.548,35.79,35.9,255,0,255,35.79,35.79,35.79,0
OCT,test,CNV,CNV-103044-55.jpeg,768,496,380928,1.548,33.04,42.23,255,0,255,33.04,33.04,33.04,0
OCT,test,CNV,CNV-103044-58.jpeg,512,496,253952,1.032,40.63,44.07,255,0,255,40.63,40.63,40.63,0
OCT,test,CNV,CNV-103044-60.jpeg,512,496,253952,1.032,67.54,67.13,255,0,255,67.54,67.54,67.54,0
OCT,test,CNV,CNV-103044-61.jpeg,512,496,253952,1.032,66.41,67.17,255,0,255,66.41,66.41,66.41,0
OCT,test,CNV,CNV-103044-64.jpeg,768,496,380928,1.548,49.03,46.15,255,0,255,49.03,49.03,49.03,0
OCT,test,CNV,CNV-103044-65.jpeg,512,496,253952,1.032,69.97,71.21,255,0,255,69.97,69.97,69.97,0
OCT,test,CNV,CNV-103044-78.jpeg,512,496,253952,1.032,52.78,59.19,255,0,255,52.78,52.78,52.78,0
OCT,test,CNV,CNV-1068273-2.jpeg,768,496,380928,1.548,29.66,30.14,255,0,255,29.66,29.66,29.66,0
OCT,test,CNV,CNV-1068273-3.jpeg,512,496,253952,1.032,47.16,50.63,255,0,255,47.16,47.16,47.16,0
OCT,test,CNV,CNV-1068273-5.jpeg,512,496,253952,1.032,41.14,43.73,255,0,255,41.14,41.14,41.14,0
OCT,test,CNV,CNV-1068273-6.jpeg,768,496,380928,1.548,42.39,38.0,255,0,255,42.39,42.39,42.39,0
OCT,test,CNV,CNV-1072411-1.jpeg,1536,496,761856,3.097,31.49,34.04,255,0,255,31.49,31.49,31.49,0
OCT,test,CNV,CNV-1072411-10.jpeg,512,496,253952,1.032,66.52,81.88,255,0,255,66.52,66.52,66.52,0
OCT,test,CNV,CNV-1072411-12.jpeg,512,496,253952,1.032,73.61,86.66,255,0,255,73.61,73.61,73.61,0
OCT,test,CNV,CNV-1072411-14.jpeg,512,496,253952,1.032,71.3,77.82,255,0,255,71.3,71.3,71.3,0
OCT,test,CNV,CNV-1072411-2.jpeg,768,496,380928,1.548,30.37,32.18,255,0,255,30.37,30.37,30.37,0
OCT,test,CNV,CNV-1072411-3.jpeg,768,496,380928,1.548,36.59,40.99,255,0,255,36.59,36.59,36.59,0
OCT,test,CNV,CNV-1072411-4.jpeg,768,496,380928,1.548,31.77,35.61,255,0,255,31.77,31.77,31.77,0
OCT,test,CNV,CNV-1072411-5.jpeg,512,496,253952,1.032,69.92,72.14,255,0,255,69.92,69.92,69.92,0
OCT,test,CNV,CNV-1072411-7.jpeg,512,496,253952,1.032,75.52,75.92,255,0,255,75.52,75.52,75.52,0
OCT,test,CNV,CNV-1072411-8.jpeg,1536,496,761856,3.097,22.4,28.21,255,0,255,22.4,22.4,22.4,0
OCT,test,CNV,CNV-1077513-5.jpeg,768,496,380928,1.548,41.15,35.03,255,0,255,41.15,41.15,41.15,0
OCT,test,CNV,CNV-1083927-10.jpeg,512,496,253952,1.032,76.39,63.67,255,0,255,76.39,76.39,76.39,0
OCT,test,CNV,CNV-1083927-11.jpeg,512,496,253952,1.032,59.31,52.61,255,0,255,59.31,59.31,59.31,0
OCT,test,CNV,CNV-1083927-117.jpeg,1536,496,761856,3.097,38.23,35.88,255,0,255,38.23,38.23,38.23,0
OCT,test,CNV,CNV-1083927-118.jpeg,1536,496,761856,3.097,40.81,37.75,255,0,255,40.81,40.81,40.81,0
OCT,test,CNV,CNV-1083927-119.jpeg,1536,496,761856,3.097,38.45,34.94,255,0,255,38.45,38.45,38.45,0
OCT,test,CNV,CNV-1083927-120.jpeg,512,496,253952,1.032,69.77,54.49,255,0,255,69.77,69.77,69.77,0
OCT,test,CNV,CNV-1083927-139.jpeg,1536,496,761856,3.097,32.96,34.74,255,0,255,32.96,32.96,32.96,0
OCT,test,CNV,CNV-1083927-149.jpeg,1536,496,761856,3.097,40.59,37.12,255,0,255,40.59,40.59,40.59,0
OCT,test,CNV,CNV-1083927-150.jpeg,512,496,253952,1.032,66.02,64.23,255,0,255,66.02,66.02,66.02,0
OCT,test,CNV,CNV-1083927-155.jpeg,512,496,253952,1.032,80.64,64.89,255,0,255,80.64,80.64,80.64,0
OCT,test,CNV,CNV-1083927-16.jpeg,512,496,253952,1.032,113.6,83.17,255,0,255,113.6,113.6,113.6,0
OCT,test,CNV,CNV-1083927-160.jpeg,768,496,380928,1.548,48.97,46.87,255,0,255,48.97,48.97,48.97,0
OCT,test,CNV,CNV-1083927-171.jpeg,512,496,253952,1.032,130.38,80.5,255,0,255,130.38,130.38,130.38,0
OCT,test,CNV,CNV-1083927-178.jpeg,768,496,380928,1.548,45.11,46.14,255,0,255,45.11,45.11,45.11,0
OCT,test,CNV,CNV-1083927-179.jpeg,768,496,380928,1.548,41.02,40.0,255,0,255,41.02,41.02,41.02,0
OCT,test,CNV,CNV-1083927-209.jpeg,512,496,253952,1.032,80.72,63.99,255,0,255,80.72,80.72,80.72,0
OCT,test,CNV,CNV-1083927-210.jpeg,768,496,380928,1.548,50.33,51.59,255,0,255,50.33,50.33,50.33,0
OCT,test,CNV,CNV-1083927-212.jpeg,512,496,253952,1.032,70.53,80.38,255,0,255,70.53,70.53,70.53,0
OCT,test,CNV,CNV-1083927-214.jpeg,512,496,253952,1.032,122.93,90.74,255,0,255,122.93,122.93,122.93,0
OCT,test,CNV,CNV-1083927-223.jpeg,768,496,380928,1.548,54.37,53.3,255,0,255,54.37,54.37,54.37,0
OCT,test,CNV,CNV-1083927-229.jpeg,768,496,380928,1.548,46.3,48.44,255,0,255,46.3,46.3,46.3,0
OCT,test,CNV,CNV-1083927-232.jpeg,512,496,253952,1.032,104.32,77.47,255,0,255,104.32,104.32,104.32,0
OCT,test,CNV,CNV-1083927-234.jpeg,512,496,253952,1.032,108.25,84.46,255,0,255,108.25,108.25,108.25,0
OCT,test,CNV,CNV-1083927-235.jpeg,768,496,380928,1.548,65.22,56.2,255,0,255,65.22,65.22,65.22,0
OCT,test,CNV,CNV-1083927-30.jpeg,512,496,253952,1.032,75.29,63.1,255,0,255,75.29,75.29,75.29,0
OCT,test,CNV,CNV-1083927-4.jpeg,768,496,380928,1.548,34.1,32.59,255,0,255,34.1,34.1,34.1,0
OCT,test,CNV,CNV-1083927-41.jpeg,768,496,380928,1.548,56.3,54.97,255,0,255,56.3,56.3,56.3,0
OCT,test,CNV,CNV-1083927-44.jpeg,512,496,253952,1.032,52.15,66.37,255,0,255,52.15,52.15,52.15,0
OCT,test,CNV,CNV-1083927-46.jpeg,512,496,253952,1.032,47.07,48.21,255,0,255,47.07,47.07,47.07,0
OCT,test,CNV,CNV-1083927-47.jpeg,768,496,380928,1.548,64.23,58.86,255,0,255,64.23,64.23,64.23,0
OCT,test,CNV,CNV-1083927-58.jpeg,512,496,253952,1.032,101.08,66.96,255,0,255,101.08,101.08,101.08,0
OCT,test,CNV,CNV-1083927-6.jpeg,768,496,380928,1.548,45.48,41.78,255,0,255,45.48,45.48,45.48,0
OCT,test,CNV,CNV-1083927-65.jpeg,512,496,253952,1.032,63.58,63.79,255,0,255,63.58,63.58,63.58,0
OCT,test,CNV,CNV-1083927-7.jpeg,768,496,380928,1.548,37.35,37.22,255,0,255,37.35,37.35,37.35,0
OCT,test,CNV,CNV-1083927-71.jpeg,512,496,253952,1.032,66.47,48.69,255,0,255,66.47,66.47,66.47,0
OCT,test,CNV,CNV-1083927-87.jpeg,512,496,253952,1.032,111.76,78.91,255,0,255,111.76,111.76,111.76,0
OCT,test,CNV,CNV-1083927-91.jpeg,1536,496,761856,3.097,26.17,26.17,255,0,255,26.17,26.17,26.17,0
OCT,test,CNV,CNV-1083927-92.jpeg,512,496,253952,1.032,49.08,51.91,255,0,255,49.08,49.08,49.08,0
OCT,test,CNV,CNV-1083927-96.jpeg,512,496,253952,1.032,47.7,54.32,255,0,255,47.7,47.7,47.7,0
OCT,test,CNV,CNV-1112835-113.jpeg,512,496,253952,1.032,54.22,53.46,255,0,255,54.22,54.22,54.22,0
OCT,test,CNV,CNV-1112835-142.jpeg,1536,496,761856,3.097,40.08,40.52,255,0,255,40.08,40.08,40.08,0
OCT,test,CNV,CNV-1112835-153.jpeg,768,496,380928,1.548,44.15,45.65,255,0,255,44.15,44.15,44.15,0
OCT,test,CNV,CNV-1112835-169.jpeg,1536,496,761856,3.097,27.69,35.17,255,0,255,27.69,27.69,27.69,0
OCT,test,CNV,CNV-1112835-17.jpeg,768,496,380928,1.548,36.62,39.42,255,0,255,36.62,36.62,36.62,0
OCT,test,CNV,CNV-1112835-173.jpeg,512,496,253952,1.032,46.61,50.77,255,0,255,46.61,46.61,46.61,0
OCT,test,CNV,CNV-1112835-192.jpeg,768,496,380928,1.548,31.62,34.2,255,0,255,31.62,31.62,31.62,0
OCT,test,CNV,CNV-1112835-197.jpeg,1536,496,761856,3.097,38.96,37.08,255,0,255,38.96,38.96,38.96,0
OCT,test,CNV,CNV-1112835-201.jpeg,512,496,253952,1.032,50.85,53.13,255,0,255,50.85,50.85,50.85,0
OCT,test,CNV,CNV-1112835-213.jpeg,512,496,253952,1.032,39.49,37.34,255,0,255,39.49,39.49,39.49,0
OCT,test,CNV,CNV-1112835-230.jpeg,768,496,380928,1.548,27.85,28.81,255,0,255,27.85,27.85,27.85,0
OCT,test,CNV,CNV-1112835-239.jpeg,512,496,253952,1.032,48.7,47.05,255,0,255,48.7,48.7,48.7,0
OCT,test,CNV,CNV-1112835-24.jpeg,512,496,253952,1.032,56.33,62.04,255,0,255,56.33,56.33,56.33,0
OCT,test,CNV,CNV-1112835-246.jpeg,1536,496,761856,3.097,38.79,42.41,255,0,255,38.79,38.79,38.79,0
OCT,test,CNV,CNV-1112835-267.jpeg,768,496,380928,1.548,43.17,40.08,255,0,255,43.17,43.17,43.17,0
OCT,test,CNV,CNV-1112835-269.jpeg,768,496,380928,1.548,45.73,43.56,255,0,255,45.73,45.73,45.73,0
OCT,test,CNV,CNV-1112835-275.jpeg,768,496,380928,1.548,52.41,54.7,255,0,255,52.41,52.41,52.41,0
OCT,test,CNV,CNV-1112835-290.jpeg,512,496,253952,1.032,48.68,52.77,255,0,255,48.68,48.68,48.68,0
OCT,test,CNV,CNV-1112835-30.jpeg,512,496,253952,1.032,42.39,50.8,255,0,255,42.39,42.39,42.39,0
OCT,test,CNV,CNV-1112835-304.jpeg,512,496,253952,1.032,66.84,69.13,255,0,255,66.84,66.84,66.84,0
OCT,test,CNV,CNV-1112835-323.jpeg,512,496,253952,1.032,46.24,52.05,255,0,255,46.24,46.24,46.24,0
OCT,test,CNV,CNV-1112835-324.jpeg,512,496,253952,1.032,48.7,52.3,255,0,255,48.7,48.7,48.7,0
OCT,test,CNV,CNV-1112835-325.jpeg,512,496,253952,1.032,60.71,49.13,255,0,255,60.71,60.71,60.71,0
OCT,test,CNV,CNV-1112835-328.jpeg,512,496,253952,1.032,56.87,45.71,255,0,255,56.87,56.87,56.87,0
OCT,test,CNV,CNV-1112835-36.jpeg,768,496,380928,1.548,37.48,39.53,255,0,255,37.48,37.48,37.48,0
OCT,test,CNV,CNV-1112835-371.jpeg,512,496,253952,1.032,55.68,52.39,255,0,255,55.68,55.68,55.68,0
OCT,test,CNV,CNV-1112835-380.jpeg,768,496,380928,1.548,36.34,38.44,255,0,255,36.34,36.34,36.34,0
OCT,test,CNV,CNV-1112835-60.jpeg,768,496,380928,1.548,29.31,33.36,255,0,255,29.31,29.31,29.31,0
OCT,test,CNV,CNV-1112835-62.jpeg,512,496,253952,1.032,66.56,73.65,255,0,255,66.56,66.56,66.56,0
OCT,test,CNV,CNV-1112835-73.jpeg,768,496,380928,1.548,32.7,32.06,255,0,255,32.7,32.7,32.7,0
OCT,test,CNV,CNV-1112835-88.jpeg,512,496,253952,1.032,48.84,48.91,255,0,255,48.84,48.84,48.84,0
OCT,test,CNV,CNV-1112835-91.jpeg,768,496,380928,1.548,29.51,31.53,255,0,255,29.51,29.51,29.51,0
OCT,test,CNV,CNV-1112835-94.jpeg,768,496,380928,1.548,37.96,40.94,255,0,255,37.96,37.96,37.96,0
OCT,test,CNV,CNV-1113817-1.jpeg,512,496,253952,1.032,55.28,41.21,255,0,255,55.28,55.28,55.28,0
OCT,test,CNV,CNV-1113817-3.jpeg,512,496,253952,1.032,58.66,46.07,255,0,255,58.66,58.66,58.66,0
OCT,test,CNV,CNV-1130960-18.jpeg,768,496,380928,1.548,37.97,30.43,255,0,255,37.97,37.97,37.97,0
OCT,test,CNV,CNV-1130960-22.jpeg,768,496,380928,1.548,31.11,30.77,255,0,255,31.11,31.11,31.11,0
OCT,test,CNV,CNV-1130960-32.jpeg,512,496,253952,1.032,40.17,52.81,255,0,255,40.17,40.17,40.17,0
OCT,test,CNV,CNV-1130960-34.jpeg,768,496,380928,1.548,29.25,31.26,255,0,255,29.25,29.25,29.25,0
OCT,test,CNV,CNV-1130960-37.jpeg,768,496,380928,1.548,25.04,24.22,255,0,255,25.04,25.04,25.04,0
OCT,test,CNV,CNV-1130960-38.jpeg,768,496,380928,1.548,43.65,41.64,255,0,255,43.65,43.65,43.65,0
OCT,test,CNV,CNV-1130960-40.jpeg,768,496,380928,1.548,28.89,30.21,255,0,255,28.89,28.89,28.89,0
OCT,test,CNV,CNV-1130960-41.jpeg,768,496,380928,1.548,109.36,103.29,255,0,255,109.36,109.36,109.36,0
OCT,test,CNV,CNV-1131664-11.jpeg,512,496,253952,1.032,55.18,57.27,255,0,255,55.18,55.18,55.18,0
OCT,test,CNV,CNV-1131664-16.jpeg,512,496,253952,1.032,53.11,46.73,255,0,255,53.11,53.11,53.11,0
OCT,test,CNV,CNV-1131664-18.jpeg,768,496,380928,1.548,44.29,46.59,255,0,255,44.29,44.29,44.29,0
OCT,test,CNV,CNV-1131664-20.jpeg,512,496,253952,1.032,48.11,57.07,255,0,255,48.11,48.11,48.11,0
OCT,test,CNV,CNV-1131664-21.jpeg,512,496,253952,1.032,54.36,65.05,255,0,255,54.36,54.36,54.36,0
OCT,test,CNV,CNV-1131664-29.jpeg,1536,496,761856,3.097,56.82,61.35,255,0,255,56.82,56.82,56.82,0
OCT,test,CNV,CNV-1131664-3.jpeg,1536,496,761856,3.097,45.85,55.68,255,0,255,45.85,45.85,45.85,0
OCT,test,CNV,CNV-1131664-47.jpeg,768,496,380928,1.548,34.58,35.89,255,0,255,34.58,34.58,34.58,0
OCT,test,CNV,CNV-1131664-5.jpeg,512,496,253952,1.032,48.27,57.79,255,0,255,48.27,48.27,48.27,0
OCT,test,CNV,CNV-1136126-11.jpeg,512,496,253952,1.032,56.54,60.7,255,0,255,56.54,56.54,56.54,0
OCT,test,CNV,CNV-1136126-15.jpeg,1536,496,761856,3.097,30.6,33.69,255,0,255,30.6,30.6,30.6,0
OCT,test,CNV,CNV-1169820-3.jpeg,512,496,253952,1.032,39.8,46.53,255,0,255,39.8,39.8,39.8,0
OCT,test,CNV,CNV-1169820-30.jpeg,512,496,253952,1.032,53.76,61.26,255,0,255,53.76,53.76,53.76,0
OCT,test,CNV,CNV-1169820-31.jpeg,512,496,253952,1.032,46.02,46.14,255,0,255,46.02,46.02,46.02,0
OCT,test,CNV,CNV-1169820-33.jpeg,1536,496,761856,3.097,31.36,37.3,255,0,255,31.36,31.36,31.36,0
OCT,test,CNV,CNV-1169820-4.jpeg,768,496,380928,1.548,32.98,35.74,255,0,255,32.98,32.98,32.98,0
OCT,test,CNV,CNV-1169820-41.jpeg,1536,496,761856,3.097,28.86,32.68,255,0,255,28.86,28.86,28.86,0
OCT,test,CNV,CNV-1169820-42.jpeg,1536,496,761856,3.097,18.98,25.0,255,0,255,18.98,18.98,18.98,0
OCT,test,CNV,CNV-1169820-45.jpeg,512,496,253952,1.032,46.41,51.82,255,0,255,46.41,46.41,46.41,0
OCT,test,CNV,CNV-1169820-46.jpeg,512,496,253952,1.032,40.49,44.02,255,0,255,40.49,40.49,40.49,0
OCT,test,CNV,CNV-1169820-53.jpeg,1536,496,761856,3.097,39.38,40.76,255,0,255,39.38,39.38,39.38,0
OCT,test,CNV,CNV-1169820-63.jpeg,1536,496,761856,3.097,25.76,33.2,255,0,255,25.76,25.76,25.76,0
OCT,test,CNV,CNV-1169820-65.jpeg,1536,496,761856,3.097,27.24,31.89,255,0,255,27.24,27.24,27.24,0
OCT,test,CNV,CNV-1169820-72.jpeg,512,496,253952,1.032,38.17,47.16,255,0,255,38.17,38.17,38.17,0
OCT,test,CNV,CNV-1169820-74.jpeg,512,496,253952,1.032,64.34,64.83,255,0,255,64.34,64.34,64.34,0
OCT,test,CNV,CNV-1169820-8.jpeg,512,496,253952,1.032,49.86,55.87,255,0,255,49.86,49.86,49.86,0
OCT,test,CNV,CNV-1169820-80.jpeg,768,496,380928,1.548,32.97,36.99,255,0,255,32.97,32.97,32.97,0
OCT,test,CNV,CNV-1169820-86.jpeg,512,496,253952,1.032,50.65,61.41,255,0,255,50.65,50.65,50.65,0
OCT,test,CNV,CNV-1173253-10.jpeg,512,496,253952,1.032,48.47,49.93,255,0,255,48.47,48.47,48.47,0
OCT,test,CNV,CNV-1173253-24.jpeg,768,496,380928,1.548,30.75,33.17,255,0,255,30.75,30.75,30.75,0
OCT,test,CNV,CNV-1173253-25.jpeg,1536,496,761856,3.097,29.29,34.21,255,0,255,29.29,29.29,29.29,0
OCT,test,CNV,CNV-1173253-3.jpeg,512,496,253952,1.032,40.16,37.76,255,0,255,40.16,40.16,40.16,0
OCT,test,CNV,CNV-1173253-31.jpeg,512,496,253952,1.032,73.7,75.68,255,0,255,73.7,73.7,73.7,0
OCT,test,CNV,CNV-1173253-32.jpeg,768,496,380928,1.548,34.92,37.72,255,0,255,34.92,34.92,34.92,0
OCT,test,CNV,CNV-1173253-33.jpeg,768,496,380928,1.548,35.11,37.0,255,0,255,35.11,35.11,35.11,0
OCT,test,CNV,CNV-1173253-35.jpeg,512,496,253952,1.032,43.18,48.55,255,0,255,43.18,43.18,43.18,0
OCT,test,CNV,CNV-1173253-37.jpeg,512,496,253952,1.032,42.06,53.45,255,0,255,42.06,42.06,42.06,0
OCT,test,CNV,CNV-1173253-4.jpeg,512,496,253952,1.032,52.11,56.2,255,0,255,52.11,52.11,52.11,0
OCT,test,CNV,CNV-1173253-5.jpeg,1536,496,761856,3.097,25.89,30.11,255,0,255,25.89,25.89,25.89,0
OCT,test,CNV,CNV-1174703-12.jpeg,1536,496,761856,3.097,31.94,37.02,255,0,255,31.94,31.94,31.94,0
OCT,test,CNV,CNV-1174703-19.jpeg,768,496,380928,1.548,36.62,38.23,255,0,255,36.62,36.62,36.62,0
OCT,test,CNV,CNV-1174703-6.jpeg,512,496,253952,1.032,62.12,68.99,255,0,255,62.12,62.12,62.12,0
OCT,test,CNV,CNV-1177084-2.jpeg,1536,496,761856,3.097,31.32,29.55,255,0,255,31.32,31.32,31.32,0
OCT,test,CNV,CNV-1183510-1.jpeg,512,496,253952,1.032,40.77,43.24,255,0,255,40.77,40.77,40.77,0
OCT,test,CNV,CNV-1188386-10.jpeg,512,496,253952,1.032,61.68,57.59,255,0,255,61.68,61.68,61.68,0
OCT,test,CNV,CNV-1188386-106.jpeg,512,496,253952,1.032,49.41,48.86,255,0,255,49.41,49.41,49.41,0
OCT,test,CNV,CNV-1188386-111.jpeg,768,496,380928,1.548,35.32,39.58,255,0,255,35.32,35.32,35.32,0
OCT,test,CNV,CNV-1188386-139.jpeg,512,496,253952,1.032,49.4,46.64,255,0,255,49.4,49.4,49.4,0
OCT,test,CNV,CNV-1188386-156.jpeg,768,496,380928,1.548,48.29,49.27,255,0,255,48.29,48.29,48.29,0
OCT,test,CNV,CNV-1188386-161.jpeg,768,496,380928,1.548,36.21,38.62,255,0,255,36.21,36.21,36.21,0
OCT,test,CNV,CNV-1188386-168.jpeg,512,496,253952,1.032,49.2,54.88,255,0,255,49.2,49.2,49.2,0
OCT,test,CNV,CNV-1188386-170.jpeg,512,496,253952,1.032,52.99,54.89,255,0,255,52.99,52.99,52.99,0
OCT,test,CNV,CNV-1188386-185.jpeg,768,496,380928,1.548,32.6,36.13,255,0,255,32.6,32.6,32.6,0
OCT,test,CNV,CNV-1188386-20.jpeg,512,496,253952,1.032,48.48,46.8,255,0,255,48.48,48.48,48.48,0
OCT,test,CNV,CNV-1188386-237.jpeg,512,496,253952,1.032,47.57,43.59,255,0,255,47.57,47.57,47.57,0
OCT,test,CNV,CNV-1188386-246.jpeg,1536,496,761856,3.097,46.36,45.34,255,0,255,46.36,46.36,46.36,0
OCT,test,CNV,CNV-1188386-249.jpeg,1536,496,761856,3.097,49.03,47.24,255,0,255,49.03,49.03,49.03,0
OCT,test,CNV,CNV-1188386-252.jpeg,1536,496,761856,3.097,30.49,30.74,255,0,255,30.49,30.49,30.49,0
OCT,test,CNV,CNV-1188386-282.jpeg,1536,496,761856,3.097,31.8,32.72,255,0,255,31.8,31.8,31.8,0
OCT,test,CNV,CNV-1188386-299.jpeg,512,496,253952,1.032,51.57,47.25,255,0,255,51.57,51.57,51.57,0
OCT,test,CNV,CNV-1188386-331.jpeg,768,496,380928,1.548,41.85,43.79,255,0,255,41.85,41.85,41.85,0
OCT,test,CNV,CNV-1188386-333.jpeg,768,496,380928,1.548,44.89,48.43,255,0,255,44.89,44.89,44.89,0
OCT,test,CNV,CNV-1188386-348.jpeg,768,496,380928,1.548,41.34,48.11,255,0,255,41.34,41.34,41.34,0
OCT,test,CNV,CNV-1188386-358.jpeg,512,496,253952,1.032,44.71,47.38,255,0,255,44.71,44.71,44.71,0
OCT,test,CNV,CNV-1188386-359.jpeg,512,496,253952,1.032,47.16,49.63,255,0,255,47.16,47.16,47.16,0
OCT,test,CNV,CNV-1188386-372.jpeg,512,496,253952,1.032,49.44,49.09,255,0,255,49.44,49.44,49.44,0
OCT,test,CNV,CNV-1188386-384.jpeg,768,496,380928,1.548,46.08,46.31,255,0,255,46.08,46.08,46.08,0
OCT,test,CNV,CNV-1188386-387.jpeg,768,496,380928,1.548,32.43,32.49,255,0,255,32.43,32.43,32.43,0
OCT,test,CNV,CNV-1188386-390.jpeg,768,496,380928,1.548,35.35,37.28,255,0,255,35.35,35.35,35.35,0
OCT,test,CNV,CNV-1188386-393.jpeg,768,496,380928,1.548,32.81,33.86,255,0,255,32.81,32.81,32.81,0
OCT,test,CNV,CNV-1188386-4.jpeg,768,496,380928,1.548,40.45,43.82,255,0,255,40.45,40.45,40.45,0
OCT,test,CNV,CNV-1188386-401.jpeg,512,496,253952,1.032,52.03,46.39,255,0,255,52.03,52.03,52.03,0
OCT,test,CNV,CNV-1188386-489.jpeg,512,496,253952,1.032,54.28,56.06,255,0,255,54.28,54.28,54.28,0
OCT,test,CNV,CNV-1188386-49.jpeg,512,496,253952,1.032,59.07,56.37,255,0,255,59.07,59.07,59.07,0
OCT,test,CNV,CNV-1188386-491.jpeg,512,496,253952,1.032,98.28,94.47,255,0,255,98.28,98.28,98.28,0
OCT,test,CNV,CNV-1188386-495.jpeg,512,496,253952,1.032,101.63,94.46,255,0,255,101.63,101.63,101.63,0
OCT,test,CNV,CNV-1188386-511.jpeg,512,496,253952,1.032,51.02,50.72,255,0,255,51.02,51.02,51.02,0
OCT,test,CNV,CNV-1188386-525.jpeg,512,496,253952,1.032,49.39,55.22,255,0,255,49.39,49.39,49.39,0
OCT,test,CNV,CNV-1188386-527.jpeg,512,496,253952,1.032,52.11,55.51,255,0,255,52.11,52.11,52.11,0
OCT,test,CNV,CNV-1188386-541.jpeg,1536,496,761856,3.097,33.36,36.46,255,0,255,33.36,33.36,33.36,0
OCT,test,CNV,CNV-1188386-543.jpeg,1536,496,761856,3.097,33.88,36.81,255,0,255,33.88,33.88,33.88,0
OCT,test,CNV,CNV-1188386-549.jpeg,512,496,253952,1.032,50.02,48.99,255,0,255,50.02,50.02,50.02,0
OCT,test,CNV,CNV-1188386-556.jpeg,768,496,380928,1.548,48.6,42.11,255,0,255,48.6,48.6,48.6,0
OCT,test,CNV,CNV-1188386-564.jpeg,1536,496,761856,3.097,47.72,43.16,255,0,255,47.72,47.72,47.72,0
OCT,test,CNV,CNV-1188386-567.jpeg,512,496,253952,1.032,48.98,53.42,255,0,255,48.98,48.98,48.98,0
OCT,test,CNV,CNV-1188386-569.jpeg,512,496,253952,1.032,48.02,50.27,255,0,255,48.02,48.02,48.02,0
OCT,test,CNV,CNV-1188386-589.jpeg,1536,496,761856,3.097,38.4,40.73,255,0,255,38.4,38.4,38.4,0
OCT,test,CNV,CNV-1188386-596.jpeg,512,496,253952,1.032,51.11,52.02,255,0,255,51.11,51.11,51.11,0
OCT,test,CNV,CNV-1188386-604.jpeg,512,496,253952,1.032,47.37,48.05,255,0,255,47.37,47.37,47.37,0
OCT,test,CNV,CNV-1188386-615.jpeg,1536,496,761856,3.097,39.4,42.66,255,0,255,39.4,39.4,39.4,0
OCT,test,CNV,CNV-1188386-618.jpeg,512,496,253952,1.032,64.67,48.54,255,0,255,64.67,64.67,64.67,0
OCT,test,CNV,CNV-1188386-622.jpeg,768,496,380928,1.548,40.88,40.48,255,0,255,40.88,40.88,40.88,0
OCT,test,CNV,CNV-1188386-624.jpeg,768,496,380928,1.548,29.25,28.86,255,0,255,29.25,29.25,29.25,0
OCT,test,CNV,CNV-1188386-630.jpeg,512,496,253952,1.032,99.12,72.77,255,0,255,99.12,99.12,99.12,0
OCT,test,CNV,CNV-1188386-632.jpeg,768,496,380928,1.548,39.91,42.86,255,0,255,39.91,39.91,39.91,0
OCT,test,CNV,CNV-1188386-644.jpeg,512,496,253952,1.032,52.56,59.34,255,0,255,52.56,52.56,52.56,0
OCT,test,CNV,CNV-1188386-646.jpeg,512,496,253952,1.032,48.72,55.06,255,0,255,48.72,48.72,48.72,0
OCT,test,CNV,CNV-1188386-652.jpeg,1536,496,761856,3.097,32.33,35.87,255,0,255,32.33,32.33,32.33,0
OCT,test,CNV,CNV-1188386-670.jpeg,768,496,380928,1.548,39.89,39.47,255,0,255,39.89,39.89,39.89,0
OCT,test,CNV,CNV-1188386-674.jpeg,768,496,380928,1.548,37.19,35.46,255,0,255,37.19,37.19,37.19,0
OCT,test,CNV,CNV-1188386-678.jpeg,768,496,380928,1.548,44.09,47.06,255,0,255,44.09,44.09,44.09,0
OCT,test,CNV,CNV-1188386-682.jpeg,512,496,253952,1.032,68.83,62.95,255,0,255,68.83,68.83,68.83,0
OCT,test,CNV,CNV-1188386-694.jpeg,768,496,380928,1.548,38.85,41.04,255,0,255,38.85,38.85,38.85,0
OCT,test,CNV,CNV-1188386-729.jpeg,512,496,253952,1.032,72.01,74.61,255,0,255,72.01,72.01,72.01,0
OCT,test,CNV,CNV-1188386-735.jpeg,768,496,380928,1.548,34.5,40.1,255,0,255,34.5,34.5,34.5,0
OCT,test,CNV,CNV-1188386-748.jpeg,512,496,253952,1.032,47.4,58.96,255,0,255,47.4,47.4,47.4,0
OCT,test,CNV,CNV-1188386-76.jpeg,768,496,380928,1.548,44.5,42.98,255,0,255,44.5,44.5,44.5,0
OCT,test,CNV,CNV-1188386-766.jpeg,512,496,253952,1.032,43.05,45.02,255,0,255,43.05,43.05,43.05,0
OCT,test,CNV,CNV-1188386-782.jpeg,512,496,253952,1.032,54.82,56.16,255,0,255,54.82,54.82,54.82,0
OCT,test,CNV,CNV-1188386-784.jpeg,512,496,253952,1.032,55.95,52.61,255,0,255,55.95,55.95,55.95,0
OCT,test,CNV,CNV-1188386-785.jpeg,768,496,380928,1.548,41.73,43.24,255,0,255,41.73,41.73,41.73,0
OCT,test,CNV,CNV-1188386-799.jpeg,768,496,380928,1.548,31.78,34.25,255,0,255,31.78,31.78,31.78,0
OCT,test,CNV,CNV-1188386-800.jpeg,768,496,380928,1.548,33.63,38.31,255,0,255,33.63,33.63,33.63,0
OCT,test,CNV,CNV-1188386-813.jpeg,768,496,380928,1.548,31.87,37.5,255,0,255,31.87,31.87,31.87,0
OCT,test,CNV,CNV-1188386-91.jpeg,512,496,253952,1.032,68.44,64.01,255,0,255,68.44,68.44,68.44,0
OCT,test,CNV,CNV-122878-16.jpeg,512,496,253952,1.032,65.44,66.14,255,0,255,65.44,65.44,65.44,0
OCT,test,CNV,CNV-122878-20.jpeg,1536,496,761856,3.097,28.01,34.95,255,0,255,28.01,28.01,28.01,0
OCT,test,CNV,CNV-122878-24.jpeg,512,496,253952,1.032,94.35,92.31,255,0,255,94.35,94.35,94.35,0
OCT,test,CNV,CNV-122878-9.jpeg,1536,496,761856,3.097,42.59,39.99,255,0,255,42.59,42.59,42.59,0
OCT,test,CNV,CNV-1260317-10.jpeg,1536,496,761856,3.097,33.09,34.35,255,0,255,33.09,33.09,33.09,0
OCT,test,CNV,CNV-1260317-102.jpeg,512,496,253952,1.032,64.88,66.38,255,0,255,64.88,64.88,64.88,0
OCT,test,CNV,CNV-1260317-105.jpeg,768,496,380928,1.548,56.0,50.02,255,0,255,56.0,56.0,56.0,0
OCT,test,CNV,CNV-1260317-113.jpeg,768,496,380928,1.548,50.72,44.55,255,0,255,50.72,50.72,50.72,0
OCT,test,CNV,CNV-1260317-16.jpeg,512,496,253952,1.032,85.88,68.29,255,0,255,85.88,85.88,85.88,0
OCT,test,CNV,CNV-1260317-2.jpeg,1536,496,761856,3.097,43.16,41.24,255,0,255,43.16,43.16,43.16,0
OCT,test,CNV,CNV-1260317-21.jpeg,512,496,253952,1.032,106.96,95.28,255,0,255,106.96,106.96,106.96,0
OCT,test,CNV,CNV-1260317-22.jpeg,512,496,253952,1.032,154.73,77.36,255,0,255,154.73,154.73,154.73,0
OCT,test,CNV,CNV-1260317-3.jpeg,512,496,253952,1.032,75.16,65.19,255,0,255,75.16,75.16,75.16,0
OCT,test,CNV,CNV-1260317-35.jpeg,512,496,253952,1.032,48.45,45.34,255,0,255,48.45,48.45,48.45,0
OCT,test,CNV,CNV-1260317-40.jpeg,512,496,253952,1.032,52.56,43.86,255,0,255,52.56,52.56,52.56,0
OCT,test,CNV,CNV-1260317-45.jpeg,768,496,380928,1.548,43.19,41.69,255,0,255,43.19,43.19,43.19,0
OCT,test,CNV,CNV-1260317-7.jpeg,1536,496,761856,3.097,43.29,40.88,255,0,255,43.29,43.29,43.29,0
OCT,test,CNV,CNV-1260317-70.jpeg,512,496,253952,1.032,125.71,103.51,255,0,255,125.71,125.71,125.71,0
OCT,test,CNV,CNV-1260317-83.jpeg,512,496,253952,1.032,92.09,73.22,255,0,255,92.09,92.09,92.09,0
OCT,test,CNV,CNV-1260317-94.jpeg,768,496,380928,1.548,47.27,46.5,255,0,255,47.27,47.27,47.27,0
OCT,test,CNV,CNV-1260317-97.jpeg,1536,496,761856,3.097,32.16,33.22,255,0,255,32.16,32.16,32.16,0
OCT,test,CNV,CNV-1279887-10.jpeg,768,496,380928,1.548,51.15,43.5,255,0,255,51.15,51.15,51.15,0
OCT,test,CNV,CNV-1279887-108.jpeg,512,496,253952,1.032,104.76,82.77,255,0,255,104.76,104.76,104.76,0
OCT,test,CNV,CNV-1279887-11.jpeg,512,496,253952,1.032,71.24,62.22,255,0,255,71.24,71.24,71.24,0
OCT,test,CNV,CNV-1279887-111.jpeg,512,496,253952,1.032,50.82,38.54,255,0,255,50.82,50.82,50.82,0
OCT,test,CNV,CNV-1279887-112.jpeg,512,496,253952,1.032,89.32,83.14,255,0,255,89.32,89.32,89.32,0
OCT,test,CNV,CNV-1279887-114.jpeg,512,496,253952,1.032,89.64,85.97,255,0,255,89.64,89.64,89.64,0
OCT,test,CNV,CNV-1279887-126.jpeg,512,496,253952,1.032,95.47,55.24,255,0,255,95.47,95.47,95.47,0
OCT,test,CNV,CNV-1279887-146.jpeg,512,496,253952,1.032,103.37,91.68,255,0,255,103.37,103.37,103.37,0
OCT,test,CNV,CNV-1279887-149.jpeg,512,496,253952,1.032,65.7,71.82,255,0,255,65.7,65.7,65.7,0
OCT,test,CNV,CNV-1279887-155.jpeg,512,496,253952,1.032,114.3,82.1,255,0,255,114.3,114.3,114.3,0
OCT,test,CNV,CNV-1279887-170.jpeg,512,496,253952,1.032,56.78,41.97,255,0,255,56.78,56.78,56.78,0
OCT,test,CNV,CNV-1279887-174.jpeg,768,496,380928,1.548,31.43,33.54,255,0,255,31.43,31.43,31.43,0
OCT,test,CNV,CNV-1279887-177.jpeg,1536,496,761856,3.097,38.92,37.05,255,0,255,38.92,38.92,38.92,0
OCT,test,CNV,CNV-1279887-180.jpeg,512,496,253952,1.032,85.15,80.83,255,0,255,85.15,85.15,85.15,0
OCT,test,CNV,CNV-1279887-190.jpeg,1536,496,761856,3.097,30.43,31.85,255,0,255,30.43,30.43,30.43,0
OCT,test,CNV,CNV-1279887-192.jpeg,1536,496,761856,3.097,23.4,29.23,255,0,255,23.4,23.4,23.4,0
OCT,test,CNV,CNV-1279887-213.jpeg,512,496,253952,1.032,83.4,71.4,255,0,255,83.4,83.4,83.4,0
OCT,test,CNV,CNV-1279887-243.jpeg,512,496,253952,1.032,78.62,77.33,255,0,255,78.62,78.62,78.62,0
OCT,test,CNV,CNV-1279887-261.jpeg,768,496,380928,1.548,40.4,41.55,255,0,255,40.4,40.4,40.4,0
OCT,test,CNV,CNV-1279887-36.jpeg,512,496,253952,1.032,49.27,43.29,255,0,255,49.27,49.27,49.27,0
OCT,test,CNV,CNV-1279887-60.jpeg,512,496,253952,1.032,73.59,63.15,255,0,255,73.59,73.59,73.59,0
OCT,test,CNV,CNV-1279887-61.jpeg,512,496,253952,1.032,67.01,65.18,255,0,255,67.01,67.01,67.01,0
OCT,test,CNV,CNV-1279887-62.jpeg,512,496,253952,1.032,58.27,52.66,255,0,255,58.27,58.27,58.27,0
OCT,test,CNV,CNV-1279887-67.jpeg,768,496,380928,1.548,56.54,48.62,255,0,255,56.54,56.54,56.54,0
OCT,test,CNV,CNV-1279887-73.jpeg,512,496,253952,1.032,58.27,54.92,255,0,255,58.27,58.27,58.27,0
OCT,test,CNV,CNV-1279887-76.jpeg,512,496,253952,1.032,70.71,74.92,255,0,255,70.71,70.71,70.71,0
OCT,test,CNV,CNV-1279887-83.jpeg,1536,496,761856,3.097,35.32,37.1,255,0,255,35.32,35.32,35.32,0
OCT,test,CNV,CNV-1279887-9.jpeg,768,496,380928,1.548,35.05,33.46,255,0,255,35.05,35.05,35.05,0
OCT,test,CNV,CNV-1279887-95.jpeg,768,496,380928,1.548,37.28,36.4,255,0,255,37.28,37.28,37.28,0
OCT,test,CNV,CNV-1290410-1.jpeg,1536,496,761856,3.097,38.53,40.07,255,0,255,38.53,38.53,38.53,0
OCT,test,CNV,CNV-1290410-100.jpeg,768,496,380928,1.548,33.27,34.74,255,0,255,33.27,33.27,33.27,0
OCT,test,CNV,CNV-1290410-109.jpeg,512,496,253952,1.032,84.06,87.45,255,0,255,84.06,84.06,84.06,0
OCT,test,CNV,CNV-1290410-114.jpeg,768,496,380928,1.548,37.26,40.3,255,0,255,37.26,37.26,37.26,0
OCT,test,CNV,CNV-1290410-151.jpeg,768,496,380928,1.548,49.26,43.54,255,0,255,49.26,49.26,49.26,0
OCT,test,CNV,CNV-1290410-157.jpeg,512,496,253952,1.032,52.87,60.97,255,0,255,52.87,52.87,52.87,0
OCT,test,CNV,CNV-1290410-165.jpeg,512,496,253952,1.032,38.91,40.16,255,0,255,38.91,38.91,38.91,0
OCT,test,CNV,CNV-1290410-168.jpeg,768,496,380928,1.548,39.58,40.44,255,0,255,39.58,39.58,39.58,0
OCT,test,CNV,CNV-1290410-192.jpeg,768,496,380928,1.548,36.79,41.09,255,0,255,36.79,36.79,36.79,0
OCT,test,CNV,CNV-1290410-21.jpeg,1536,496,761856,3.097,40.78,38.15,255,0,255,40.78,40.78,40.78,0
OCT,test,CNV,CNV-1290410-42.jpeg,512,496,253952,1.032,50.16,49.36,255,0,255,50.16,50.16,50.16,0
OCT,test,CNV,CNV-1290410-47.jpeg,512,496,253952,1.032,66.7,65.57,255,0,255,66.7,66.7,66.7,0
OCT,test,CNV,CNV-1290410-51.jpeg,512,496,253952,1.032,58.88,65.83,255,0,255,58.88,58.88,58.88,0
OCT,test,CNV,CNV-1290410-55.jpeg,512,496,253952,1.032,48.31,48.19,255,0,255,48.31,48.31,48.31,0
OCT,test,CNV,CNV-1290410-57.jpeg,512,496,253952,1.032,47.21,48.5,255,0,255,47.21,47.21,47.21,0
OCT,test,CNV,CNV-1290410-59.jpeg,512,496,253952,1.032,46.72,49.98,255,0,255,46.72,46.72,46.72,0
OCT,test,CNV,CNV-1290410-6.jpeg,512,496,253952,1.032,40.79,48.21,255,0,255,40.79,40.79,40.79,0
OCT,test,CNV,CNV-1290410-64.jpeg,512,496,253952,1.032,58.39,68.74,255,0,255,58.39,58.39,58.39,0
OCT,test,CNV,CNV-1290410-69.jpeg,512,496,253952,1.032,57.25,48.3,255,0,255,57.25,57.25,57.25,0
OCT,test,CNV,CNV-1290410-7.jpeg,512,496,253952,1.032,46.5,49.99,255,0,255,46.5,46.5,46.5,0
OCT,test,CNV,CNV-1290410-70.jpeg,512,496,253952,1.032,58.74,51.49,255,0,255,58.74,58.74,58.74,0
OCT,test,CNV,CNV-1290410-84.jpeg,768,496,380928,1.548,43.19,40.88,255,0,255,43.19,43.19,43.19,0
OCT,test,CNV,CNV-1290410-86.jpeg,768,496,380928,1.548,38.18,42.18,255,0,255,38.18,38.18,38.18,0
OCT,test,CNV,CNV-1290410-94.jpeg,512,496,253952,1.032,48.59,60.2,255,0,255,48.59,48.59,48.59,0
OCT,test,CNV,CNV-1305450-117.jpeg,512,496,253952,1.032,56.02,55.71,255,0,255,56.02,56.02,56.02,0
OCT,test,CNV,CNV-1305450-127.jpeg,512,496,253952,1.032,67.57,75.48,255,0,255,67.57,67.57,67.57,0
OCT,test,CNV,CNV-1305450-135.jpeg,1536,496,761856,3.097,31.93,33.77,255,0,255,31.93,31.93,31.93,0
OCT,test,CNV,CNV-1305450-137.jpeg,1536,496,761856,3.097,30.76,31.18,255,0,255,30.76,30.76,30.76,0
OCT,test,CNV,CNV-1305450-141.jpeg,768,496,380928,1.548,31.81,34.7,255,0,255,31.81,31.81,31.81,0
OCT,test,CNV,CNV-1305450-147.jpeg,512,496,253952,1.032,63.89,77.18,255,0,255,63.89,63.89,63.89,0
OCT,test,CNV,CNV-1305450-165.jpeg,512,496,253952,1.032,74.72,85.17,255,0,255,74.72,74.72,74.72,0
OCT,test,CNV,CNV-1305450-167.jpeg,512,496,253952,1.032,78.31,88.22,255,0,255,78.31,78.31,78.31,0
OCT,test,CNV,CNV-1305450-175.jpeg,768,496,380928,1.548,34.29,34.62,255,0,255,34.29,34.29,34.29,0
OCT,test,CNV,CNV-1305450-187.jpeg,1536,496,761856,3.097,34.55,36.18,255,0,255,34.55,34.55,34.55,0
OCT,test,CNV,CNV-1305450-21.jpeg,512,496,253952,1.032,149.51,93.1,255,0,255,149.51,149.51,149.51,0
OCT,test,CNV,CNV-1305450-214.jpeg,768,496,380928,1.548,34.8,35.69,255,0,255,34.8,34.8,34.8,0
OCT,test,CNV,CNV-1305450-221.jpeg,512,496,253952,1.032,46.47,54.54,255,0,255,46.47,46.47,46.47,0
OCT,test,CNV,CNV-1305450-222.jpeg,768,496,380928,1.548,35.19,36.67,255,0,255,35.19,35.19,35.19,0
OCT,test,CNV,CNV-1305450-224.jpeg,768,496,380928,1.548,35.06,35.72,255,0,255,35.06,35.06,35.06,0
OCT,test,CNV,CNV-1305450-232.jpeg,768,496,380928,1.548,45.49,41.6,255,0,255,45.49,45.49,45.49,0
OCT,test,CNV,CNV-1305450-31.jpeg,1536,496,761856,3.097,29.91,32.34,255,0,255,29.91,29.91,29.91,0
OCT,test,CNV,CNV-1305450-37.jpeg,768,496,380928,1.548,32.84,33.67,255,0,255,32.84,32.84,32.84,0
OCT,test,CNV,CNV-1305450-43.jpeg,768,496,380928,1.548,30.92,28.48,255,0,255,30.92,30.92,30.92,0
OCT,test,CNV,CNV-1305450-47.jpeg,768,496,380928,1.548,32.94,31.22,255,0,255,32.94,32.94,32.94,0
OCT,test,CNV,CNV-1305450-5.jpeg,512,496,253952,1.032,55.38,72.02,255,0,255,55.38,55.38,55.38,0
OCT,test,CNV,CNV-1305450-51.jpeg,768,496,380928,1.548,34.46,32.07,255,0,255,34.46,34.46,34.46,0
OCT,test,CNV,CNV-1305450-53.jpeg,512,496,253952,1.032,49.72,51.51,255,0,255,49.72,49.72,49.72,0
OCT,test,CNV,CNV-1305450-69.jpeg,768,496,380928,1.548,39.5,36.68,255,0,255,39.5,39.5,39.5,0
OCT,test,CNV,CNV-1305450-70.jpeg,768,496,380928,1.548,40.71,42.87,255,0,255,40.71,40.71,40.71,0
OCT,test,CNV,CNV-1305450-76.jpeg,1536,496,761856,3.097,44.49,42.61,255,0,255,44.49,44.49,44.49,0
OCT,test,CNV,CNV-1322624-10.jpeg,512,496,253952,1.032,42.39,41.25,255,0,255,42.39,42.39,42.39,0
OCT,test,CNV,CNV-1322624-106.jpeg,512,496,253952,1.032,49.01,64.53,255,0,255,49.01,49.01,49.01,0
OCT,test,CNV,CNV-1322624-112.jpeg,512,496,253952,1.032,90.85,87.67,255,0,255,90.85,90.85,90.85,0
OCT,test,CNV,CNV-1322624-128.jpeg,768,496,380928,1.548,35.1,42.96,255,0,255,35.1,35.1,35.1,0
OCT,test,CNV,CNV-1322624-132.jpeg,768,496,380928,1.548,29.78,41.66,255,0,255,29.78,29.78,29.78,0
OCT,test,CNV,CNV-1322624-138.jpeg,1536,496,761856,3.097,29.3,33.42,255,0,255,29.3,29.3,29.3,0
OCT,test,CNV,CNV-1322624-144.jpeg,512,496,253952,1.032,38.74,56.33,255,0,255,38.74,38.74,38.74,0
OCT,test,CNV,CNV-1322624-150.jpeg,512,496,253952,1.032,56.38,63.27,255,0,255,56.38,56.38,56.38,0
OCT,test,CNV,CNV-1322624-156.jpeg,768,496,380928,1.548,27.19,31.12,255,0,255,27.19,27.19,27.19,0
OCT,test,CNV,CNV-1322624-160.jpeg,512,496,253952,1.032,47.74,55.54,255,0,255,47.74,47.74,47.74,0
OCT,test,CNV,CNV-1322624-3.jpeg,768,496,380928,1.548,39.91,43.03,255,0,255,39.91,39.91,39.91,0
OCT,test,CNV,CNV-1322624-49.jpeg,768,496,380928,1.548,31.26,33.38,255,0,255,31.26,31.26,31.26,0
OCT,test,CNV,CNV-1322624-51.jpeg,1536,496,761856,3.097,32.26,33.34,255,0,255,32.26,32.26,32.26,0
OCT,test,CNV,CNV-1322624-53.jpeg,1536,496,761856,3.097,24.32,26.51,255,0,255,24.32,24.32,24.32,0
OCT,test,CNV,CNV-1322624-55.jpeg,1536,496,761856,3.097,32.04,34.79,255,0,255,32.04,32.04,32.04,0
OCT,test,CNV,CNV-1322624-69.jpeg,768,496,380928,1.548,31.53,37.51,255,0,255,31.53,31.53,31.53,0
OCT,test,CNV,CNV-1322624-77.jpeg,512,496,253952,1.032,35.99,38.59,255,0,255,35.99,35.99,35.99,0
OCT,test,CNV,CNV-1322624-88.jpeg,768,496,380928,1.548,25.75,28.96,255,0,255,25.75,25.75,25.75,0
OCT,test,CNV,CNV-1322624-97.jpeg,512,496,253952,1.032,65.69,67.16,255,0,255,65.69,65.69,65.69,0
OCT,test,CNV,CNV-135126-18.jpeg,1536,496,761856,3.097,44.53,41.11,255,0,255,44.53,44.53,44.53,0
OCT,test,CNV,CNV-135126-21.jpeg,512,496,253952,1.032,58.06,45.17,255,0,255,58.06,58.06,58.06,0
OCT,test,CNV,CNV-135126-24.jpeg,1536,496,761856,3.097,37.09,35.51,255,0,255,37.09,37.09,37.09,0
OCT,test,CNV,CNV-135126-25.jpeg,1024,496,507904,2.065,45.43,53.23,255,0,255,45.43,45.43,45.43,0
OCT,test,CNV,CNV-135126-5.jpeg,1024,496,507904,2.065,51.87,54.58,255,0,255,51.87,51.87,51.87,0
OCT,test,CNV,CNV-135126-6.jpeg,512,496,253952,1.032,69.72,82.92,255,0,255,69.72,69.72,69.72,0
OCT,test,CNV,CNV-135126-7.jpeg,512,496,253952,1.032,84.27,96.46,255,0,255,84.27,84.27,84.27,0
OCT,test,CNV,CNV-1356232-13.jpeg,1024,496,507904,2.065,60.12,65.47,255,0,255,60.12,60.12,60.12,0
OCT,test,CNV,CNV-1356232-15.jpeg,1536,496,761856,3.097,30.67,31.48,255,0,255,30.67,30.67,30.67,0
OCT,test,CNV,CNV-1356232-19.jpeg,1536,496,761856,3.097,28.06,29.28,255,0,255,28.06,28.06,28.06,0
OCT,test,CNV,CNV-1356232-22.jpeg,1024,496,507904,2.065,128.14,102.45,255,0,255,128.14,128.14,128.14,0
OCT,test,CNV,CNV-1356232-3.jpeg,512,496,253952,1.032,85.56,66.59,255,0,255,85.56,85.56,85.56,0
OCT,test,CNV,CNV-1356232-39.jpeg,768,496,380928,1.548,35.87,37.28,255,0,255,35.87,35.87,35.87,0
OCT,test,CNV,CNV-1356232-4.jpeg,512,496,253952,1.032,42.22,42.97,255,0,255,42.22,42.22,42.22,0
OCT,test,CNV,CNV-1356232-40.jpeg,512,496,253952,1.032,87.36,89.29,255,0,255,87.36,87.36,87.36,0
OCT,test,CNV,CNV-1356232-41.jpeg,512,496,253952,1.032,80.77,83.06,255,0,255,80.77,80.77,80.77,0
OCT,test,CNV,CNV-1356232-7.jpeg,512,496,253952,1.032,118.84,89.73,255,0,255,118.84,118.84,118.84,0
OCT,test,CNV,CNV-137351-1.jpeg,768,496,380928,1.548,41.0,39.84,255,0,255,41.0,41.0,41.0,0
OCT,test,CNV,CNV-137351-102.jpeg,1536,496,761856,3.097,46.84,47.5,255,0,255,46.84,46.84,46.84,0
OCT,test,CNV,CNV-137351-112.jpeg,768,496,380928,1.548,34.93,37.66,255,0,255,34.93,34.93,34.93,0
OCT,test,CNV,CNV-137351-128.jpeg,768,496,380928,1.548,42.98,42.54,255,0,255,42.98,42.98,42.98,0
OCT,test,CNV,CNV-137351-131.jpeg,512,496,253952,1.032,64.7,69.99,255,0,255,64.7,64.7,64.7,0
OCT,test,CNV,CNV-137351-147.jpeg,768,496,380928,1.548,41.49,41.71,255,0,255,41.49,41.49,41.49,0
OCT,test,CNV,CNV-137351-16.jpeg,512,496,253952,1.032,49.54,53.05,255,0,255,49.54,49.54,49.54,0
OCT,test,CNV,CNV-137351-23.jpeg,768,496,380928,1.548,94.04,102.48,255,0,255,94.04,94.04,94.04,0
OCT,test,CNV,CNV-137351-33.jpeg,1536,496,761856,3.097,36.72,40.97,255,0,255,36.72,36.72,36.72,0
OCT,test,CNV,CNV-137351-44.jpeg,768,496,380928,1.548,39.26,40.91,255,0,255,39.26,39.26,39.26,0
OCT,test,CNV,CNV-137351-5.jpeg,512,496,253952,1.032,68.72,67.15,255,0,255,68.72,68.72,68.72,0
OCT,test,CNV,CNV-137351-52.jpeg,768,496,380928,1.548,34.9,38.16,255,0,255,34.9,34.9,34.9,0
OCT,test,CNV,CNV-137351-56.jpeg,768,496,380928,1.548,29.89,34.91,255,0,255,29.89,29.89,29.89,0
OCT,test,CNV,CNV-137351-63.jpeg,1536,496,761856,3.097,40.71,41.69,255,0,255,40.71,40.71,40.71,0
OCT,test,CNV,CNV-137351-74.jpeg,512,496,253952,1.032,71.99,60.11,255,0,255,71.99,71.99,71.99,0
OCT,test,CNV,CNV-137351-78.jpeg,1536,496,761856,3.097,34.08,34.57,255,0,255,34.08,34.08,34.08,0
OCT,test,CNV,CNV-137351-86.jpeg,768,496,380928,1.548,36.24,40.07,255,0,255,36.24,36.24,36.24,0
OCT,test,CNV,CNV-137351-92.jpeg,512,496,253952,1.032,80.95,82.64,255,0,255,80.95,80.95,80.95,0
OCT,test,CNV,CNV-1390155-1.jpeg,1536,496,761856,3.097,32.61,35.95,255,0,255,32.61,32.61,32.61,0
OCT,test,CNV,CNV-1390155-14.jpeg,768,496,380928,1.548,32.18,33.9,255,0,255,32.18,32.18,32.18,0
OCT,test,CNV,CNV-1390155-20.jpeg,512,496,253952,1.032,46.76,42.36,255,0,255,46.76,46.76,46.76,0
OCT,test,CNV,CNV-1390155-21.jpeg,512,496,253952,1.032,48.76,50.31,255,0,255,48.76,48.76,48.76,0
OCT,test,CNV,CNV-1390155-32.jpeg,512,496,253952,1.032,63.68,68.7,255,0,255,63.68,63.68,63.68,0
OCT,test,CNV,CNV-1390155-36.jpeg,512,496,253952,1.032,52.06,69.33,255,0,255,52.06,52.06,52.06,0
OCT,test,CNV,CNV-1390155-37.jpeg,512,496,253952,1.032,49.14,65.76,255,0,255,49.14,49.14,49.14,0
OCT,test,CNV,CNV-1390155-38.jpeg,768,496,380928,1.548,33.18,38.57,255,0,255,33.18,33.18,33.18,0
OCT,test,CNV,CNV-1390155-51.jpeg,1536,496,761856,3.097,35.7,37.42,255,0,255,35.7,35.7,35.7,0
OCT,test,CNV,CNV-1390155-6.jpeg,512,496,253952,1.032,67.25,65.91,255,0,255,67.25,67.25,67.25,0
OCT,test,CNV,CNV-1390155-68.jpeg,512,496,253952,1.032,38.83,49.78,255,0,255,38.83,38.83,38.83,0
OCT,test,CNV,CNV-1390155-71.jpeg,1536,496,761856,3.097,39.62,43.26,255,0,255,39.62,39.62,39.62,0
OCT,test,CNV,CNV-1390155-81.jpeg,512,496,253952,1.032,62.43,71.91,255,0,255,62.43,62.43,62.43,0
OCT,test,CNV,CNV-1390155-82.jpeg,512,496,253952,1.032,62.84,72.08,255,0,255,62.84,62.84,62.84,0
OCT,test,CNV,CNV-1390155-85.jpeg,1536,496,761856,3.097,28.86,34.09,255,0,255,28.86,28.86,28.86,0
OCT,test,CNV,CNV-1390155-86.jpeg,512,496,253952,1.032,47.55,50.43,255,0,255,47.55,47.55,47.55,0
OCT,test,CNV,CNV-1390155-92.jpeg,512,496,253952,1.032,48.34,50.23,255,0,255,48.34,48.34,48.34,0
OCT,test,CNV,CNV-1390155-98.jpeg,768,496,380928,1.548,38.63,39.97,255,0,255,38.63,38.63,38.63,0
OCT,test,CNV,CNV-1415351-1.jpeg,512,496,253952,1.032,47.01,48.5,255,0,255,47.01,47.01,47.01,0
OCT,test,CNV,CNV-1415351-10.jpeg,768,496,380928,1.548,38.39,40.49,255,0,255,38.39,38.39,38.39,0
OCT,test,CNV,CNV-1415351-2.jpeg,512,496,253952,1.032,56.68,54.76,255,0,255,56.68,56.68,56.68,0
OCT,test,CNV,CNV-1415351-9.jpeg,768,496,380928,1.548,42.59,40.7,255,0,255,42.59,42.59,42.59,0
OCT,test,CNV,CNV-1455244-10.jpeg,512,496,253952,1.032,58.33,59.59,255,0,255,58.33,58.33,58.33,0
OCT,test,CNV,CNV-1455244-5.jpeg,512,496,253952,1.032,60.77,69.84,255,0,255,60.77,60.77,60.77,0
OCT,test,CNV,CNV-154835-10.jpeg,768,496,380928,1.548,37.19,36.21,255,0,255,37.19,37.19,37.19,0
OCT,test,CNV,CNV-154835-16.jpeg,512,496,253952,1.032,36.35,35.78,255,0,255,36.35,36.35,36.35,0
OCT,test,CNV,CNV-154835-2.jpeg,512,496,253952,1.032,41.73,40.89,255,0,255,41.73,41.73,41.73,0
OCT,test,CNV,CNV-154835-26.jpeg,512,496,253952,1.032,38.99,39.84,255,0,255,38.99,38.99,38.99,0
OCT,test,CNV,CNV-154835-39.jpeg,512,496,253952,1.032,47.0,50.53,255,0,255,47.0,47.0,47.0,0
OCT,test,CNV,CNV-154835-51.jpeg,1536,496,761856,3.097,40.72,42.55,255,0,255,40.72,40.72,40.72,0
OCT,test,CNV,CNV-154835-53.jpeg,768,496,380928,1.548,42.84,39.91,255,0,255,42.84,42.84,42.84,0
OCT,test,CNV,CNV-154835-68.jpeg,512,496,253952,1.032,54.77,59.83,255,0,255,54.77,54.77,54.77,0
OCT,test,CNV,CNV-154835-80.jpeg,768,496,380928,1.548,29.53,27.84,255,0,255,29.53,29.53,29.53,0
OCT,test,CNV,CNV-154835-85.jpeg,512,496,253952,1.032,43.23,47.9,255,0,255,43.23,43.23,43.23,0
OCT,test,CNV,CNV-1605492-1.jpeg,768,496,380928,1.548,26.86,32.65,255,0,255,26.86,26.86,26.86,0
OCT,test,CNV,CNV-1605492-4.jpeg,768,496,380928,1.548,21.39,26.7,255,0,255,21.39,21.39,21.39,0
OCT,test,CNV,CNV-1608146-2.jpeg,768,496,380928,1.548,40.38,41.06,255,0,255,40.38,40.38,40.38,0
OCT,test,CNV,CNV-1608146-3.jpeg,512,496,253952,1.032,64.89,71.43,255,0,255,64.89,64.89,64.89,0
OCT,test,CNV,CNV-163081-1.jpeg,768,496,380928,1.548,41.43,42.64,255,0,255,41.43,41.43,41.43,0
OCT,test,CNV,CNV-163081-100.jpeg,512,496,253952,1.032,56.63,56.66,255,0,255,56.63,56.63,56.63,0
OCT,test,CNV,CNV-163081-102.jpeg,768,496,380928,1.548,38.6,35.85,255,0,255,38.6,38.6,38.6,0
OCT,test,CNV,CNV-163081-106.jpeg,512,496,253952,1.032,66.33,65.89,255,0,255,66.33,66.33,66.33,0
OCT,test,CNV,CNV-163081-118.jpeg,512,496,253952,1.032,56.61,53.73,255,0,255,56.61,56.61,56.61,0
OCT,test,CNV,CNV-163081-12.jpeg,512,496,253952,1.032,50.6,56.37,255,0,255,50.6,50.6,50.6,0
OCT,test,CNV,CNV-163081-124.jpeg,512,496,253952,1.032,52.83,39.99,255,0,255,52.83,52.83,52.83,0
OCT,test,CNV,CNV-163081-13.jpeg,512,496,253952,1.032,51.6,59.61,255,0,255,51.6,51.6,51.6,0
OCT,test,CNV,CNV-163081-140.jpeg,512,496,253952,1.032,60.37,77.85,255,0,255,60.37,60.37,60.37,0
OCT,test,CNV,CNV-163081-141.jpeg,512,496,253952,1.032,58.39,75.65,255,0,255,58.39,58.39,58.39,0
OCT,test,CNV,CNV-163081-154.jpeg,768,496,380928,1.548,46.16,44.6,255,0,255,46.16,46.16,46.16,0
OCT,test,CNV,CNV-163081-158.jpeg,512,496,253952,1.032,52.58,50.7,255,0,255,52.58,52.58,52.58,0
OCT,test,CNV,CNV-163081-173.jpeg,1024,496,507904,2.065,32.09,50.78,255,0,255,32.09,32.09,32.09,0
OCT,test,CNV,CNV-163081-177.jpeg,1536,496,761856,3.097,52.15,46.83,255,0,255,52.15,52.15,52.15,0
OCT,test,CNV,CNV-163081-18.jpeg,768,496,380928,1.548,40.18,41.35,255,0,255,40.18,40.18,40.18,0
OCT,test,CNV,CNV-163081-183.jpeg,512,496,253952,1.032,38.18,41.35,255,0,255,38.18,38.18,38.18,0
OCT,test,CNV,CNV-163081-186.jpeg,512,496,253952,1.032,89.31,82.39,255,0,255,89.31,89.31,89.31,0
OCT,test,CNV,CNV-163081-188.jpeg,768,496,380928,1.548,46.25,42.58,255,0,255,46.25,46.25,46.25,0
OCT,test,CNV,CNV-163081-189.jpeg,1536,496,761856,3.097,30.48,31.6,255,0,255,30.48,30.48,30.48,0
OCT,test,CNV,CNV-163081-2.jpeg,768,496,380928,1.548,37.52,38.56,255,0,255,37.52,37.52,37.52,0
OCT,test,CNV,CNV-163081-217.jpeg,512,496,253952,1.032,53.44,48.62,255,0,255,53.44,53.44,53.44,0
OCT,test,CNV,CNV-163081-22.jpeg,512,496,253952,1.032,64.21,59.52,255,0,255,64.21,64.21,64.21,0
OCT,test,CNV,CNV-163081-225.jpeg,768,496,380928,1.548,41.18,41.31,255,0,255,41.18,41.18,41.18,0
OCT,test,CNV,CNV-163081-231.jpeg,768,496,380928,1.548,48.56,45.57,255,0,255,48.56,48.56,48.56,0
OCT,test,CNV,CNV-163081-24.jpeg,512,496,253952,1.032,68.82,61.9,255,0,255,68.82,68.82,68.82,0
OCT,test,CNV,CNV-163081-240.jpeg,768,496,380928,1.548,42.69,39.71,255,0,255,42.69,42.69,42.69,0
OCT,test,CNV,CNV-163081-243.jpeg,512,496,253952,1.032,63.14,55.54,255,0,255,63.14,63.14,63.14,0
OCT,test,CNV,CNV-163081-251.jpeg,768,496,380928,1.548,43.52,39.22,255,0,255,43.52,43.52,43.52,0
OCT,test,CNV,CNV-163081-254.jpeg,512,496,253952,1.032,76.26,53.22,255,0,255,76.26,76.26,76.26,0
OCT,test,CNV,CNV-163081-261.jpeg,512,496,253952,1.032,73.39,55.2,255,0,255,73.39,73.39,73.39,0
OCT,test,CNV,CNV-163081-263.jpeg,768,496,380928,1.548,50.16,50.04,255,0,255,50.16,50.16,50.16,0
OCT,test,CNV,CNV-163081-3.jpeg,512,496,253952,1.032,45.57,48.62,255,0,255,45.57,45.57,45.57,0
OCT,test,CNV,CNV-163081-31.jpeg,768,496,380928,1.548,84.62,90.71,255,0,255,84.62,84.62,84.62,0
OCT,test,CNV,CNV-163081-32.jpeg,768,496,380928,1.548,74.7,53.55,255,0,255,74.7,74.7,74.7,0
OCT,test,CNV,CNV-163081-42.jpeg,768,496,380928,1.548,36.53,36.03,255,0,255,36.53,36.53,36.53,0
OCT,test,CNV,CNV-163081-56.jpeg,768,496,380928,1.548,51.12,45.0,255,0,255,51.12,51.12,51.12,0
OCT,test,CNV,CNV-163081-65.jpeg,1536,496,761856,3.097,32.01,33.98,255,0,255,32.01,32.01,32.01,0
OCT,test,CNV,CNV-163081-68.jpeg,512,496,253952,1.032,43.23,42.33,255,0,255,43.23,43.23,43.23,0
OCT,test,CNV,CNV-163081-7.jpeg,512,496,253952,1.032,60.31,52.01,255,0,255,60.31,60.31,60.31,0
OCT,test,CNV,CNV-163081-70.jpeg,512,496,253952,1.032,60.64,62.99,255,0,255,60.64,60.64,60.64,0
OCT,test,CNV,CNV-163081-71.jpeg,512,496,253952,1.032,55.95,56.1,255,0,255,55.95,55.95,55.95,0
OCT,test,CNV,CNV-163081-73.jpeg,768,496,380928,1.548,39.99,40.6,255,0,255,39.99,39.99,39.99,0
OCT,test,CNV,CNV-163081-76.jpeg,512,496,253952,1.032,47.01,39.96,255,0,255,47.01,47.01,47.01,0
OCT,test,CNV,CNV-163081-8.jpeg,512,496,253952,1.032,61.54,53.44,255,0,255,61.54,61.54,61.54,0
OCT,test,CNV,CNV-163081-82.jpeg,768,496,380928,1.548,41.86,34.22,255,0,255,41.86,41.86,41.86,0
OCT,test,CNV,CNV-163081-85.jpeg,512,496,253952,1.032,93.91,79.09,255,0,255,93.91,93.91,93.91,0
OCT,test,CNV,CNV-163081-92.jpeg,768,496,380928,1.548,36.44,36.46,255,0,255,36.44,36.44,36.44,0
OCT,test,CNV,CNV-163081-95.jpeg,1536,496,761856,3.097,35.05,38.33,255,0,255,35.05,35.05,35.05,0
OCT,test,CNV,CNV-1632795-11.jpeg,768,496,380928,1.548,38.7,54.12,255,0,255,38.7,38.7,38.7,0
OCT,test,CNV,CNV-1632795-18.jpeg,512,496,253952,1.032,48.98,51.07,255,0,255,48.98,48.98,48.98,0
OCT,test,CNV,CNV-1632795-19.jpeg,512,496,253952,1.032,56.26,58.79,255,0,255,56.26,56.26,56.26,0
OCT,test,CNV,CNV-1632795-21.jpeg,1536,496,761856,3.097,93.33,100.47,255,0,255,93.33,93.33,93.33,0
OCT,test,CNV,CNV-1632795-24.jpeg,512,496,253952,1.032,84.36,88.3,255,0,255,84.36,84.36,84.36,0
OCT,test,CNV,CNV-1632795-28.jpeg,512,496,253952,1.032,57.05,63.13,255,0,255,57.05,57.05,57.05,0
OCT,test,CNV,CNV-1632795-30.jpeg,512,496,253952,1.032,53.37,57.44,255,0,255,53.37,53.37,53.37,0
OCT,test,CNV,CNV-1632795-37.jpeg,768,496,380928,1.548,52.9,69.09,255,0,255,52.9,52.9,52.9,0
OCT,test,CNV,CNV-1632795-38.jpeg,1536,496,761856,3.097,45.94,70.27,255,0,255,45.94,45.94,45.94,0
OCT,test,CNV,CNV-1632795-39.jpeg,512,496,253952,1.032,89.11,88.93,255,0,255,89.11,89.11,89.11,0
OCT,test,CNV,CNV-1632795-41.jpeg,512,496,253952,1.032,75.77,82.04,255,0,255,75.77,75.77,75.77,0
OCT,test,CNV,CNV-1632795-49.jpeg,512,496,253952,1.032,59.59,57.61,255,0,255,59.59,59.59,59.59,0
OCT,test,DME,DME-1072015-7.jpeg,1536,496,761856,3.097,32.58,39.05,255,0,255,32.58,32.58,32.58,0
OCT,test,DME,DME-1083927-9.jpeg,512,496,253952,1.032,95.49,84.55,255,0,255,95.49,95.49,95.49,0
OCT,test,DME,DME-1102486-1.jpeg,768,496,380928,1.548,37.7,38.12,255,0,255,37.7,37.7,37.7,0
OCT,test,DME,DME-1163718-3.jpeg,512,496,253952,1.032,51.89,54.01,255,0,255,51.89,51.89,51.89,0
OCT,test,DME,DME-1163718-4.jpeg,512,496,253952,1.032,62.26,50.6,255,0,255,62.26,62.26,62.26,0
OCT,test,DME,DME-1163718-8.jpeg,512,496,253952,1.032,64.59,55.95,255,0,255,64.59,64.59,64.59,0
OCT,test,DME,DME-119840-1.jpeg,512,496,253952,1.032,51.47,59.95,255,0,255,51.47,51.47,51.47,0
OCT,test,DME,DME-119840-18.jpeg,512,512,262144,1.0,46.68,53.06,255,0,255,46.68,46.68,46.68,0
OCT,test,DME,DME-119840-19.jpeg,512,512,262144,1.0,38.95,42.25,255,0,255,38.95,38.95,38.95,0
OCT,test,DME,DME-119840-22.jpeg,512,512,262144,1.0,41.95,51.53,255,0,255,41.95,41.95,41.95,0
OCT,test,DME,DME-119840-24.jpeg,512,512,262144,1.0,31.44,34.14,255,0,255,31.44,31.44,31.44,0
OCT,test,DME,DME-119840-6.jpeg,512,512,262144,1.0,33.92,39.55,255,0,255,33.92,33.92,33.92,0
OCT,test,DME,DME-127971-1.jpeg,512,512,262144,1.0,86.99,90.98,255,0,255,86.99,86.99,86.99,0
OCT,test,DME,DME-127971-2.jpeg,512,512,262144,1.0,90.38,91.82,255,0,255,90.38,90.38,90.38,0
OCT,test,DME,DME-127971-7.jpeg,512,512,262144,1.0,64.95,73.37,255,0,255,64.95,64.95,64.95,0
OCT,test,DME,DME-15307-5.jpeg,512,512,262144,1.0,152.19,96.38,255,0,255,152.19,152.19,152.19,0
OCT,test,DME,DME-1591159-1.jpeg,512,512,262144,1.0,42.82,40.35,255,0,255,42.82,42.82,42.82,0
OCT,test,DME,DME-1591159-12.jpeg,512,512,262144,1.0,42.9,36.5,255,0,255,42.9,42.9,42.9,0
OCT,test,DME,DME-1591159-13.jpeg,512,512,262144,1.0,47.25,41.47,255,0,255,47.25,47.25,47.25,0
OCT,test,DME,DME-1591159-15.jpeg,512,512,262144,1.0,71.05,50.85,255,0,255,71.05,71.05,71.05,0
OCT,test,DME,DME-1591159-16.jpeg,512,512,262144,1.0,75.28,54.55,255,0,255,75.28,75.28,75.28,0
OCT,test,DME,DME-1591159-17.jpeg,512,512,262144,1.0,42.3,40.48,255,0,255,42.3,42.3,42.3,0
OCT,test,DME,DME-1591159-18.jpeg,512,512,262144,1.0,37.72,36.39,255,0,255,37.72,37.72,37.72,0
OCT,test,DME,DME-1591159-30.jpeg,512,512,262144,1.0,62.05,62.06,255,0,255,62.05,62.05,62.05,0
OCT,test,DME,DME-1591159-31.jpeg,512,512,262144,1.0,49.28,60.8,255,0,255,49.28,49.28,49.28,0
OCT,test,DME,DME-1591159-39.jpeg,512,512,262144,1.0,28.68,28.82,252,0,252,28.68,28.68,28.68,0
OCT,test,DME,DME-1591159-51.jpeg,512,512,262144,1.0,64.81,70.41,255,0,255,64.81,64.81,64.81,0
OCT,test,DME,DME-1591159-54.jpeg,512,512,262144,1.0,25.56,29.92,255,0,255,25.56,25.56,25.56,0
OCT,test,DME,DME-1591159-56.jpeg,512,512,262144,1.0,48.04,51.77,255,0,255,48.04,48.04,48.04,0
OCT,test,DME,DME-1591159-57.jpeg,512,512,262144,1.0,42.66,42.49,255,0,255,42.66,42.66,42.66,0
OCT,test,DME,DME-1591159-6.jpeg,512,512,262144,1.0,34.25,36.12,255,0,255,34.25,34.25,34.25,0
OCT,test,DME,DME-1591159-60.jpeg,512,512,262144,1.0,33.45,33.25,255,0,255,33.45,33.45,33.45,0
OCT,test,DME,DME-1591159-76.jpeg,512,512,262144,1.0,37.69,39.56,255,0,255,37.69,37.69,37.69,0
OCT,test,DME,DME-1591159-78.jpeg,512,512,262144,1.0,29.0,30.73,255,0,255,29.0,29.0,29.0,0
OCT,test,DME,DME-1591159-86.jpeg,512,512,262144,1.0,73.11,48.74,255,0,255,73.11,73.11,73.11,0
OCT,test,DME,DME-1597899-1.jpeg,512,512,262144,1.0,38.25,36.79,255,0,255,38.25,38.25,38.25,0
OCT,test,DME,DME-1605248-1.jpeg,512,512,262144,1.0,29.9,33.42,255,0,255,29.9,29.9,29.9,0
OCT,test,DME,DME-1605248-4.jpeg,512,512,262144,1.0,37.48,34.08,255,0,255,37.48,37.48,37.48,0
OCT,test,DME,DME-1605248-7.jpeg,512,512,262144,1.0,32.13,34.98,255,0,255,32.13,32.13,32.13,0
OCT,test,DME,DME-1605248-9.jpeg,512,512,262144,1.0,24.77,29.61,255,0,255,24.77,24.77,24.77,0
OCT,test,DME,DME-1608084-3.jpeg,512,512,262144,1.0,39.41,42.1,255,0,255,39.41,39.41,39.41,0
OCT,test,DME,DME-1608084-4.jpeg,512,512,262144,1.0,36.29,40.33,255,0,255,36.29,36.29,36.29,0
OCT,test,DME,DME-1608084-8.jpeg,512,512,262144,1.0,77.82,76.69,255,0,255,77.82,77.82,77.82,0
OCT,test,DME,DME-1608084-9.jpeg,512,512,262144,1.0,43.83,59.67,255,0,255,43.83,43.83,43.83,0
OCT,test,DME,DME-1629753-1.jpeg,512,512,262144,1.0,34.29,34.17,255,0,255,34.29,34.29,34.29,0
OCT,test,DME,DME-1629753-6.jpeg,512,512,262144,1.0,26.72,26.29,255,0,255,26.72,26.72,26.72,0
OCT,test,DME,DME-1629753-8.jpeg,512,512,262144,1.0,36.27,41.46,255,0,255,36.27,36.27,36.27,0
OCT,test,DME,DME-1635931-10.jpeg,512,512,262144,1.0,58.98,61.72,255,0,255,58.98,58.98,58.98,0
OCT,test,DME,DME-1635931-12.jpeg,512,512,262144,1.0,42.52,44.42,255,0,255,42.52,42.52,42.52,0
OCT,test,DME,DME-1635931-4.jpeg,512,512,262144,1.0,27.82,28.96,255,0,255,27.82,27.82,27.82,0
OCT,test,DME,DME-1645804-2.jpeg,512,512,262144,1.0,86.4,71.55,255,0,255,86.4,86.4,86.4,0
OCT,test,DME,DME-1645804-4.jpeg,512,512,262144,1.0,38.36,32.33,255,0,255,38.36,38.36,38.36,0
OCT,test,DME,DME-1649492-10.jpeg,512,512,262144,1.0,34.84,33.74,255,0,255,34.84,34.84,34.84,0
OCT,test,DME,DME-1649492-13.jpeg,512,512,262144,1.0,40.6,36.15,255,0,255,40.6,40.6,40.6,0
OCT,test,DME,DME-1649492-28.jpeg,512,512,262144,1.0,28.4,27.68,255,0,255,28.4,28.4,28.4,0
OCT,test,DME,DME-1649492-3.jpeg,512,512,262144,1.0,61.84,75.3,255,0,255,61.84,61.84,61.84,0
OCT,test,DME,DME-1649492-39.jpeg,512,512,262144,1.0,48.51,54.55,255,0,255,48.51,48.51,48.51,0
OCT,test,DME,DME-1649492-4.jpeg,512,512,262144,1.0,43.08,49.0,255,0,255,43.08,43.08,43.08,0
OCT,test,DME,DME-1649492-41.jpeg,512,512,262144,1.0,21.59,26.01,255,0,255,21.59,21.59,21.59,0
OCT,test,DME,DME-1649492-42.jpeg,512,512,262144,1.0,43.69,45.85,255,0,255,43.69,43.69,43.69,0
OCT,test,DME,DME-1649492-49.jpeg,512,512,262144,1.0,54.34,68.24,255,0,255,54.34,54.34,54.34,0
OCT,test,DME,DME-1649492-53.jpeg,512,512,262144,1.0,28.07,29.31,255,0,255,28.07,28.07,28.07,0
OCT,test,DME,DME-1649492-64.jpeg,512,512,262144,1.0,27.07,27.33,255,0,255,27.07,27.07,27.07,0
OCT,test,DME,DME-1649492-72.jpeg,512,512,262144,1.0,29.97,31.85,255,0,255,29.97,29.97,29.97,0
OCT,test,DME,DME-1649492-73.jpeg,512,512,262144,1.0,35.34,38.51,255,0,255,35.34,35.34,35.34,0
OCT,test,DME,DME-1649492-74.jpeg,512,512,262144,1.0,42.97,41.63,255,0,255,42.97,42.97,42.97,0
OCT,test,DME,DME-1649492-9.jpeg,512,512,262144,1.0,47.75,44.07,255,0,255,47.75,47.75,47.75,0
OCT,test,DME,DME-1686343-2.jpeg,512,512,262144,1.0,65.16,77.89,255,0,255,65.16,65.16,65.16,0
OCT,test,DME,DME-1686343-4.jpeg,512,512,262144,1.0,85.3,90.43,255,0,255,85.3,85.3,85.3,0
OCT,test,DME,DME-1695472-15.jpeg,512,512,262144,1.0,57.78,52.37,255,0,255,57.78,57.78,57.78,0
OCT,test,DME,DME-1695472-25.jpeg,512,512,262144,1.0,59.98,69.5,255,0,255,59.98,59.98,59.98,0
OCT,test,DME,DME-1695472-30.jpeg,512,512,262144,1.0,45.85,49.82,255,0,255,45.85,45.85,45.85,0
OCT,test,DME,DME-1695472-37.jpeg,512,512,262144,1.0,61.87,73.88,255,0,255,61.87,61.87,61.87,0
OCT,test,DME,DME-1695472-38.jpeg,512,512,262144,1.0,54.22,63.5,255,0,255,54.22,54.22,54.22,0
OCT,test,DME,DME-1695472-47.jpeg,512,512,262144,1.0,51.93,50.53,255,0,255,51.93,51.93,51.93,0
OCT,test,DME,DME-1695472-48.jpeg,512,512,262144,1.0,51.43,44.59,255,0,255,51.43,51.43,51.43,0
OCT,test,DME,DME-1695472-51.jpeg,512,512,262144,1.0,60.35,57.01,255,0,255,60.35,60.35,60.35,0
OCT,test,DME,DME-1695472-54.jpeg,512,512,262144,1.0,35.11,36.58,255,0,255,35.11,35.11,35.11,0
OCT,test,DME,DME-1695472-57.jpeg,512,512,262144,1.0,76.25,77.27,255,0,255,76.25,76.25,76.25,0
OCT,test,DME,DME-1695472-62.jpeg,512,512,262144,1.0,40.24,41.97,255,0,255,40.24,40.24,40.24,0
OCT,test,DME,DME-1695472-67.jpeg,512,512,262144,1.0,58.37,59.36,255,0,255,58.37,58.37,58.37,0
OCT,test,DME,DME-1702663-1.jpeg,512,512,262144,1.0,60.3,68.8,255,0,255,60.3,60.3,60.3,0
OCT,test,DME,DME-1702663-10.jpeg,512,512,262144,1.0,77.63,74.03,255,0,255,77.63,77.63,77.63,0
OCT,test,DME,DME-1702663-13.jpeg,512,512,262144,1.0,56.24,46.54,255,0,255,56.24,56.24,56.24,0
OCT,test,DME,DME-1702663-2.jpeg,512,512,262144,1.0,114.95,97.97,255,0,255,114.95,114.95,114.95,0
OCT,test,DME,DME-1702663-3.jpeg,512,512,262144,1.0,118.51,96.77,255,0,255,118.51,118.51,118.51,0
OCT,test,DME,DME-1702663-8.jpeg,512,512,262144,1.0,96.21,83.33,255,0,255,96.21,96.21,96.21,0
OCT,test,DME,DME-1726544-11.jpeg,512,512,262144,1.0,38.24,35.05,255,0,255,38.24,38.24,38.24,0
OCT,test,DME,DME-1726544-16.jpeg,512,512,262144,1.0,56.68,68.85,255,0,255,56.68,56.68,56.68,0
OCT,test,DME,DME-1726544-17.jpeg,512,512,262144,1.0,57.84,72.93,255,0,255,57.84,57.84,57.84,0
OCT,test,DME,DME-1726544-4.jpeg,512,512,262144,1.0,83.81,96.46,255,0,255,83.81,83.81,83.81,0
OCT,test,DME,DME-1726544-7.jpeg,512,512,262144,1.0,31.27,25.99,255,0,255,31.27,31.27,31.27,0
OCT,test,DME,DME-1729810-1.jpeg,512,512,262144,1.0,33.0,30.07,255,0,255,33.0,33.0,33.0,0
OCT,test,DME,DME-1729810-4.jpeg,512,512,262144,1.0,62.05,61.59,255,0,255,62.05,62.05,62.05,0
OCT,test,DME,DME-1743445-3.jpeg,512,512,262144,1.0,58.93,49.22,255,0,255,58.93,58.93,58.93,0
OCT,test,DME,DME-1760431-1.jpeg,512,496,253952,1.032,44.11,46.85,255,0,255,44.11,44.11,44.11,0
OCT,test,DME,DME-1760955-1.jpeg,768,496,380928,1.548,42.1,37.15,255,0,255,42.1,42.1,42.1,0
OCT,test,DME,DME-1760955-2.jpeg,768,496,380928,1.548,30.58,31.09,255,0,255,30.58,30.58,30.58,0
OCT,test,DME,DME-1760955-6.jpeg,512,496,253952,1.032,47.79,64.86,255,0,255,47.79,47.79,47.79,0
OCT,test,DME,DME-1783079-3.jpeg,512,496,253952,1.032,43.46,45.49,255,0,255,43.46,43.46,43.46,0
OCT,test,DME,DME-1805818-2.jpeg,512,496,253952,1.032,85.72,76.59,255,0,255,85.72,85.72,85.72,0
OCT,test,DME,DME-1805818-4.jpeg,768,496,380928,1.548,42.71,37.86,255,0,255,42.71,42.71,42.71,0
OCT,test,DME,DME-1808783-14.jpeg,768,496,380928,1.548,28.33,34.59,255,0,255,28.33,28.33,28.33,0
OCT,test,DME,DME-1808783-17.jpeg,512,496,253952,1.032,132.67,108.79,255,0,255,132.67,132.67,132.67,0
OCT,test,DME,DME-1808783-18.jpeg,512,496,253952,1.032,49.83,59.26,255,0,255,49.83,49.83,49.83,0
OCT,test,DME,DME-1808783-19.jpeg,512,496,253952,1.032,54.22,63.75,255,0,255,54.22,54.22,54.22,0
OCT,test,DME,DME-1808783-20.jpeg,512,496,253952,1.032,43.39,47.62,255,0,255,43.39,43.39,43.39,0
OCT,test,DME,DME-1808783-21.jpeg,768,496,380928,1.548,36.28,37.03,255,0,255,36.28,36.28,36.28,0
OCT,test,DME,DME-1808783-8.jpeg,512,496,253952,1.032,56.03,61.4,255,0,255,56.03,56.03,56.03,0
OCT,test,DME,DME-1823896-4.jpeg,768,496,380928,1.548,34.53,31.02,255,0,255,34.53,34.53,34.53,0
OCT,test,DME,DME-1858286-1.jpeg,768,496,380928,1.548,32.29,30.44,255,0,255,32.29,32.29,32.29,0
OCT,test,DME,DME-1860310-12.jpeg,512,496,253952,1.032,44.19,44.77,255,0,255,44.19,44.19,44.19,0
OCT,test,DME,DME-1860310-18.jpeg,768,496,380928,1.548,47.23,45.35,255,0,255,47.23,47.23,47.23,0
OCT,test,DME,DME-1860310-29.jpeg,512,496,253952,1.032,40.47,45.72,255,0,255,40.47,40.47,40.47,0
OCT,test,DME,DME-1860310-5.jpeg,512,496,253952,1.032,39.35,42.33,255,0,255,39.35,39.35,39.35,0
OCT,test,DME,DME-1875232-2.jpeg,1024,496,507904,2.065,37.23,41.1,255,0,255,37.23,37.23,37.23,0
OCT,test,DME,DME-1875232-7.jpeg,1024,496,507904,2.065,44.62,59.92,255,0,255,44.62,44.62,44.62,0
OCT,test,DME,DME-1875232-9.jpeg,1024,496,507904,2.065,37.42,39.79,255,0,255,37.42,37.42,37.42,0
OCT,test,DME,DME-1888479-10.jpeg,768,496,380928,1.548,39.42,38.94,255,0,255,39.42,39.42,39.42,0
OCT,test,DME,DME-1888479-14.jpeg,512,496,253952,1.032,57.42,45.28,255,0,255,57.42,57.42,57.42,0
OCT,test,DME,DME-1888479-16.jpeg,512,496,253952,1.032,62.32,61.18,255,0,255,62.32,62.32,62.32,0
OCT,test,DME,DME-1888479-24.jpeg,512,496,253952,1.032,53.86,54.1,255,0,255,53.86,53.86,53.86,0
OCT,test,DME,DME-1888479-25.jpeg,512,496,253952,1.032,52.81,54.01,255,0,255,52.81,52.81,52.81,0
OCT,test,DME,DME-1888479-27.jpeg,512,496,253952,1.032,59.48,59.73,255,0,255,59.48,59.48,59.48,0
OCT,test,DME,DME-1888479-28.jpeg,512,496,253952,1.032,62.63,61.12,255,0,255,62.63,62.63,62.63,0
OCT,test,DME,DME-1888479-30.jpeg,512,512,262144,1.0,37.3,36.6,255,0,255,37.3,37.3,37.3,0
OCT,test,DME,DME-1888479-35.jpeg,512,512,262144,1.0,55.55,50.43,255,0,255,55.55,55.55,55.55,0
OCT,test,DME,DME-1888479-36.jpeg,512,512,262144,1.0,49.52,41.34,255,0,255,49.52,49.52,49.52,0
OCT,test,DME,DME-1888479-4.jpeg,768,496,380928,1.548,33.47,35.07,255,0,255,33.47,33.47,33.47,0
OCT,test,DME,DME-1888479-41.jpeg,768,496,380928,1.548,39.57,38.89,255,0,255,39.57,39.57,39.57,0
OCT,test,DME,DME-1888479-44.jpeg,768,496,380928,1.548,43.44,42.52,255,0,255,43.44,43.44,43.44,0
OCT,test,DME,DME-1888479-7.jpeg,512,496,253952,1.032,65.01,68.28,255,0,255,65.01,65.01,65.01,0
OCT,test,DME,DME-1888479-8.jpeg,512,496,253952,1.032,52.15,58.09,255,0,255,52.15,52.15,52.15,0
OCT,test,DME,DME-1893853-1.jpeg,768,496,380928,1.548,39.52,44.44,255,0,255,39.52,39.52,39.52,0
OCT,test,DME,DME-1896542-1.jpeg,768,496,380928,1.548,34.01,56.52,255,0,255,34.01,34.01,34.01,0
OCT,test,DME,DME-1896542-23.jpeg,768,496,380928,1.548,49.65,60.89,255,0,255,49.65,49.65,49.65,0
OCT,test,DME,DME-1896542-3.jpeg,512,496,253952,1.032,31.44,47.34,255,0,255,31.44,31.44,31.44,0
OCT,test,DME,DME-1896542-30.jpeg,512,496,253952,1.032,44.05,57.88,255,0,255,44.05,44.05,44.05,0
OCT,test,DME,DME-1896542-34.jpeg,768,496,380928,1.548,56.88,81.64,255,0,255,56.88,56.88,56.88,0
OCT,test,DME,DME-1896542-39.jpeg,512,496,253952,1.032,41.14,55.65,255,0,255,41.14,41.14,41.14,0
OCT,test,DME,DME-1896542-8.jpeg,512,496,253952,1.032,49.0,68.1,255,0,255,49.0,49.0,49.0,0
OCT,test,DME,DME-1920087-17.jpeg,512,496,253952,1.032,47.59,58.74,255,0,255,47.59,47.59,47.59,0
OCT,test,DME,DME-1920087-19.jpeg,512,496,253952,1.032,36.12,38.39,255,0,255,36.12,36.12,36.12,0
OCT,test,DME,DME-1920087-5.jpeg,768,496,380928,1.548,34.51,36.31,255,0,255,34.51,34.51,34.51,0
OCT,test,DME,DME-1923563-3.jpeg,512,496,253952,1.032,44.46,43.75,255,0,255,44.46,44.46,44.46,0
OCT,test,DME,DME-1923563-4.jpeg,512,496,253952,1.032,41.12,41.44,255,0,255,41.12,41.12,41.12,0
OCT,test,DME,DME-1966898-1.jpeg,512,512,262144,1.0,35.53,34.55,255,0,255,35.53,35.53,35.53,0
OCT,test,DME,DME-1966898-6.jpeg,512,512,262144,1.0,28.68,30.82,255,0,255,28.68,28.68,28.68,0
OCT,test,DME,DME-214825-1.jpeg,512,496,253952,1.032,37.17,31.27,255,0,255,37.17,37.17,37.17,0
OCT,test,DME,DME-2205167-22.jpeg,512,496,253952,1.032,79.54,87.68,255,0,255,79.54,79.54,79.54,0
OCT,test,DME,DME-2205167-27.jpeg,512,496,253952,1.032,86.41,75.06,255,0,255,86.41,86.41,86.41,0
OCT,test,DME,DME-2205167-8.jpeg,768,496,380928,1.548,37.57,37.47,255,0,255,37.57,37.57,37.57,0
OCT,test,DME,DME-2232211-12.jpeg,768,496,380928,1.548,28.48,31.96,255,0,255,28.48,28.48,28.48,0
OCT,test,DME,DME-2232211-14.jpeg,768,496,380928,1.548,31.22,33.35,255,0,255,31.22,31.22,31.22,0
OCT,test,DME,DME-2232211-15.jpeg,512,496,253952,1.032,40.54,46.89,255,0,255,40.54,40.54,40.54,0
OCT,test,DME,DME-2232211-16.jpeg,512,496,253952,1.032,38.9,40.82,255,0,255,38.9,38.9,38.9,0
OCT,test,DME,DME-2232211-2.jpeg,512,512,262144,1.0,29.91,34.9,255,0,255,29.91,29.91,29.91,0
OCT,test,DME,DME-2232211-3.jpeg,512,512,262144,1.0,34.62,31.53,255,0,255,34.62,34.62,34.62,0
OCT,test,DME,DME-2232211-4.jpeg,512,512,262144,1.0,26.92,27.33,255,0,255,26.92,26.92,26.92,0
OCT,test,DME,DME-2261889-11.jpeg,512,496,253952,1.032,61.32,74.67,255,0,255,61.32,61.32,61.32,0
OCT,test,DME,DME-2261889-13.jpeg,512,496,253952,1.032,49.93,57.69,255,0,255,49.93,49.93,49.93,0
OCT,test,DME,DME-2261889-18.jpeg,512,512,262144,1.0,39.35,51.83,255,0,255,39.35,39.35,39.35,0
OCT,test,DME,DME-2261889-21.jpeg,512,512,262144,1.0,34.23,37.05,255,0,255,34.23,34.23,34.23,0
OCT,test,DME,DME-2261889-26.jpeg,768,496,380928,1.548,33.45,36.41,255,0,255,33.45,33.45,33.45,0
OCT,test,DME,DME-2261889-28.jpeg,768,496,380928,1.548,37.78,39.15,255,0,255,37.78,37.78,37.78,0
OCT,test,DME,DME-2307300-1.jpeg,768,496,380928,1.548,51.07,61.88,255,0,255,51.07,51.07,51.07,0
OCT,test,DME,DME-2346350-10.jpeg,512,512,262144,1.0,46.92,48.28,255,0,255,46.92,46.92,46.92,0
OCT,test,DME,DME-2346350-13.jpeg,512,512,262144,1.0,55.86,50.05,255,0,255,55.86,55.86,55.86,0
OCT,test,DME,DME-2346350-6.jpeg,512,512,262144,1.0,36.46,38.68,255,0,255,36.46,36.46,36.46,0
OCT,test,DME,DME-2351012-1.jpeg,512,496,253952,1.032,50.3,55.93,255,0,255,50.3,50.3,50.3,0
OCT,test,DME,DME-2351012-2.jpeg,512,496,253952,1.032,49.93,52.02,255,0,255,49.93,49.93,49.93,0
OCT,test,DME,DME-2388519-11.jpeg,512,512,262144,1.0,99.04,86.59,255,0,255,99.04,99.04,99.04,0
OCT,test,DME,DME-2388519-2.jpeg,512,512,262144,1.0,59.18,45.05,255,0,255,59.18,59.18,59.18,0
OCT,test,DME,DME-2506710-2.jpeg,512,496,253952,1.032,75.39,81.06,255,0,255,75.39,75.39,75.39,0
OCT,test,DME,DME-258763-100.jpeg,512,496,253952,1.032,108.52,94.15,255,0,255,108.52,108.52,108.52,0
OCT,test,DME,DME-258763-11.jpeg,1536,496,761856,3.097,86.01,87.1,255,0,255,86.01,86.01,86.01,0
OCT,test,DME,DME-258763-15.jpeg,512,496,253952,1.032,103.23,91.57,255,0,255,103.23,103.23,103.23,0
OCT,test,DME,DME-258763-17.jpeg,512,496,253952,1.032,129.99,100.67,255,0,255,129.99,129.99,129.99,0
OCT,test,DME,DME-258763-18.jpeg,1536,496,761856,3.097,55.38,61.5,255,0,255,55.38,55.38,55.38,0
OCT,test,DME,DME-258763-29.jpeg,512,496,253952,1.032,62.0,55.88,255,0,255,62.0,62.0,62.0,0
OCT,test,DME,DME-258763-35.jpeg,512,496,253952,1.032,62.89,56.64,255,0,255,62.89,62.89,62.89,0
OCT,test,DME,DME-258763-38.jpeg,1536,496,761856,3.097,67.38,72.55,255,0,255,67.38,67.38,67.38,0
OCT,test,DME,DME-258763-50.jpeg,512,496,253952,1.032,123.95,95.89,255,0,255,123.95,123.95,123.95,0
OCT,test,DME,DME-258763-51.jpeg,1536,496,761856,3.097,82.4,82.15,255,0,255,82.4,82.4,82.4,0
OCT,test,DME,DME-258763-52.jpeg,1536,496,761856,3.097,47.65,59.8,255,0,255,47.65,47.65,47.65,0
OCT,test,DME,DME-258763-56.jpeg,512,496,253952,1.032,142.15,99.62,255,0,255,142.15,142.15,142.15,0
OCT,test,DME,DME-258763-58.jpeg,1536,496,761856,3.097,51.82,63.2,255,0,255,51.82,51.82,51.82,0
OCT,test,DME,DME-258763-63.jpeg,1536,496,761856,3.097,81.87,85.18,255,0,255,81.87,81.87,81.87,0
OCT,test,DME,DME-258763-66.jpeg,512,496,253952,1.032,89.48,86.31,255,0,255,89.48,89.48,89.48,0
OCT,test,DME,DME-258763-76.jpeg,512,496,253952,1.032,80.34,75.55,255,0,255,80.34,80.34,80.34,0
OCT,test,DME,DME-258763-83.jpeg,512,496,253952,1.032,119.8,93.75,255,0,255,119.8,119.8,119.8,0
OCT,test,DME,DME-258763-84.jpeg,512,496,253952,1.032,124.42,90.19,255,0,255,124.42,124.42,124.42,0
OCT,test,DME,DME-258763-88.jpeg,512,496,253952,1.032,108.02,87.44,255,0,255,108.02,108.02,108.02,0
OCT,test,DME,DME-258763-89.jpeg,512,496,253952,1.032,107.42,88.31,255,0,255,107.42,107.42,107.42,0
OCT,test,DME,DME-258763-98.jpeg,1536,496,761856,3.097,61.04,68.17,255,0,255,61.04,61.04,61.04,0
OCT,test,DME,DME-262460-2.jpeg,768,496,380928,1.548,23.29,25.44,255,0,255,23.29,23.29,23.29,0
OCT,test,DME,DME-2630113-16.jpeg,512,496,253952,1.032,70.92,85.36,255,0,255,70.92,70.92,70.92,0
OCT,test,DME,DME-2630113-24.jpeg,512,512,262144,1.0,117.65,106.13,255,0,255,117.65,117.65,117.65,0
OCT,test,DME,DME-2630113-27.jpeg,512,512,262144,1.0,66.28,76.99,255,0,255,66.28,66.28,66.28,0
OCT,test,DME,DME-2630113-30.jpeg,512,512,262144,1.0,33.76,38.4,255,0,255,33.76,33.76,33.76,0
OCT,test,DME,DME-2630113-42.jpeg,512,512,262144,1.0,48.77,56.39,255,0,255,48.77,48.77,48.77,0
OCT,test,DME,DME-2630113-46.jpeg,512,512,262144,1.0,49.88,60.76,255,0,255,49.88,49.88,49.88,0
OCT,test,DME,DME-2630113-54.jpeg,512,512,262144,1.0,131.38,100.34,255,0,255,131.38,131.38,131.38,0
OCT,test,DME,DME-2630113-9.jpeg,512,512,262144,1.0,45.99,59.09,255,0,255,45.99,45.99,45.99,0
OCT,test,DME,DME-2630665-1.jpeg,768,496,380928,1.548,36.68,40.5,255,0,255,36.68,36.68,36.68,0
OCT,test,DME,DME-269181-12.jpeg,512,496,253952,1.032,49.36,47.96,255,0,255,49.36,49.36,49.36,0
OCT,test,DME,DME-269181-16.jpeg,1536,496,761856,3.097,41.94,39.74,255,0,255,41.94,41.94,41.94,0
OCT,test,DME,DME-269181-20.jpeg,512,496,253952,1.032,66.86,68.8,255,0,255,66.86,66.86,66.86,0
OCT,test,DME,DME-269181-27.jpeg,768,496,380928,1.548,44.77,37.79,255,0,255,44.77,44.77,44.77,0
OCT,test,DME,DME-269181-28.jpeg,768,496,380928,1.548,48.89,42.08,255,0,255,48.89,48.89,48.89,0
OCT,test,DME,DME-269181-32.jpeg,1536,496,761856,3.097,35.82,34.87,255,0,255,35.82,35.82,35.82,0
OCT,test,DME,DME-269181-6.jpeg,1536,496,761856,3.097,27.19,30.61,255,0,255,27.19,27.19,27.19,0
OCT,test,DME,DME-2763635-1.jpeg,512,496,253952,1.032,59.99,55.62,255,0,255,59.99,59.99,59.99,0
OCT,test,DME,DME-2780638-2.jpeg,512,496,253952,1.032,50.24,70.35,255,0,255,50.24,50.24,50.24,0
OCT,test,DME,DME-2780638-8.jpeg,512,496,253952,1.032,63.97,71.45,255,0,255,63.97,63.97,63.97,0
OCT,test,DME,DME-2817912-3.jpeg,512,496,253952,1.032,71.88,93.48,255,0,255,71.88,71.88,71.88,0
OCT,test,DME,DME-2834689-4.jpeg,512,512,262144,1.0,46.55,43.47,255,0,255,46.55,46.55,46.55,0
OCT,test,DME,DME-30521-1.jpeg,512,512,262144,1.0,31.44,33.72,255,0,255,31.44,31.44,31.44,0
OCT,test,DME,DME-30521-10.jpeg,512,512,262144,1.0,45.81,53.36,255,0,255,45.81,45.81,45.81,0
OCT,test,DME,DME-30521-107.jpeg,512,512,262144,1.0,34.41,37.03,255,0,255,34.41,34.41,34.41,0
OCT,test,DME,DME-30521-116.jpeg,512,512,262144,1.0,35.43,44.14,255,0,255,35.43,35.43,35.43,0
OCT,test,DME,DME-30521-120.jpeg,512,512,262144,1.0,27.61,29.7,255,0,255,27.61,27.61,27.61,0
OCT,test,DME,DME-30521-123.jpeg,512,512,262144,1.0,26.18,30.58,255,0,255,26.18,26.18,26.18,0
OCT,test,DME,DME-30521-125.jpeg,512,512,262144,1.0,41.49,42.5,255,0,255,41.49,41.49,41.49,0
OCT,test,DME,DME-30521-127.jpeg,512,512,262144,1.0,49.71,52.37,255,0,255,49.71,49.71,49.71,0
OCT,test,DME,DME-30521-131.jpeg,512,512,262144,1.0,42.76,39.82,255,0,255,42.76,42.76,42.76,0
OCT,test,DME,DME-30521-14.jpeg,512,512,262144,1.0,70.27,74.44,255,0,255,70.27,70.27,70.27,0
OCT,test,DME,DME-30521-147.jpeg,512,512,262144,1.0,38.55,39.98,255,0,255,38.55,38.55,38.55,0
OCT,test,DME,DME-30521-149.jpeg,512,512,262144,1.0,40.75,44.17,255,0,255,40.75,40.75,40.75,0
OCT,test,DME,DME-30521-16.jpeg,512,512,262144,1.0,66.69,73.01,255,0,255,66.69,66.69,66.69,0
OCT,test,DME,DME-30521-169.jpeg,512,512,262144,1.0,48.08,54.18,255,0,255,48.08,48.08,48.08,0
OCT,test,DME,DME-30521-18.jpeg,512,512,262144,1.0,29.21,31.01,255,0,255,29.21,29.21,29.21,0
OCT,test,DME,DME-30521-184.jpeg,512,512,262144,1.0,122.99,100.87,255,0,255,122.99,122.99,122.99,0
OCT,test,DME,DME-30521-188.jpeg,512,512,262144,1.0,121.92,102.9,255,0,255,121.92,121.92,121.92,0
OCT,test,DME,DME-30521-2.jpeg,512,512,262144,1.0,36.7,39.51,255,0,255,36.7,36.7,36.7,0
OCT,test,DME,DME-30521-215.jpeg,512,512,262144,1.0,61.22,67.15,255,0,255,61.22,61.22,61.22,0
OCT,test,DME,DME-30521-222.jpeg,512,512,262144,1.0,38.06,44.28,255,0,255,38.06,38.06,38.06,0
OCT,test,DME,DME-30521-3.jpeg,768,496,380928,1.548,31.59,33.95,255,0,255,31.59,31.59,31.59,0
OCT,test,DME,DME-30521-38.jpeg,512,512,262144,1.0,21.84,23.79,255,0,255,21.84,21.84,21.84,0
OCT,test,DME,DME-30521-4.jpeg,512,512,262144,1.0,41.08,48.57,255,0,255,41.08,41.08,41.08,0
OCT,test,DME,DME-30521-48.jpeg,512,512,262144,1.0,32.9,34.63,255,0,255,32.9,32.9,32.9,0
OCT,test,DME,DME-30521-52.jpeg,512,512,262144,1.0,22.81,23.44,255,0,255,22.81,22.81,22.81,0
OCT,test,DME,DME-30521-54.jpeg,512,512,262144,1.0,39.06,39.61,255,0,255,39.06,39.06,39.06,0
OCT,test,DME,DME-30521-58.jpeg,512,512,262144,1.0,33.23,34.63,255,0,255,33.23,33.23,33.23,0
OCT,test,DME,DME-30521-63.jpeg,512,512,262144,1.0,71.1,76.31,255,0,255,71.1,71.1,71.1,0
OCT,test,DME,DME-30521-68.jpeg,512,512,262144,1.0,39.01,40.51,255,0,255,39.01,39.01,39.01,0
OCT,test,DME,DME-30521-72.jpeg,512,512,262144,1.0,28.73,41.86,255,0,255,28.73,28.73,28.73,0
OCT,test,DME,DME-30521-76.jpeg,512,512,262144,1.0,37.2,36.05,255,0,255,37.2,37.2,37.2,0
OCT,test,DME,DME-30521-82.jpeg,512,512,262144,1.0,27.96,31.23,255,0,255,27.96,27.96,27.96,0
OCT,test,DME,DME-30521-91.jpeg,512,512,262144,1.0,42.93,50.82,255,0,255,42.93,42.93,42.93,0
OCT,test,DME,DME-30521-95.jpeg,512,512,262144,1.0,35.17,40.29,255,0,255,35.17,35.17,35.17,0
OCT,test,DME,DME-306172-109.jpeg,512,512,262144,1.0,83.72,83.11,255,0,255,83.72,83.72,83.72,0
OCT,test,DME,DME-306172-112.jpeg,512,512,262144,1.0,60.52,67.28,255,0,255,60.52,60.52,60.52,0
OCT,test,DME,DME-306172-114.jpeg,512,512,262144,1.0,68.09,85.11,255,0,255,68.09,68.09,68.09,0
OCT,test,DME,DME-306172-117.jpeg,512,512,262144,1.0,97.47,90.64,255,0,255,97.47,97.47,97.47,0
OCT,test,DME,DME-306172-119.jpeg,512,512,262144,1.0,75.11,81.25,255,0,255,75.11,75.11,75.11,0
OCT,test,DME,DME-306172-120.jpeg,512,512,262144,1.0,81.63,82.51,255,0,255,81.63,81.63,81.63,0
OCT,test,DME,DME-306172-16.jpeg,512,512,262144,1.0,49.53,48.94,255,0,255,49.53,49.53,49.53,0
OCT,test,DME,DME-306172-17.jpeg,512,512,262144,1.0,42.82,41.46,255,0,255,42.82,42.82,42.82,0
OCT,test,DME,DME-306172-18.jpeg,512,512,262144,1.0,46.52,42.72,255,0,255,46.52,46.52,46.52,0
OCT,test,DME,DME-306172-2.jpeg,512,512,262144,1.0,79.0,91.35,255,0,255,79.0,79.0,79.0,0
OCT,test,DME,DME-306172-22.jpeg,512,512,262144,1.0,104.21,104.79,255,0,255,104.21,104.21,104.21,0
OCT,test,DME,DME-306172-24.jpeg,512,512,262144,1.0,34.03,36.69,255,0,255,34.03,34.03,34.03,0
OCT,test,DME,DME-306172-3.jpeg,512,512,262144,1.0,71.0,85.06,255,0,255,71.0,71.0,71.0,0
OCT,test,DME,DME-306172-30.jpeg,512,512,262144,1.0,117.26,98.96,255,0,255,117.26,117.26,117.26,0
OCT,test,DME,DME-306172-31.jpeg,512,512,262144,1.0,67.82,81.35,255,0,255,67.82,67.82,67.82,0
OCT,test,DME,DME-306172-39.jpeg,512,512,262144,1.0,63.15,71.45,255,0,255,63.15,63.15,63.15,0
OCT,test,DME,DME-306172-40.jpeg,512,512,262144,1.0,53.69,61.35,255,0,255,53.69,53.69,53.69,0
OCT,test,DME,DME-306172-46.jpeg,512,512,262144,1.0,47.84,54.69,255,0,255,47.84,47.84,47.84,0
OCT,test,DME,DME-306172-50.jpeg,512,512,262144,1.0,42.18,52.24,255,0,255,42.18,42.18,42.18,0
OCT,test,DME,DME-306172-52.jpeg,512,512,262144,1.0,71.06,83.18,255,0,255,71.06,71.06,71.06,0
OCT,test,DME,DME-306172-53.jpeg,512,512,262144,1.0,69.16,76.41,255,0,255,69.16,69.16,69.16,0
OCT,test,DME,DME-306172-54.jpeg,512,512,262144,1.0,51.9,63.2,255,0,255,51.9,51.9,51.9,0
OCT,test,DME,DME-306172-6.jpeg,512,512,262144,1.0,63.1,79.95,255,0,255,63.1,63.1,63.1,0
OCT,test,DME,DME-306172-60.jpeg,512,512,262144,1.0,45.21,41.03,255,0,255,45.21,45.21,45.21,0
OCT,test,DME,DME-306172-62.jpeg,512,512,262144,1.0,77.19,87.95,255,0,255,77.19,77.19,77.19,0
OCT,test,DME,DME-306172-70.jpeg,512,512,262144,1.0,55.68,67.13,255,0,255,55.68,55.68,55.68,0
OCT,test,DME,DME-306172-73.jpeg,512,512,262144,1.0,93.77,89.97,255,0,255,93.77,93.77,93.77,0
OCT,test,DME,DME-306172-77.jpeg,512,512,262144,1.0,59.14,76.79,255,0,255,59.14,59.14,59.14,0
OCT,test,DME,DME-306172-82.jpeg,512,512,262144,1.0,64.68,84.86,255,0,255,64.68,64.68,64.68,0
OCT,test,DME,DME-306172-85.jpeg,512,512,262144,1.0,34.93,35.22,255,0,255,34.93,34.93,34.93,0
OCT,test,DME,DME-306172-87.jpeg,512,512,262144,1.0,71.39,87.3,255,0,255,71.39,71.39,71.39,0
OCT,test,DME,DME-3064922-1.jpeg,512,496,253952,1.032,44.52,52.61,255,0,255,44.52,44.52,44.52,0
OCT,test,DME,DME-3064922-107.jpeg,768,496,380928,1.548,39.73,42.74,255,0,255,39.73,39.73,39.73,0
OCT,test,DME,DME-3064922-119.jpeg,512,512,262144,1.0,56.31,49.61,255,0,255,56.31,56.31,56.31,0
OCT,test,DME,DME-3064922-126.jpeg,512,496,253952,1.032,53.51,62.93,255,0,255,53.51,53.51,53.51,0
OCT,test,DME,DME-3064922-131.jpeg,512,512,262144,1.0,43.41,38.61,255,0,255,43.41,43.41,43.41,0
OCT,test,DME,DME-3064922-138.jpeg,512,512,262144,1.0,38.91,46.47,255,0,255,38.91,38.91,38.91,0
OCT,test,DME,DME-3064922-139.jpeg,512,512,262144,1.0,34.03,37.29,255,0,255,34.03,34.03,34.03,0
OCT,test,DME,DME-3064922-142.jpeg,512,512,262144,1.0,53.62,64.04,255,0,255,53.62,53.62,53.62,0
OCT,test,DME,DME-3064922-147.jpeg,768,496,380928,1.548,27.38,30.79,255,0,255,27.38,27.38,27.38,0
OCT,test,DME,DME-3064922-149.jpeg,512,512,262144,1.0,26.6,29.75,255,0,255,26.6,26.6,26.6,0
OCT,test,DME,DME-3064922-15.jpeg,512,512,262144,1.0,39.41,37.19,255,0,255,39.41,39.41,39.41,0
OCT,test,DME,DME-3064922-151.jpeg,512,496,253952,1.032,44.45,58.45,255,0,255,44.45,44.45,44.45,0
OCT,test,DME,DME-3064922-155.jpeg,512,496,253952,1.032,39.82,47.76,255,0,255,39.82,39.82,39.82,0
OCT,test,DME,DME-3064922-156.jpeg,512,496,253952,1.032,41.26,52.23,255,0,255,41.26,41.26,41.26,0
OCT,test,DME,DME-3064922-16.jpeg,512,512,262144,1.0,48.54,45.9,255,0,255,48.54,48.54,48.54,0
OCT,test,DME,DME-3064922-169.jpeg,512,512,262144,1.0,45.06,33.48,255,0,255,45.06,45.06,45.06,0
OCT,test,DME,DME-3064922-181.jpeg,512,512,262144,1.0,52.88,65.99,255,0,255,52.88,52.88,52.88,0
OCT,test,DME,DME-3064922-182.jpeg,512,496,253952,1.032,46.52,52.17,255,0,255,46.52,46.52,46.52,0
OCT,test,DME,DME-3064922-187.jpeg,512,512,262144,1.0,34.86,33.27,253,0,253,34.86,34.86,34.86,0
OCT,test,DME,DME-3064922-198.jpeg,512,512,262144,1.0,29.03,30.57,255,0,255,29.03,29.03,29.03,0
OCT,test,DME,DME-3064922-20.jpeg,512,512,262144,1.0,64.74,62.1,255,0,255,64.74,64.74,64.74,0
OCT,test,DME,DME-3064922-215.jpeg,512,512,262144,1.0,30.21,31.97,255,0,255,30.21,30.21,30.21,0
OCT,test,DME,DME-3064922-218.jpeg,512,512,262144,1.0,37.58,35.56,255,0,255,37.58,37.58,37.58,0
OCT,test,DME,DME-3064922-224.jpeg,512,512,262144,1.0,41.75,50.07,255,0,255,41.75,41.75,41.75,0
OCT,test,DME,DME-3064922-231.jpeg,512,512,262144,1.0,50.51,58.39,255,0,255,50.51,50.51,50.51,0
OCT,test,DME,DME-3064922-235.jpeg,512,512,262144,1.0,35.12,34.4,255,0,255,35.12,35.12,35.12,0
OCT,test,DME,DME-3064922-236.jpeg,512,512,262144,1.0,31.89,31.42,255,0,255,31.89,31.89,31.89,0
OCT,test,DME,DME-3064922-250.jpeg,512,512,262144,1.0,43.89,56.54,255,0,255,43.89,43.89,43.89,0
OCT,test,DME,DME-3064922-26.jpeg,512,512,262144,1.0,46.56,43.12,255,0,255,46.56,46.56,46.56,0
OCT,test,DME,DME-3064922-34.jpeg,512,512,262144,1.0,40.64,38.19,255,0,255,40.64,40.64,40.64,0
OCT,test,DME,DME-3064922-4.jpeg,512,512,262144,1.0,67.95,68.14,255,0,255,67.95,67.95,67.95,0
OCT,test,DME,DME-3064922-46.jpeg,512,512,262144,1.0,26.68,29.65,255,0,255,26.68,26.68,26.68,0
OCT,test,DME,DME-3064922-64.jpeg,512,496,253952,1.032,48.04,40.54,255,0,255,48.04,48.04,48.04,0
OCT,test,DME,DME-3064922-65.jpeg,512,512,262144,1.0,46.47,53.09,255,0,255,46.47,46.47,46.47,0
OCT,test,DME,DME-3064922-72.jpeg,1536,496,761856,3.097,30.59,34.62,255,0,255,30.59,30.59,30.59,0
OCT,test,DME,DME-3064922-81.jpeg,1536,496,761856,3.097,30.94,31.3,255,0,255,30.94,30.94,30.94,0
OCT,test,DME,DME-3064922-82.jpeg,1536,496,761856,3.097,35.72,35.16,255,0,255,35.72,35.72,35.72,0
OCT,test,DME,DME-3064922-88.jpeg,1536,496,761856,3.097,32.45,36.18,255,0,255,32.45,32.45,32.45,0
OCT,test,DME,DME-3064922-91.jpeg,512,496,253952,1.032,56.54,58.09,255,0,255,56.54,56.54,56.54,0
OCT,test,DME,DME-3101737-1.jpeg,512,512,262144,1.0,29.89,31.61,255,0,255,29.89,29.89,29.89,0
OCT,test,DME,DME-3101737-8.jpeg,512,512,262144,1.0,52.45,58.59,255,0,255,52.45,52.45,52.45,0
OCT,test,DME,DME-3114569-12.jpeg,512,512,262144,1.0,49.34,55.08,255,0,255,49.34,49.34,49.34,0
OCT,test,DME,DME-3114569-3.jpeg,512,512,262144,1.0,47.87,50.49,255,0,255,47.87,47.87,47.87,0
OCT,test,DME,DME-3114569-9.jpeg,512,512,262144,1.0,39.42,43.4,255,0,255,39.42,39.42,39.42,0
OCT,test,DME,DME-3157783-1.jpeg,512,512,262144,1.0,38.38,38.64,255,0,255,38.38,38.38,38.38,0
OCT,test,DME,DME-3157783-103.jpeg,768,496,380928,1.548,30.43,33.66,255,0,255,30.43,30.43,30.43,0
OCT,test,DME,DME-3157783-108.jpeg,512,496,253952,1.032,58.81,73.38,255,0,255,58.81,58.81,58.81,0
OCT,test,DME,DME-3157783-11.jpeg,1536,496,761856,3.097,45.35,49.24,255,0,255,45.35,45.35,45.35,0
OCT,test,DME,DME-3157783-115.jpeg,768,496,380928,1.548,35.96,38.14,255,0,255,35.96,35.96,35.96,0
OCT,test,DME,DME-3157783-116.jpeg,768,496,380928,1.548,30.29,32.91,255,0,255,30.29,30.29,30.29,0
OCT,test,DME,DME-3157783-12.jpeg,1536,496,761856,3.097,43.36,57.12,255,0,255,43.36,43.36,43.36,0
OCT,test,DME,DME-3157783-120.jpeg,512,512,262144,1.0,40.53,40.6,255,0,255,40.53,40.53,40.53,0
OCT,test,DME,DME-3157783-17.jpeg,512,496,253952,1.032,46.22,60.44,255,0,255,46.22,46.22,46.22,0
OCT,test,DME,DME-3157783-19.jpeg,768,496,380928,1.548,32.74,34.04,255,0,255,32.74,32.74,32.74,0
OCT,test,DME,DME-3157783-2.jpeg,768,496,380928,1.548,31.64,35.33,255,0,255,31.64,31.64,31.64,0
OCT,test,DME,DME-3157783-23.jpeg,512,496,253952,1.032,33.51,38.01,255,0,255,33.51,33.51,33.51,0
OCT,test,DME,DME-3157783-35.jpeg,768,496,380928,1.548,40.58,42.88,255,0,255,40.58,40.58,40.58,0
OCT,test,DME,DME-3157783-37.jpeg,512,496,253952,1.032,103.56,98.56,255,0,255,103.56,103.56,103.56,0
OCT,test,DME,DME-3157783-45.jpeg,768,496,380928,1.548,37.12,34.45,255,0,255,37.12,37.12,37.12,0
OCT,test,DME,DME-3157783-48.jpeg,768,496,380928,1.548,44.06,40.74,255,0,255,44.06,44.06,44.06,0
OCT,test,DME,DME-3157783-50.jpeg,512,496,253952,1.032,47.05,43.41,255,0,255,47.05,47.05,47.05,0
OCT,test,DME,DME-3157783-55.jpeg,512,496,253952,1.032,43.61,42.04,255,0,255,43.61,43.61,43.61,0
OCT,test,DME,DME-3157783-56.jpeg,512,496,253952,1.032,60.99,57.07,255,0,255,60.99,60.99,60.99,0
OCT,test,DME,DME-3157783-58.jpeg,512,496,253952,1.032,63.01,58.42,255,0,255,63.01,63.01,63.01,0
OCT,test,DME,DME-3157783-62.jpeg,512,496,253952,1.032,62.21,68.62,255,0,255,62.21,62.21,62.21,0
OCT,test,DME,DME-3157783-69.jpeg,768,496,380928,1.548,43.1,43.38,255,0,255,43.1,43.1,43.1,0
OCT,test,DME,DME-3157783-70.jpeg,512,512,262144,1.0,35.58,34.04,255,0,255,35.58,35.58,35.58,0
OCT,test,DME,DME-3157783-72.jpeg,512,512,262144,1.0,42.21,35.87,255,0,255,42.21,42.21,42.21,0
OCT,test,DME,DME-3157783-74.jpeg,512,512,262144,1.0,64.42,72.73,255,0,255,64.42,64.42,64.42,0
OCT,test,DME,DME-3157783-81.jpeg,512,496,253952,1.032,65.55,64.36,255,0,255,65.55,65.55,65.55,0
OCT,test,DME,DME-3157783-84.jpeg,512,512,262144,1.0,76.01,62.25,255,0,255,76.01,76.01,76.01,0
OCT,test,DME,DME-3157783-87.jpeg,512,496,253952,1.032,50.71,53.87,255,0,255,50.71,50.71,50.71,0
OCT,test,DME,DME-3157783-88.jpeg,512,496,253952,1.032,48.49,49.88,255,0,255,48.49,48.49,48.49,0
OCT,test,DME,DME-3157783-90.jpeg,512,512,262144,1.0,28.24,30.22,255,0,255,28.24,28.24,28.24,0
OCT,test,DME,DME-3157783-93.jpeg,512,496,253952,1.032,48.14,52.66,255,0,255,48.14,48.14,48.14,0
OCT,test,DME,DME-3157783-96.jpeg,512,512,262144,1.0,33.51,31.27,255,0,255,33.51,33.51,33.51,0
OCT,test,DME,DME-3230369-2.jpeg,512,496,253952,1.032,46.11,40.02,255,0,255,46.11,46.11,46.11,0
OCT,test,DME,DME-323904-11.jpeg,768,496,380928,1.548,36.47,36.37,255,0,255,36.47,36.47,36.47,0
OCT,test,DME,DME-323904-15.jpeg,512,496,253952,1.032,50.02,45.12,255,0,255,50.02,50.02,50.02,0
OCT,test,DME,DME-323904-2.jpeg,512,496,253952,1.032,52.21,57.17,255,0,255,52.21,52.21,52.21,0
OCT,test,DME,DME-323904-22.jpeg,768,496,380928,1.548,25.66,28.88,255,0,255,25.66,25.66,25.66,0
OCT,test,DME,DME-323904-4.jpeg,768,496,380928,1.548,37.28,39.86,255,0,255,37.28,37.28,37.28,0
OCT,test,DME,DME-323904-7.jpeg,512,496,253952,1.032,48.42,50.9,255,0,255,48.42,48.42,48.42,0
OCT,test,DME,DME-323904-8.jpeg,768,496,380928,1.548,35.55,41.11,255,0,255,35.55,35.55,35.55,0
OCT,test,DME,DME-3264056-5.jpeg,512,512,262144,1.0,45.3,59.68,255,0,255,45.3,45.3,45.3,0
OCT,test,DME,DME-3264056-6.jpeg,512,512,262144,1.0,32.12,36.04,255,0,255,32.12,32.12,32.12,0
OCT,test,DME,DME-3276918-14.jpeg,512,512,262144,1.0,41.25,37.46,255,0,255,41.25,41.25,41.25,0
OCT,test,DME,DME-3276918-2.jpeg,512,512,262144,1.0,38.73,40.95,255,0,255,38.73,38.73,38.73,0
OCT,test,DME,DME-3276918-3.jpeg,512,512,262144,1.0,62.58,65.67,255,0,255,62.58,62.58,62.58,0
OCT,test,DME,DME-3276918-5.jpeg,512,512,262144,1.0,58.58,67.78,255,0,255,58.58,58.58,58.58,0
OCT,test,DME,DME-328450-1.jpeg,768,496,380928,1.548,36.7,37.37,255,0,255,36.7,36.7,36.7,0
OCT,test,DME,DME-3287841-16.jpeg,512,496,253952,1.032,48.52,48.02,255,0,255,48.52,48.52,48.52,0
OCT,test,DME,DME-3287841-7.jpeg,512,512,262144,1.0,44.51,42.8,255,0,255,44.51,44.51,44.51,0
OCT,test,DME,DME-3289980-6.jpeg,512,512,262144,1.0,74.55,79.9,255,0,255,74.55,74.55,74.55,0
OCT,test,DME,DME-3304080-14.jpeg,512,512,262144,1.0,33.67,32.94,255,0,255,33.67,33.67,33.67,0
OCT,test,DME,DME-3304080-22.jpeg,512,512,262144,1.0,88.24,79.77,255,0,255,88.24,88.24,88.24,0
OCT,test,DME,DME-3304080-3.jpeg,512,512,262144,1.0,54.07,61.13,255,0,255,54.07,54.07,54.07,0
OCT,test,DME,DME-3304080-31.jpeg,512,512,262144,1.0,59.49,53.32,255,0,255,59.49,59.49,59.49,0
OCT,test,DME,DME-3304080-38.jpeg,512,512,262144,1.0,29.13,25.05,255,0,255,29.13,29.13,29.13,0
OCT,test,DME,DME-3304080-40.jpeg,512,512,262144,1.0,60.62,56.32,255,0,255,60.62,60.62,60.62,0
OCT,test,DME,DME-3304080-43.jpeg,512,512,262144,1.0,48.46,44.4,255,0,255,48.46,48.46,48.46,0
OCT,test,DME,DME-3304080-5.jpeg,512,512,262144,1.0,42.79,37.32,255,0,255,42.79,42.79,42.79,0
OCT,test,DME,DME-3304080-50.jpeg,512,512,262144,1.0,41.76,55.44,255,0,255,41.76,41.76,41.76,0
OCT,test,DME,DME-3304080-51.jpeg,512,512,262144,1.0,46.03,61.88,255,0,255,46.03,46.03,46.03,0
OCT,test,DME,DME-3304080-57.jpeg,512,512,262144,1.0,29.63,31.5,255,0,255,29.63,29.63,29.63,0
OCT,test,DME,DME-3304080-7.jpeg,512,512,262144,1.0,42.44,53.97,255,0,255,42.44,42.44,42.44,0
OCT,test,DME,DME-3312340-1.jpeg,512,512,262144,1.0,35.73,32.25,255,0,255,35.73,35.73,35.73,0
OCT,test,DME,DME-3312340-2.jpeg,512,512,262144,1.0,39.96,34.17,255,0,255,39.96,39.96,39.96,0
OCT,test,DME,DME-3327045-10.jpeg,512,512,262144,1.0,37.32,34.86,255,0,255,37.32,37.32,37.32,0
OCT,test,DME,DME-3327045-5.jpeg,512,512,262144,1.0,58.43,54.8,255,0,255,58.43,58.43,58.43,0
OCT,test,DME,DME-3327045-6.jpeg,512,512,262144,1.0,79.66,75.25,255,0,255,79.66,79.66,79.66,0
OCT,test,DME,DME-3327045-7.jpeg,512,512,262144,1.0,88.69,78.03,255,0,255,88.69,88.69,88.69,0
OCT,test,DME,DME-3340309-11.jpeg,512,512,262144,1.0,51.51,65.25,255,0,255,51.51,51.51,51.51,0
OCT,test,DME,DME-3340309-20.jpeg,512,512,262144,1.0,40.92,44.31,255,0,255,40.92,40.92,40.92,0
OCT,test,DME,DME-3340309-27.jpeg,512,512,262144,1.0,57.76,68.83,255,0,255,57.76,57.76,57.76,0
OCT,test,DME,DME-3340309-7.jpeg,512,512,262144,1.0,63.99,56.19,255,0,255,63.99,63.99,63.99,0
OCT,test,DME,DME-3340309-8.jpeg,512,512,262144,1.0,63.19,61.05,255,0,255,63.19,63.19,63.19,0
OCT,test,DME,DME-3340887-8.jpeg,512,512,262144,1.0,45.99,43.0,255,0,255,45.99,45.99,45.99,0
OCT,test,DME,DME-3340887-9.jpeg,512,512,262144,1.0,35.56,37.4,255,0,255,35.56,35.56,35.56,0
OCT,test,DME,DME-3342858-2.jpeg,512,512,262144,1.0,46.59,40.29,255,0,255,46.59,46.59,46.59,0
OCT,test,DME,DME-3346049-1.jpeg,512,512,262144,1.0,33.17,31.56,255,0,255,33.17,33.17,33.17,0
OCT,test,DME,DME-3346049-13.jpeg,512,512,262144,1.0,72.59,70.59,255,0,255,72.59,72.59,72.59,0
OCT,test,DME,DME-3346049-2.jpeg,512,512,262144,1.0,32.94,36.61,255,0,255,32.94,32.94,32.94,0
OCT,test,DME,DME-3346728-2.jpeg,512,512,262144,1.0,53.63,66.64,255,0,255,53.63,53.63,53.63,0
OCT,test,DME,DME-3347866-4.jpeg,512,512,262144,1.0,46.06,45.69,255,0,255,46.06,46.06,46.06,0
OCT,test,DME,DME-3347866-5.jpeg,512,512,262144,1.0,28.83,32.13,255,0,255,28.83,28.83,28.83,0
OCT,test,DME,DME-3358004-19.jpeg,512,512,262144,1.0,82.41,65.87,255,0,255,82.41,82.41,82.41,0
OCT,test,DME,DME-3358004-23.jpeg,512,512,262144,1.0,54.32,51.97,255,0,255,54.32,54.32,54.32,0
OCT,test,DME,DME-3358004-24.jpeg,512,512,262144,1.0,58.58,55.3,255,0,255,58.58,58.58,58.58,0
OCT,test,DME,DME-3358004-26.jpeg,512,512,262144,1.0,36.44,36.57,255,0,255,36.44,36.44,36.44,0
OCT,test,DME,DME-3358004-3.jpeg,512,512,262144,1.0,49.55,57.41,255,0,255,49.55,49.55,49.55,0
OCT,test,DME,DME-3358004-39.jpeg,512,512,262144,1.0,49.75,43.04,255,0,255,49.75,49.75,49.75,0
OCT,test,DME,DME-3382862-2.jpeg,512,512,262144,1.0,38.21,38.53,255,0,255,38.21,38.21,38.21,0
OCT,test,DME,DME-3414068-11.jpeg,512,512,262144,1.0,24.07,23.38,255,0,255,24.07,24.07,24.07,0
OCT,test,DME,DME-3414068-15.jpeg,512,512,262144,1.0,60.61,62.71,255,0,255,60.61,60.61,60.61,0
OCT,test,DME,DME-3414068-17.jpeg,512,512,262144,1.0,38.23,38.29,255,0,255,38.23,38.23,38.23,0
OCT,test,DME,DME-3414068-18.jpeg,512,512,262144,1.0,46.28,61.22,255,0,255,46.28,46.28,46.28,0
OCT,test,DME,DME-3441556-100.jpeg,768,496,380928,1.548,34.76,36.68,255,0,255,34.76,34.76,34.76,0
OCT,test,DME,DME-3441556-103.jpeg,512,496,253952,1.032,56.12,45.74,255,0,255,56.12,56.12,56.12,0
OCT,test,DME,DME-3441556-107.jpeg,512,512,262144,1.0,51.57,45.34,255,0,255,51.57,51.57,51.57,0
OCT,test,DME,DME-3441556-120.jpeg,768,496,380928,1.548,37.98,35.66,255,0,255,37.98,37.98,37.98,0
OCT,test,DME,DME-3441556-122.jpeg,512,496,253952,1.032,58.12,58.15,255,0,255,58.12,58.12,58.12,0
OCT,test,DME,DME-3441556-124.jpeg,512,496,253952,1.032,53.42,48.71,255,0,255,53.42,53.42,53.42,0
OCT,test,DME,DME-3441556-126.jpeg,512,496,253952,1.032,53.1,54.97,255,0,255,53.1,53.1,53.1,0
OCT,test,DME,DME-3441556-19.jpeg,768,496,380928,1.548,44.53,42.49,255,0,255,44.53,44.53,44.53,0
OCT,test,DME,DME-3441556-22.jpeg,1536,496,761856,3.097,36.24,36.6,255,0,255,36.24,36.24,36.24,0
OCT,test,DME,DME-3441556-26.jpeg,512,496,253952,1.032,56.15,60.18,255,0,255,56.15,56.15,56.15,0
OCT,test,DME,DME-3441556-38.jpeg,512,496,253952,1.032,64.05,61.24,255,0,255,64.05,64.05,64.05,0
OCT,test,DME,DME-3441556-48.jpeg,512,496,253952,1.032,49.04,53.06,255,0,255,49.04,49.04,49.04,0
OCT,test,DME,DME-3441556-51.jpeg,768,496,380928,1.548,38.77,38.34,255,0,255,38.77,38.77,38.77,0
OCT,test,DME,DME-3441556-61.jpeg,512,512,262144,1.0,42.51,37.65,255,0,255,42.51,42.51,42.51,0
OCT,test,DME,DME-3441556-67.jpeg,512,496,253952,1.032,45.87,45.87,255,0,255,45.87,45.87,45.87,0
OCT,test,DME,DME-3441556-77.jpeg,512,496,253952,1.032,55.82,59.46,255,0,255,55.82,55.82,55.82,0
OCT,test,DME,DME-3441556-80.jpeg,512,512,262144,1.0,31.63,32.01,255,0,255,31.63,31.63,31.63,0
OCT,test,DME,DME-3441556-89.jpeg,512,512,262144,1.0,41.98,41.56,255,0,255,41.98,41.98,41.98,0
OCT,test,DME,DME-3441556-9.jpeg,512,496,253952,1.032,64.09,60.26,255,0,255,64.09,64.09,64.09,0
OCT,test,DME,DME-3441556-96.jpeg,512,496,253952,1.032,52.72,43.86,255,0,255,52.72,52.72,52.72,0
OCT,test,DME,DME-3447259-15.jpeg,512,512,262144,1.0,36.05,35.26,255,0,255,36.05,36.05,36.05,0
OCT,test,DME,DME-3447259-3.jpeg,512,512,262144,1.0,53.49,69.74,255,0,255,53.49,53.49,53.49,0
OCT,test,DME,DME-3447259-7.jpeg,512,512,262144,1.0,36.2,33.92,255,0,255,36.2,36.2,36.2,0
OCT,test,DME,DME-3464701-4.jpeg,512,512,262144,1.0,109.79,85.2,255,0,255,109.79,109.79,109.79,0
OCT,test,DME,DME-3464701-5.jpeg,512,512,262144,1.0,100.48,78.57,255,0,255,100.48,100.48,100.48,0
OCT,test,DME,DME-3472166-4.jpeg,512,512,262144,1.0,37.34,39.94,255,0,255,37.34,37.34,37.34,0
OCT,test,DME,DME-3472833-1.jpeg,512,512,262144,1.0,34.45,36.42,255,0,255,34.45,34.45,34.45,0
OCT,test,DME,DME-3475211-2.jpeg,512,512,262144,1.0,31.95,38.0,255,0,255,31.95,31.95,31.95,0
OCT,test,DME,DME-3483651-12.jpeg,512,512,262144,1.0,38.21,39.7,255,0,255,38.21,38.21,38.21,0
OCT,test,DME,DME-3483651-19.jpeg,512,512,262144,1.0,69.85,66.61,255,0,255,69.85,69.85,69.85,0
OCT,test,DME,DME-3483651-21.jpeg,512,512,262144,1.0,36.37,37.76,255,0,255,36.37,36.37,36.37,0
OCT,test,DME,DME-3483651-22.jpeg,512,512,262144,1.0,37.51,37.85,255,0,255,37.51,37.51,37.51,0
OCT,test,DME,DME-3483651-29.jpeg,512,512,262144,1.0,112.22,95.72,255,0,255,112.22,112.22,112.22,0
OCT,test,DME,DME-3483651-36.jpeg,512,512,262144,1.0,28.2,32.3,255,0,255,28.2,28.2,28.2,0
OCT,test,DME,DME-3509367-2.jpeg,512,512,262144,1.0,44.2,48.25,255,0,255,44.2,44.2,44.2,0
OCT,test,DME,DME-3515637-1.jpeg,512,512,262144,1.0,28.71,31.58,255,0,255,28.71,28.71,28.71,0
OCT,test,DME,DME-3531101-1.jpeg,512,512,262144,1.0,28.6,30.86,255,0,255,28.6,28.6,28.6,0
OCT,test,DME,DME-3531101-15.jpeg,512,512,262144,1.0,31.99,36.06,255,0,255,31.99,31.99,31.99,0
OCT,test,DME,DME-3531101-20.jpeg,512,512,262144,1.0,34.43,34.66,255,0,255,34.43,34.43,34.43,0
OCT,test,DME,DME-3531101-24.jpeg,512,512,262144,1.0,26.59,28.56,255,0,255,26.59,26.59,26.59,0
OCT,test,DME,DME-3531101-26.jpeg,512,512,262144,1.0,31.3,31.73,255,0,255,31.3,31.3,31.3,0
OCT,test,DME,DME-3542808-10.jpeg,512,512,262144,1.0,44.76,56.71,255,0,255,44.76,44.76,44.76,0
OCT,test,DME,DME-3542808-15.jpeg,512,512,262144,1.0,51.53,51.34,255,0,255,51.53,51.53,51.53,0
OCT,test,DME,DME-3542808-17.jpeg,512,512,262144,1.0,71.69,67.34,255,0,255,71.69,71.69,71.69,0
OCT,test,DME,DME-3542808-19.jpeg,512,512,262144,1.0,53.25,54.0,255,0,255,53.25,53.25,53.25,0
OCT,test,DME,DME-3542808-43.jpeg,512,512,262144,1.0,22.94,27.53,255,0,255,22.94,22.94,22.94,0
OCT,test,DME,DME-3542808-6.jpeg,512,512,262144,1.0,27.72,29.49,255,0,255,27.72,27.72,27.72,0
OCT,test,DME,DME-3542808-64.jpeg,512,512,262144,1.0,46.24,42.55,255,0,255,46.24,46.24,46.24,0
OCT,test,DME,DME-3542808-7.jpeg,512,512,262144,1.0,35.26,32.52,255,0,255,35.26,35.26,35.26,0
OCT,test,DME,DME-3552236-10.jpeg,512,512,262144,1.0,52.27,64.08,255,0,255,52.27,52.27,52.27,0
OCT,test,DME,DME-3552236-13.jpeg,512,512,262144,1.0,48.07,58.31,255,0,255,48.07,48.07,48.07,0
OCT,test,DME,DME-3552236-2.jpeg,512,512,262144,1.0,33.49,35.66,255,0,255,33.49,33.49,33.49,0
OCT,test,DME,DME-3552236-5.jpeg,512,512,262144,1.0,48.87,55.37,255,0,255,48.87,48.87,48.87,0
OCT,test,DME,DME-3552236-9.jpeg,512,512,262144,1.0,84.4,93.56,255,0,255,84.4,84.4,84.4,0
OCT,test,DME,DME-3565572-3.jpeg,512,512,262144,1.0,45.53,61.89,255,0,255,45.53,45.53,45.53,0
OCT,test,DME,DME-3565572-4.jpeg,512,512,262144,1.0,37.56,35.67,255,0,255,37.56,37.56,37.56,0
OCT,test,DME,DME-3606968-10.jpeg,512,512,262144,1.0,46.25,53.53,255,0,255,46.25,46.25,46.25,0
OCT,test,DME,DME-3606968-12.jpeg,512,512,262144,1.0,42.09,39.21,255,0,255,42.09,42.09,42.09,0
OCT,test,DME,DME-3606968-14.jpeg,512,512,262144,1.0,61.46,52.7,255,0,255,61.46,61.46,61.46,0
OCT,test,DME,DME-3606968-18.jpeg,512,512,262144,1.0,33.36,36.08,255,0,255,33.36,33.36,33.36,0
OCT,test,DME,DME-3606968-19.jpeg,512,512,262144,1.0,48.12,52.94,255,0,255,48.12,48.12,48.12,0
OCT,test,DME,DME-3606968-2.jpeg,512,512,262144,1.0,112.07,102.32,255,0,255,112.07,112.07,112.07,0
OCT,test,DME,DME-3606968-20.jpeg,512,512,262144,1.0,53.45,55.46,255,0,255,53.45,53.45,53.45,0
OCT,test,DME,DME-3606968-25.jpeg,512,512,262144,1.0,53.4,53.53,255,0,255,53.4,53.4,53.4,0
OCT,test,DME,DME-3606968-34.jpeg,512,512,262144,1.0,34.99,33.46,255,0,255,34.99,34.99,34.99,0
OCT,test,DME,DME-3606968-35.jpeg,512,512,262144,1.0,62.51,85.69,255,0,255,62.51,62.51,62.51,0
OCT,test,DME,DME-3606968-4.jpeg,512,512,262144,1.0,38.58,57.85,255,0,255,38.58,38.58,38.58,0
OCT,test,DME,DME-3606968-40.jpeg,512,512,262144,1.0,72.91,74.21,255,0,255,72.91,72.91,72.91,0
OCT,test,DME,DME-3606968-8.jpeg,512,512,262144,1.0,36.3,40.02,255,0,255,36.3,36.3,36.3,0
OCT,test,DME,DME-3608465-1.jpeg,512,512,262144,1.0,45.88,35.65,255,0,255,45.88,45.88,45.88,0
OCT,test,DME,DME-3608465-24.jpeg,512,512,262144,1.0,37.21,34.17,255,0,255,37.21,37.21,37.21,0
OCT,test,DME,DME-3608465-29.jpeg,512,512,262144,1.0,52.94,44.27,255,0,255,52.94,52.94,52.94,0
OCT,test,DME,DME-3608465-53.jpeg,512,512,262144,1.0,30.81,31.26,255,0,255,30.81,30.81,30.81,0
OCT,test,DME,DME-3608465-54.jpeg,512,512,262144,1.0,39.9,34.9,255,0,255,39.9,39.9,39.9,0
OCT,test,DME,DME-3608465-9.jpeg,512,512,262144,1.0,52.42,42.6,255,0,255,52.42,52.42,52.42,0
OCT,test,DME,DME-3696907-3.jpeg,768,496,380928,1.548,33.4,35.1,255,0,255,33.4,33.4,33.4,0
OCT,test,DME,DME-3712405-10.jpeg,512,512,262144,1.0,33.02,36.18,255,0,255,33.02,33.02,33.02,0
OCT,test,DME,DME-3712405-17.jpeg,512,512,262144,1.0,47.09,48.49,255,0,255,47.09,47.09,47.09,0
OCT,test,DME,DME-3712405-24.jpeg,512,512,262144,1.0,43.51,42.35,255,0,255,43.51,43.51,43.51,0
OCT,test,DME,DME-3712405-27.jpeg,512,512,262144,1.0,43.22,46.19,255,0,255,43.22,43.22,43.22,0
OCT,test,DME,DME-3712405-3.jpeg,512,512,262144,1.0,34.19,38.36,255,0,255,34.19,34.19,34.19,0
OCT,test,DRUSEN,DRUSEN-1001666-7.jpeg,512,496,253952,1.032,53.18,54.1,255,0,255,53.18,53.18,53.18,0
OCT,test,DRUSEN,DRUSEN-1001772-1.jpeg,512,496,253952,1.032,75.06,70.0,255,0,255,75.06,75.06,75.06,0
OCT,test,DRUSEN,DRUSEN-1001772-2.jpeg,512,496,253952,1.032,54.89,53.86,255,0,255,54.89,54.89,54.89,0
OCT,test,DRUSEN,DRUSEN-100580-1.jpeg,512,496,253952,1.032,44.08,48.59,255,0,255,44.08,44.08,44.08,0
OCT,test,DRUSEN,DRUSEN-1016042-1.jpeg,768,496,380928,1.548,33.71,35.13,255,0,255,33.71,33.71,33.71,0
OCT,test,DRUSEN,DRUSEN-1016042-5.jpeg,768,496,380928,1.548,42.92,44.06,255,0,255,42.92,42.92,42.92,0
OCT,test,DRUSEN,DRUSEN-1016042-6.jpeg,512,496,253952,1.032,48.89,53.15,255,0,255,48.89,48.89,48.89,0
OCT,test,DRUSEN,DRUSEN-1020679-4.jpeg,512,496,253952,1.032,43.23,52.66,255,0,255,43.23,43.23,43.23,0
OCT,test,DRUSEN,DRUSEN-1020679-5.jpeg,768,496,380928,1.548,33.39,38.91,255,0,255,33.39,33.39,33.39,0
OCT,test,DRUSEN,DRUSEN-103885-2.jpeg,512,496,253952,1.032,77.71,74.6,255,0,255,77.71,77.71,77.71,0
OCT,test,DRUSEN,DRUSEN-103885-4.jpeg,512,496,253952,1.032,82.58,74.53,255,0,255,82.58,82.58,82.58,0
OCT,test,DRUSEN,DRUSEN-1046294-2.jpeg,512,496,253952,1.032,67.47,76.93,255,0,255,67.47,67.47,67.47,0
OCT,test,DRUSEN,DRUSEN-1046294-3.jpeg,512,496,253952,1.032,131.75,100.61,255,0,255,131.75,131.75,131.75,0
OCT,test,DRUSEN,DRUSEN-1046294-5.jpeg,768,496,380928,1.548,29.56,29.52,255,0,255,29.56,29.56,29.56,0
OCT,test,DRUSEN,DRUSEN-1071961-3.jpeg,512,496,253952,1.032,48.11,52.6,255,0,255,48.11,48.11,48.11,0
OCT,test,DRUSEN,DRUSEN-1071961-6.jpeg,768,496,380928,1.548,40.88,38.61,255,0,255,40.88,40.88,40.88,0
OCT,test,DRUSEN,DRUSEN-1077513-16.jpeg,1536,496,761856,3.097,28.35,31.46,255,0,255,28.35,28.35,28.35,0
OCT,test,DRUSEN,DRUSEN-1077513-17.jpeg,512,496,253952,1.032,41.93,55.19,255,0,255,41.93,41.93,41.93,0
OCT,test,DRUSEN,DRUSEN-1077513-3.jpeg,768,496,380928,1.548,35.58,37.01,255,0,255,35.58,35.58,35.58,0
OCT,test,DRUSEN,DRUSEN-1077513-7.jpeg,512,496,253952,1.032,52.3,68.51,255,0,255,52.3,52.3,52.3,0
OCT,test,DRUSEN,DRUSEN-1081406-3.jpeg,1536,496,761856,3.097,49.45,68.26,255,0,255,49.45,49.45,49.45,0
OCT,test,DRUSEN,DRUSEN-1081406-6.jpeg,512,496,253952,1.032,41.62,54.79,255,0,255,41.62,41.62,41.62,0
OCT,test,DRUSEN,DRUSEN-1083159-10.jpeg,512,496,253952,1.032,75.16,74.01,255,0,255,75.16,75.16,75.16,0
OCT,test,DRUSEN,DRUSEN-1094282-10.jpeg,512,496,253952,1.032,41.54,52.75,255,0,255,41.54,41.54,41.54,0
OCT,test,DRUSEN,DRUSEN-1094282-14.jpeg,512,496,253952,1.032,52.81,67.56,255,0,255,52.81,52.81,52.81,0
OCT,test,DRUSEN,DRUSEN-1094282-15.jpeg,768,496,380928,1.548,25.4,31.02,255,0,255,25.4,25.4,25.4,0
OCT,test,DRUSEN,DRUSEN-1094282-7.jpeg,768,496,380928,1.548,26.9,28.76,255,0,255,26.9,26.9,26.9,0
OCT,test,DRUSEN,DRUSEN-1112835-10.jpeg,512,496,253952,1.032,56.58,48.86,255,0,255,56.58,56.58,56.58,0
OCT,test,DRUSEN,DRUSEN-1112835-13.jpeg,512,496,253952,1.032,54.99,55.2,255,0,255,54.99,54.99,54.99,0
OCT,test,DRUSEN,DRUSEN-1112835-17.jpeg,512,496,253952,1.032,64.5,59.83,255,0,255,64.5,64.5,64.5,0
OCT,test,DRUSEN,DRUSEN-1112835-18.jpeg,512,496,253952,1.032,47.43,50.89,255,0,255,47.43,47.43,47.43,0
OCT,test,DRUSEN,DRUSEN-1112835-2.jpeg,512,496,253952,1.032,61.06,65.91,255,0,255,61.06,61.06,61.06,0
OCT,test,DRUSEN,DRUSEN-1112835-20.jpeg,512,496,253952,1.032,46.6,50.92,255,0,255,46.6,46.6,46.6,0
OCT,test,DRUSEN,DRUSEN-1112835-22.jpeg,512,496,253952,1.032,84.34,88.93,255,0,255,84.34,84.34,84.34,0
OCT,test,DRUSEN,DRUSEN-1117376-1.jpeg,512,496,253952,1.032,35.26,33.72,255,0,255,35.26,35.26,35.26,0
OCT,test,DRUSEN,DRUSEN-1130960-12.jpeg,768,496,380928,1.548,36.82,34.84,255,0,255,36.82,36.82,36.82,0
OCT,test,DRUSEN,DRUSEN-1130960-17.jpeg,512,496,253952,1.032,46.54,44.89,255,0,255,46.54,46.54,46.54,0
OCT,test,DRUSEN,DRUSEN-1130960-40.jpeg,512,496,253952,1.032,52.29,57.84,255,0,255,52.29,52.29,52.29,0
OCT,test,DRUSEN,DRUSEN-1130960-52.jpeg,512,496,253952,1.032,45.72,58.16,255,0,255,45.72,45.72,45.72,0
OCT,test,DRUSEN,DRUSEN-1130960-67.jpeg,512,496,253952,1.032,54.42,62.23,255,0,255,54.42,54.42,54.42,0
OCT,test,DRUSEN,DRUSEN-1130960-7.jpeg,512,496,253952,1.032,46.57,42.21,255,0,255,46.57,46.57,46.57,0
OCT,test,DRUSEN,DRUSEN-1130960-8.jpeg,512,496,253952,1.032,54.68,63.96,255,0,255,54.68,54.68,54.68,0
OCT,test,DRUSEN,DRUSEN-1146431-1.jpeg,512,496,253952,1.032,72.4,84.25,255,0,255,72.4,72.4,72.4,0
OCT,test,DRUSEN,DRUSEN-1146923-10.jpeg,512,496,253952,1.032,68.25,69.34,255,0,255,68.25,68.25,68.25,0
OCT,test,DRUSEN,DRUSEN-1146923-11.jpeg,512,496,253952,1.032,55.51,70.31,255,0,255,55.51,55.51,55.51,0
OCT,test,DRUSEN,DRUSEN-1146923-25.jpeg,512,496,253952,1.032,54.77,61.11,255,0,255,54.77,54.77,54.77,0
OCT,test,DRUSEN,DRUSEN-1146923-28.jpeg,1536,496,761856,3.097,53.82,53.25,255,0,255,53.82,53.82,53.82,0
OCT,test,DRUSEN,DRUSEN-1146923-29.jpeg,768,496,380928,1.548,63.85,59.32,255,0,255,63.85,63.85,63.85,0
OCT,test,DRUSEN,DRUSEN-1146923-6.jpeg,1536,496,761856,3.097,56.32,66.58,255,0,255,56.32,56.32,56.32,0
OCT,test,DRUSEN,DRUSEN-1147102-1.jpeg,512,496,253952,1.032,51.94,63.76,255,0,255,51.94,51.94,51.94,0
OCT,test,DRUSEN,DRUSEN-1169820-1.jpeg,512,496,253952,1.032,32.5,37.36,255,0,255,32.5,32.5,32.5,0
OCT,test,DRUSEN,DRUSEN-1169820-10.jpeg,512,496,253952,1.032,102.9,96.01,255,0,255,102.9,102.9,102.9,0
OCT,test,DRUSEN,DRUSEN-1169820-13.jpeg,512,496,253952,1.032,95.31,88.92,255,0,255,95.31,95.31,95.31,0
OCT,test,DRUSEN,DRUSEN-1169820-14.jpeg,512,496,253952,1.032,127.55,103.12,255,0,255,127.55,127.55,127.55,0
OCT,test,DRUSEN,DRUSEN-1169820-15.jpeg,512,496,253952,1.032,83.72,88.04,255,0,255,83.72,83.72,83.72,0
OCT,test,DRUSEN,DRUSEN-1169820-20.jpeg,512,496,253952,1.032,58.35,51.21,255,0,255,58.35,58.35,58.35,0
OCT,test,DRUSEN,DRUSEN-1169820-21.jpeg,512,496,253952,1.032,54.99,48.66,255,0,255,54.99,54.99,54.99,0
OCT,test,DRUSEN,DRUSEN-1169820-39.jpeg,512,496,253952,1.032,69.65,61.41,255,0,255,69.65,69.65,69.65,0
OCT,test,DRUSEN,DRUSEN-1173253-13.jpeg,768,496,380928,1.548,25.87,28.52,255,0,255,25.87,25.87,25.87,0
OCT,test,DRUSEN,DRUSEN-1173253-7.jpeg,768,496,380928,1.548,42.34,41.21,255,0,255,42.34,42.34,42.34,0
OCT,test,DRUSEN,DRUSEN-1173253-9.jpeg,768,496,380928,1.548,32.73,35.11,255,0,255,32.73,32.73,32.73,0
OCT,test,DRUSEN,DRUSEN-1183510-1.jpeg,512,496,253952,1.032,40.57,43.83,255,0,255,40.57,40.57,40.57,0
OCT,test,DRUSEN,DRUSEN-1193485-1.jpeg,512,496,253952,1.032,66.23,74.98,255,0,255,66.23,66.23,66.23,0
OCT,test,DRUSEN,DRUSEN-1193485-2.jpeg,512,496,253952,1.032,75.13,81.38,255,0,255,75.13,75.13,75.13,0
OCT,test,DRUSEN,DRUSEN-1202145-6.jpeg,768,496,380928,1.548,75.66,87.11,255,0,255,75.66,75.66,75.66,0
OCT,test,DRUSEN,DRUSEN-1206086-1.jpeg,768,496,380928,1.548,36.93,39.5,255,0,255,36.93,36.93,36.93,0
OCT,test,DRUSEN,DRUSEN-1206086-3.jpeg,512,496,253952,1.032,59.2,50.85,255,0,255,59.2,59.2,59.2,0
OCT,test,DRUSEN,DRUSEN-1206086-4.jpeg,512,496,253952,1.032,59.96,53.73,255,0,255,59.96,59.96,59.96,0
OCT,test,DRUSEN,DRUSEN-1206086-7.jpeg,512,496,253952,1.032,45.33,47.79,255,0,255,45.33,45.33,45.33,0
OCT,test,DRUSEN,DRUSEN-1219727-3.jpeg,512,496,253952,1.032,55.74,61.78,255,0,255,55.74,55.74,55.74,0
OCT,test,DRUSEN,DRUSEN-1219727-5.jpeg,768,496,380928,1.548,36.55,38.85,255,0,255,36.55,36.55,36.55,0
OCT,test,DRUSEN,DRUSEN-1222350-2.jpeg,768,496,380928,1.548,53.33,58.65,255,0,255,53.33,53.33,53.33,0
OCT,test,DRUSEN,DRUSEN-1225603-24.jpeg,512,496,253952,1.032,47.88,59.69,255,0,255,47.88,47.88,47.88,0
OCT,test,DRUSEN,DRUSEN-1225603-28.jpeg,768,496,380928,1.548,32.96,35.28,255,0,255,32.96,32.96,32.96,0
OCT,test,DRUSEN,DRUSEN-1225603-3.jpeg,512,496,253952,1.032,44.19,41.68,255,0,255,44.19,44.19,44.19,0
OCT,test,DRUSEN,DRUSEN-1225603-31.jpeg,512,496,253952,1.032,51.83,54.29,255,0,255,51.83,51.83,51.83,0
OCT,test,DRUSEN,DRUSEN-1225603-35.jpeg,768,496,380928,1.548,39.13,41.51,255,0,255,39.13,39.13,39.13,0
OCT,test,DRUSEN,DRUSEN-1225603-40.jpeg,768,496,380928,1.548,39.68,40.97,255,0,255,39.68,39.68,39.68,0
OCT,test,DRUSEN,DRUSEN-1225603-44.jpeg,512,496,253952,1.032,36.36,35.12,255,0,255,36.36,36.36,36.36,0
OCT,test,DRUSEN,DRUSEN-1225603-57.jpeg,768,496,380928,1.548,30.02,32.96,255,0,255,30.02,30.02,30.02,0
OCT,test,DRUSEN,DRUSEN-1225603-6.jpeg,768,496,380928,1.548,34.67,37.03,255,0,255,34.67,34.67,34.67,0
OCT,test,DRUSEN,DRUSEN-1225603-60.jpeg,512,496,253952,1.032,53.81,61.71,255,0,255,53.81,53.81,53.81,0
OCT,test,DRUSEN,DRUSEN-1225603-62.jpeg,768,496,380928,1.548,40.06,42.22,255,0,255,40.06,40.06,40.06,0
OCT,test,DRUSEN,DRUSEN-1225603-69.jpeg,512,496,253952,1.032,45.88,44.67,255,0,255,45.88,45.88,45.88,0
OCT,test,DRUSEN,DRUSEN-1225603-70.jpeg,512,496,253952,1.032,43.57,41.97,255,0,255,43.57,43.57,43.57,0
OCT,test,DRUSEN,DRUSEN-1226510-2.jpeg,512,496,253952,1.032,51.74,49.2,255,0,255,51.74,51.74,51.74,0
OCT,test,DRUSEN,DRUSEN-1233824-4.jpeg,512,496,253952,1.032,46.98,62.93,255,0,255,46.98,46.98,46.98,0
OCT,test,DRUSEN,DRUSEN-1233824-5.jpeg,768,496,380928,1.548,33.64,38.35,255,0,255,33.64,33.64,33.64,0
OCT,test,DRUSEN,DRUSEN-1236519-1.jpeg,512,496,253952,1.032,44.81,55.06,255,0,255,44.81,44.81,44.81,0
OCT,test,DRUSEN,DRUSEN-1237848-27.jpeg,768,496,380928,1.548,24.31,25.77,255,0,255,24.31,24.31,24.31,0
OCT,test,DRUSEN,DRUSEN-1237848-29.jpeg,512,496,253952,1.032,57.35,71.26,255,0,255,57.35,57.35,57.35,0
OCT,test,DRUSEN,DRUSEN-1237848-31.jpeg,512,496,253952,1.032,42.35,48.71,255,0,255,42.35,42.35,42.35,0
OCT,test,DRUSEN,DRUSEN-1237848-4.jpeg,512,496,253952,1.032,46.07,52.93,255,0,255,46.07,46.07,46.07,0
OCT,test,DRUSEN,DRUSEN-1237848-42.jpeg,512,496,253952,1.032,46.26,48.13,255,0,255,46.26,46.26,46.26,0
OCT,test,DRUSEN,DRUSEN-1237848-48.jpeg,1536,496,761856,3.097,48.24,42.63,255,0,255,48.24,48.24,48.24,0
OCT,test,DRUSEN,DRUSEN-1237848-51.jpeg,512,496,253952,1.032,54.07,48.39,255,0,255,54.07,54.07,54.07,0
OCT,test,DRUSEN,DRUSEN-1237848-71.jpeg,768,496,380928,1.548,33.34,35.69,255,0,255,33.34,33.34,33.34,0
OCT,test,DRUSEN,DRUSEN-1237848-79.jpeg,512,496,253952,1.032,46.14,57.62,255,0,255,46.14,46.14,46.14,0
OCT,test,DRUSEN,DRUSEN-1246453-15.jpeg,512,496,253952,1.032,160.54,99.39,255,0,255,160.54,160.54,160.54,0
OCT,test,DRUSEN,DRUSEN-1246453-24.jpeg,768,496,380928,1.548,32.98,33.92,255,0,255,32.98,32.98,32.98,0
OCT,test,DRUSEN,DRUSEN-1246453-9.jpeg,512,496,253952,1.032,43.64,53.59,255,0,255,43.64,43.64,43.64,0
OCT,test,DRUSEN,DRUSEN-1283307-12.jpeg,512,496,253952,1.032,48.28,48.79,255,0,255,48.28,48.28,48.28,0
OCT,test,DRUSEN,DRUSEN-1283307-15.jpeg,768,496,380928,1.548,38.89,40.05,255,0,255,38.89,38.89,38.89,0
OCT,test,DRUSEN,DRUSEN-1283307-21.jpeg,512,496,253952,1.032,44.47,45.16,255,0,255,44.47,44.47,44.47,0
OCT,test,DRUSEN,DRUSEN-1290410-1.jpeg,768,496,380928,1.548,42.32,45.22,255,0,255,42.32,42.32,42.32,0
OCT,test,DRUSEN,DRUSEN-1292620-2.jpeg,512,496,253952,1.032,60.24,63.66,255,0,255,60.24,60.24,60.24,0
OCT,test,DRUSEN,DRUSEN-1327692-1.jpeg,1536,496,761856,3.097,33.34,35.56,255,0,255,33.34,33.34,33.34,0
OCT,test,DRUSEN,DRUSEN-1327692-11.jpeg,512,496,253952,1.032,52.89,62.84,255,0,255,52.89,52.89,52.89,0
OCT,test,DRUSEN,DRUSEN-1327692-3.jpeg,512,496,253952,1.032,48.87,48.56,255,0,255,48.87,48.87,48.87,0
OCT,test,DRUSEN,DRUSEN-1327692-4.jpeg,512,496,253952,1.032,46.75,49.11,255,0,255,46.75,46.75,46.75,0
OCT,test,DRUSEN,DRUSEN-1327692-7.jpeg,768,496,380928,1.548,35.45,39.72,255,0,255,35.45,35.45,35.45,0
OCT,test,DRUSEN,DRUSEN-1341538-2.jpeg,768,496,380928,1.548,46.87,44.6,255,0,255,46.87,46.87,46.87,0
OCT,test,DRUSEN,DRUSEN-1347813-4.jpeg,1024,496,507904,2.065,48.98,46.58,255,0,255,48.98,48.98,48.98,0
OCT,test,DRUSEN,DRUSEN-1361401-1.jpeg,768,496,380928,1.548,30.28,33.72,255,0,255,30.28,30.28,30.28,0
OCT,test,DRUSEN,DRUSEN-142234-1.jpeg,768,496,380928,1.548,31.59,32.73,255,0,255,31.59,31.59,31.59,0
OCT,test,DRUSEN,DRUSEN-1440587-1.jpeg,512,496,253952,1.032,39.82,50.11,255,0,255,39.82,39.82,39.82,0
OCT,test,DRUSEN,DRUSEN-1462842-2.jpeg,512,496,253952,1.032,57.61,67.3,255,0,255,57.61,57.61,57.61,0
OCT,test,DRUSEN,DRUSEN-1487749-19.jpeg,512,496,253952,1.032,42.89,44.63,255,0,255,42.89,42.89,42.89,0
OCT,test,DRUSEN,DRUSEN-1487749-27.jpeg,768,496,380928,1.548,37.93,39.61,255,0,255,37.93,37.93,37.93,0
OCT,test,DRUSEN,DRUSEN-1487749-49.jpeg,768,496,380928,1.548,35.45,40.67,255,0,255,35.45,35.45,35.45,0
OCT,test,DRUSEN,DRUSEN-1495986-1.jpeg,1536,496,761856,3.097,39.14,39.32,255,0,255,39.14,39.14,39.14,0
OCT,test,DRUSEN,DRUSEN-1495986-3.jpeg,512,496,253952,1.032,90.22,90.19,255,0,255,90.22,90.22,90.22,0
OCT,test,DRUSEN,DRUSEN-1514075-13.jpeg,768,496,380928,1.548,61.57,54.0,255,0,255,61.57,61.57,61.57,0
OCT,test,DRUSEN,DRUSEN-1514075-14.jpeg,768,496,380928,1.548,62.03,54.55,255,0,255,62.03,62.03,62.03,0
OCT,test,DRUSEN,DRUSEN-1514075-15.jpeg,768,496,380928,1.548,21.83,26.94,255,0,255,21.83,21.83,21.83,0
OCT,test,DRUSEN,DRUSEN-1514075-17.jpeg,768,496,380928,1.548,35.42,40.59,255,0,255,35.42,35.42,35.42,0
OCT,test,DRUSEN,DRUSEN-1514075-5.jpeg,512,496,253952,1.032,52.49,58.13,255,0,255,52.49,52.49,52.49,0
OCT,test,DRUSEN,DRUSEN-1514075-9.jpeg,768,496,380928,1.548,37.17,41.17,255,0,255,37.17,37.17,37.17,0
OCT,test,DRUSEN,DRUSEN-1530990-1.jpeg,768,496,380928,1.548,45.1,42.68,255,0,255,45.1,45.1,45.1,0
OCT,test,DRUSEN,DRUSEN-1530990-15.jpeg,512,496,253952,1.032,39.74,42.24,255,0,255,39.74,39.74,39.74,0
OCT,test,DRUSEN,DRUSEN-1530990-6.jpeg,512,496,253952,1.032,58.71,65.1,255,0,255,58.71,58.71,58.71,0
OCT,test,DRUSEN,DRUSEN-1577991-11.jpeg,512,496,253952,1.032,88.58,80.78,255,0,255,88.58,88.58,88.58,0
OCT,test,DRUSEN,DRUSEN-1577991-2.jpeg,768,496,380928,1.548,32.34,31.9,255,0,255,32.34,32.34,32.34,0
OCT,test,DRUSEN,DRUSEN-1588792-5.jpeg,512,496,253952,1.032,36.71,43.8,255,0,255,36.71,36.71,36.71,0
OCT,test,DRUSEN,DRUSEN-163081-4.jpeg,512,496,253952,1.032,52.86,51.8,255,0,255,52.86,52.86,52.86,0
OCT,test,DRUSEN,DRUSEN-163081-6.jpeg,768,496,380928,1.548,33.12,35.61,255,0,255,33.12,33.12,33.12,0
OCT,test,DRUSEN,DRUSEN-1641792-2.jpeg,768,496,380928,1.548,36.8,39.78,255,0,255,36.8,36.8,36.8,0
OCT,test,DRUSEN,DRUSEN-1651625-11.jpeg,768,496,380928,1.548,34.44,35.01,255,0,255,34.44,34.44,34.44,0
OCT,test,DRUSEN,DRUSEN-1651625-13.jpeg,768,496,380928,1.548,41.07,42.42,255,0,255,41.07,41.07,41.07,0
OCT,test,DRUSEN,DRUSEN-1651625-5.jpeg,1536,496,761856,3.097,27.31,30.77,255,0,255,27.31,27.31,27.31,0
OCT,test,DRUSEN,DRUSEN-1651625-6.jpeg,512,496,253952,1.032,43.49,39.43,255,0,255,43.49,43.49,43.49,0
OCT,test,DRUSEN,DRUSEN-1742442-10.jpeg,512,496,253952,1.032,42.98,55.32,255,0,255,42.98,42.98,42.98,0
OCT,test,DRUSEN,DRUSEN-1742442-5.jpeg,512,496,253952,1.032,37.32,41.17,255,0,255,37.32,37.32,37.32,0
OCT,test,DRUSEN,DRUSEN-1771395-12.jpeg,512,496,253952,1.032,48.89,57.14,255,0,255,48.89,48.89,48.89,0
OCT,test,DRUSEN,DRUSEN-1771395-7.jpeg,512,496,253952,1.032,54.05,49.93,255,0,255,54.05,54.05,54.05,0
OCT,test,DRUSEN,DRUSEN-1779575-17.jpeg,512,496,253952,1.032,44.86,51.87,255,0,255,44.86,44.86,44.86,0
OCT,test,DRUSEN,DRUSEN-1779575-20.jpeg,512,496,253952,1.032,46.93,52.92,255,0,255,46.93,46.93,46.93,0
OCT,test,DRUSEN,DRUSEN-1779575-5.jpeg,512,496,253952,1.032,71.0,68.1,255,0,255,71.0,71.0,71.0,0
OCT,test,DRUSEN,DRUSEN-1779575-6.jpeg,512,496,253952,1.032,62.17,57.21,255,0,255,62.17,62.17,62.17,0
OCT,test,DRUSEN,DRUSEN-1786810-16.jpeg,1536,496,761856,3.097,40.39,38.57,255,0,255,40.39,40.39,40.39,0
OCT,test,DRUSEN,DRUSEN-1786810-19.jpeg,768,496,380928,1.548,42.99,42.95,255,0,255,42.99,42.99,42.99,0
OCT,test,DRUSEN,DRUSEN-1786810-20.jpeg,768,496,380928,1.548,40.23,39.69,255,0,255,40.23,40.23,40.23,0
OCT,test,DRUSEN,DRUSEN-1786810-21.jpeg,512,496,253952,1.032,54.75,58.3,255,0,255,54.75,54.75,54.75,0
OCT,test,DRUSEN,DRUSEN-1786810-24.jpeg,1536,496,761856,3.097,34.85,34.85,255,0,255,34.85,34.85,34.85,0
OCT,test,DRUSEN,DRUSEN-1786810-28.jpeg,512,496,253952,1.032,61.47,68.47,255,0,255,61.47,61.47,61.47,0
OCT,test,DRUSEN,DRUSEN-1786810-3.jpeg,768,496,380928,1.548,32.75,32.06,255,0,255,32.75,32.75,32.75,0
OCT,test,DRUSEN,DRUSEN-1786810-4.jpeg,512,496,253952,1.032,62.82,61.87,255,0,255,62.82,62.82,62.82,0
OCT,test,DRUSEN,DRUSEN-1789270-10.jpeg,768,496,380928,1.548,35.92,38.07,255,0,255,35.92,35.92,35.92,0
OCT,test,DRUSEN,DRUSEN-1789270-11.jpeg,512,496,253952,1.032,47.66,48.52,255,0,255,47.66,47.66,47.66,0
OCT,test,DRUSEN,DRUSEN-1789270-14.jpeg,768,496,380928,1.548,45.43,39.2,255,0,255,45.43,45.43,45.43,0
OCT,test,DRUSEN,DRUSEN-1789270-23.jpeg,768,496,380928,1.548,38.31,36.19,255,0,255,38.31,38.31,38.31,0
OCT,test,DRUSEN,DRUSEN-1789270-25.jpeg,512,496,253952,1.032,64.02,71.03,255,0,255,64.02,64.02,64.02,0
OCT,test,DRUSEN,DRUSEN-1789270-26.jpeg,512,496,253952,1.032,58.03,51.91,255,0,255,58.03,58.03,58.03,0
OCT,test,DRUSEN,DRUSEN-1789270-27.jpeg,512,496,253952,1.032,50.09,49.62,255,0,255,50.09,50.09,50.09,0
OCT,test,DRUSEN,DRUSEN-1789270-42.jpeg,768,496,380928,1.548,36.63,37.39,255,0,255,36.63,36.63,36.63,0
OCT,test,DRUSEN,DRUSEN-1789270-5.jpeg,512,496,253952,1.032,53.41,60.11,255,0,255,53.41,53.41,53.41,0
OCT,test,DRUSEN,DRUSEN-1789270-57.jpeg,768,496,380928,1.548,46.38,44.79,255,0,255,46.38,46.38,46.38,0
OCT,test,DRUSEN,DRUSEN-1793499-21.jpeg,512,496,253952,1.032,77.92,76.59,255,0,255,77.92,77.92,77.92,0
OCT,test,DRUSEN,DRUSEN-1793499-23.jpeg,768,496,380928,1.548,30.96,33.7,255,0,255,30.96,30.96,30.96,0
OCT,test,DRUSEN,DRUSEN-1793499-8.jpeg,1536,496,761856,3.097,32.52,29.98,255,0,255,32.52,32.52,32.52,0
OCT,test,DRUSEN,DRUSEN-1849029-2.jpeg,768,496,380928,1.548,38.63,39.19,255,0,255,38.63,38.63,38.63,0
OCT,test,DRUSEN,DRUSEN-1849029-3.jpeg,512,496,253952,1.032,45.39,39.1,255,0,255,45.39,45.39,45.39,0
OCT,test,DRUSEN,DRUSEN-1880667-4.jpeg,768,496,380928,1.548,44.01,38.17,255,0,255,44.01,44.01,44.01,0
OCT,test,DRUSEN,DRUSEN-1894770-2.jpeg,768,496,380928,1.548,33.65,36.24,255,0,255,33.65,33.65,33.65,0
OCT,test,DRUSEN,DRUSEN-1912508-15.jpeg,1536,496,761856,3.097,28.85,31.32,255,0,255,28.85,28.85,28.85,0
OCT,test,DRUSEN,DRUSEN-1912508-17.jpeg,1536,496,761856,3.097,32.81,35.08,255,0,255,32.81,32.81,32.81,0
OCT,test,DRUSEN,DRUSEN-1912508-21.jpeg,1536,496,761856,3.097,30.01,37.4,255,0,255,30.01,30.01,30.01,0
OCT,test,DRUSEN,DRUSEN-1912508-22.jpeg,512,496,253952,1.032,38.99,55.33,255,0,255,38.99,38.99,38.99,0
OCT,test,DRUSEN,DRUSEN-1912508-23.jpeg,512,496,253952,1.032,40.91,51.72,255,0,255,40.91,40.91,40.91,0
OCT,test,DRUSEN,DRUSEN-1912508-3.jpeg,512,496,253952,1.032,46.51,50.53,255,0,255,46.51,46.51,46.51,0
OCT,test,DRUSEN,DRUSEN-1912508-6.jpeg,1536,496,761856,3.097,29.66,30.7,255,0,255,29.66,29.66,29.66,0
OCT,test,DRUSEN,DRUSEN-1957379-1.jpeg,768,496,380928,1.548,32.94,37.35,255,0,255,32.94,32.94,32.94,0
OCT,test,DRUSEN,DRUSEN-1997439-100.jpeg,512,496,253952,1.032,50.3,55.46,255,0,255,50.3,50.3,50.3,0
OCT,test,DRUSEN,DRUSEN-1997439-114.jpeg,768,496,380928,1.548,38.0,38.16,255,0,255,38.0,38.0,38.0,0
OCT,test,DRUSEN,DRUSEN-1997439-116.jpeg,512,496,253952,1.032,40.95,41.86,255,0,255,40.95,40.95,40.95,0
OCT,test,DRUSEN,DRUSEN-1997439-117.jpeg,512,496,253952,1.032,43.89,43.72,255,0,255,43.89,43.89,43.89,0
OCT,test,DRUSEN,DRUSEN-1997439-128.jpeg,512,496,253952,1.032,46.54,56.61,255,0,255,46.54,46.54,46.54,0
OCT,test,DRUSEN,DRUSEN-1997439-133.jpeg,768,496,380928,1.548,28.92,30.88,255,0,255,28.92,28.92,28.92,0
OCT,test,DRUSEN,DRUSEN-1997439-17.jpeg,512,496,253952,1.032,38.16,39.83,255,0,255,38.16,38.16,38.16,0
OCT,test,DRUSEN,DRUSEN-1997439-29.jpeg,512,496,253952,1.032,42.29,51.06,255,0,255,42.29,42.29,42.29,0
OCT,test,DRUSEN,DRUSEN-1997439-39.jpeg,512,496,253952,1.032,53.11,62.23,255,0,255,53.11,53.11,53.11,0
OCT,test,DRUSEN,DRUSEN-1997439-44.jpeg,512,496,253952,1.032,57.42,61.89,255,0,255,57.42,57.42,57.42,0
OCT,test,DRUSEN,DRUSEN-1997439-5.jpeg,512,496,253952,1.032,68.4,81.02,255,0,255,68.4,68.4,68.4,0
OCT,test,DRUSEN,DRUSEN-1997439-61.jpeg,512,496,253952,1.032,24.54,31.9,255,0,255,24.54,24.54,24.54,0
OCT,test,DRUSEN,DRUSEN-1997439-62.jpeg,768,496,380928,1.548,35.79,38.87,255,0,255,35.79,35.79,35.79,0
OCT,test,DRUSEN,DRUSEN-1997439-74.jpeg,512,496,253952,1.032,53.1,53.86,255,0,255,53.1,53.1,53.1,0
OCT,test,DRUSEN,DRUSEN-1997439-75.jpeg,512,496,253952,1.032,55.13,57.4,255,0,255,55.13,55.13,55.13,0
OCT,test,DRUSEN,DRUSEN-1997439-80.jpeg,512,496,253952,1.032,59.72,69.32,255,0,255,59.72,59.72,59.72,0
OCT,test,DRUSEN,DRUSEN-1997439-82.jpeg,1536,496,761856,3.097,31.67,35.08,255,0,255,31.67,31.67,31.67,0
OCT,test,DRUSEN,DRUSEN-1997439-84.jpeg,512,496,253952,1.032,51.01,61.62,255,0,255,51.01,51.01,51.01,0
OCT,test,DRUSEN,DRUSEN-1997439-89.jpeg,512,496,253952,1.032,46.06,43.39,255,0,255,46.06,46.06,46.06,0
OCT,test,DRUSEN,DRUSEN-1997439-94.jpeg,512,496,253952,1.032,42.69,47.11,255,0,255,42.69,42.69,42.69,0
OCT,test,DRUSEN,DRUSEN-1997439-97.jpeg,768,496,380928,1.548,30.02,32.41,255,0,255,30.02,30.02,30.02,0
OCT,test,DRUSEN,DRUSEN-200969-1.jpeg,512,496,253952,1.032,37.24,47.62,255,0,255,37.24,37.24,37.24,0
OCT,test,DRUSEN,DRUSEN-2017309-4.jpeg,768,496,380928,1.548,37.42,43.52,255,0,255,37.42,37.42,37.42,0
OCT,test,DRUSEN,DRUSEN-2091157-1.jpeg,768,496,380928,1.548,51.26,62.05,255,0,255,51.26,51.26,51.26,0
OCT,test,DRUSEN,DRUSEN-2097858-8.jpeg,512,496,253952,1.032,40.7,46.98,255,0,255,40.7,40.7,40.7,0
OCT,test,DRUSEN,DRUSEN-2100501-1.jpeg,512,496,253952,1.032,90.05,92.33,255,0,255,90.05,90.05,90.05,0
OCT,test,DRUSEN,DRUSEN-2105194-2.jpeg,512,496,253952,1.032,66.88,75.29,255,0,255,66.88,66.88,66.88,0
OCT,test,DRUSEN,DRUSEN-2112926-4.jpeg,512,496,253952,1.032,34.55,45.84,255,0,255,34.55,34.55,34.55,0
OCT,test,DRUSEN,DRUSEN-2116022-2.jpeg,512,496,253952,1.032,55.21,59.77,255,0,255,55.21,55.21,55.21,0
OCT,test,DRUSEN,DRUSEN-2128644-1.jpeg,768,496,380928,1.548,43.21,42.69,255,0,255,43.21,43.21,43.21,0
OCT,test,DRUSEN,DRUSEN-2128644-17.jpeg,768,496,380928,1.548,36.59,34.51,255,0,255,36.59,36.59,36.59,0
OCT,test,DRUSEN,DRUSEN-2128644-26.jpeg,512,496,253952,1.032,38.96,45.37,255,0,255,38.96,38.96,38.96,0
OCT,test,DRUSEN,DRUSEN-2128644-31.jpeg,512,496,253952,1.032,149.7,103.42,255,0,255,149.7,149.7,149.7,0
OCT,test,DRUSEN,DRUSEN-2128644-34.jpeg,512,496,253952,1.032,52.14,51.51,255,0,255,52.14,52.14,52.14,0
OCT,test,DRUSEN,DRUSEN-2128644-41.jpeg,512,496,253952,1.032,51.28,60.56,255,0,255,51.28,51.28,51.28,0
OCT,test,DRUSEN,DRUSEN-2128644-8.jpeg,512,496,253952,1.032,53.24,54.91,255,0,255,53.24,53.24,53.24,0
OCT,test,DRUSEN,DRUSEN-2141150-10.jpeg,512,496,253952,1.032,54.25,48.18,255,0,255,54.25,54.25,54.25,0
OCT,test,DRUSEN,DRUSEN-2141150-18.jpeg,768,496,380928,1.548,33.46,37.65,255,0,255,33.46,33.46,33.46,0
OCT,test,DRUSEN,DRUSEN-2141150-19.jpeg,768,496,380928,1.548,43.08,43.77,255,0,255,43.08,43.08,43.08,0
OCT,test,DRUSEN,DRUSEN-2141150-27.jpeg,512,496,253952,1.032,53.12,62.44,255,0,255,53.12,53.12,53.12,0
OCT,test,DRUSEN,DRUSEN-2141150-30.jpeg,512,496,253952,1.032,54.12,54.13,255,0,255,54.12,54.12,54.12,0
OCT,test,DRUSEN,DRUSEN-2141150-5.jpeg,512,496,253952,1.032,49.88,48.28,255,0,255,49.88,49.88,49.88,0
OCT,test,DRUSEN,DRUSEN-2141150-7.jpeg,512,496,253952,1.032,48.45,48.07,255,0,255,48.45,48.45,48.45,0
OCT,test,DRUSEN,DRUSEN-2141150-9.jpeg,512,496,253952,1.032,52.56,45.32,255,0,255,52.56,52.56,52.56,0
OCT,test,DRUSEN,DRUSEN-2150315-1.jpeg,512,496,253952,1.032,50.55,62.19,255,0,255,50.55,50.55,50.55,0
OCT,test,DRUSEN,DRUSEN-2167295-1.jpeg,768,496,380928,1.548,36.03,38.4,255,0,255,36.03,36.03,36.03,0
OCT,test,DRUSEN,DRUSEN-2168793-1.jpeg,512,496,253952,1.032,45.68,47.73,255,0,255,45.68,45.68,45.68,0
OCT,test,DRUSEN,DRUSEN-2168793-3.jpeg,768,496,380928,1.548,44.06,41.66,255,0,255,44.06,44.06,44.06,0
OCT,test,DRUSEN,DRUSEN-2168793-7.jpeg,768,496,380928,1.548,23.5,24.36,255,0,255,23.5,23.5,23.5,0
OCT,test,DRUSEN,DRUSEN-2168793-9.jpeg,768,496,380928,1.548,34.51,37.22,255,0,255,34.51,34.51,34.51,0
OCT,test,DRUSEN,DRUSEN-2172450-13.jpeg,512,496,253952,1.032,46.69,43.28,255,0,255,46.69,46.69,46.69,0
OCT,test,DRUSEN,DRUSEN-2172450-28.jpeg,512,496,253952,1.032,60.25,64.21,255,0,255,60.25,60.25,60.25,0
OCT,test,DRUSEN,DRUSEN-2172450-3.jpeg,512,496,253952,1.032,46.6,49.84,255,0,255,46.6,46.6,46.6,0
OCT,test,DRUSEN,DRUSEN-2172450-4.jpeg,768,496,380928,1.548,29.11,32.76,255,0,255,29.11,29.11,29.11,0
OCT,test,DRUSEN,DRUSEN-2172450-8.jpeg,512,496,253952,1.032,51.74,58.12,255,0,255,51.74,51.74,51.74,0
OCT,test,DRUSEN,DRUSEN-2180220-3.jpeg,512,496,253952,1.032,69.49,70.11,255,0,255,69.49,69.49,69.49,0
OCT,test,DRUSEN,DRUSEN-2180220-4.jpeg,512,496,253952,1.032,47.23,47.84,255,0,255,47.23,47.23,47.23,0
OCT,test,DRUSEN,DRUSEN-2180220-6.jpeg,512,496,253952,1.032,66.84,74.39,255,0,255,66.84,66.84,66.84,0
OCT,test,DRUSEN,DRUSEN-2185112-1.jpeg,512,496,253952,1.032,49.91,44.14,255,0,255,49.91,49.91,49.91,0
OCT,test,DRUSEN,DRUSEN-2185112-15.jpeg,768,496,380928,1.548,38.59,43.11,255,0,255,38.59,38.59,38.59,0
OCT,test,DRUSEN,DRUSEN-2185112-9.jpeg,512,496,253952,1.032,43.26,53.31,255,0,255,43.26,43.26,43.26,0
OCT,test,DRUSEN,DRUSEN-2198788-1.jpeg,768,496,380928,1.548,33.59,35.07,255,0,255,33.59,33.59,33.59,0
OCT,test,DRUSEN,DRUSEN-2198788-12.jpeg,512,496,253952,1.032,53.72,55.43,255,0,255,53.72,53.72,53.72,0
OCT,test,DRUSEN,DRUSEN-2198788-13.jpeg,512,496,253952,1.032,64.92,69.79,255,0,255,64.92,64.92,64.92,0
OCT,test,DRUSEN,DRUSEN-2198788-15.jpeg,768,496,380928,1.548,38.6,36.61,255,0,255,38.6,38.6,38.6,0
OCT,test,DRUSEN,DRUSEN-2198788-20.jpeg,512,496,253952,1.032,40.54,46.25,255,0,255,40.54,40.54,40.54,0
OCT,test,DRUSEN,DRUSEN-2198788-29.jpeg,512,496,253952,1.032,56.28,51.64,255,0,255,56.28,56.28,56.28,0
OCT,test,DRUSEN,DRUSEN-2198788-33.jpeg,512,496,253952,1.032,44.11,41.59,255,0,255,44.11,44.11,44.11,0
OCT,test,DRUSEN,DRUSEN-2198788-36.jpeg,512,496,253952,1.032,55.0,65.8,255,0,255,55.0,55.0,55.0,0
OCT,test,DRUSEN,DRUSEN-2198788-4.jpeg,1536,496,761856,3.097,33.3,36.16,255,0,255,33.3,33.3,33.3,0
OCT,test,DRUSEN,DRUSEN-2211381-18.jpeg,512,496,253952,1.032,54.77,53.91,255,0,255,54.77,54.77,54.77,0
OCT,test,DRUSEN,DRUSEN-2211381-21.jpeg,512,496,253952,1.032,57.35,62.25,255,0,255,57.35,57.35,57.35,0
OCT,test,DRUSEN,DRUSEN-2211381-5.jpeg,512,496,253952,1.032,45.1,43.46,255,0,255,45.1,45.1,45.1,0
OCT,test,DRUSEN,DRUSEN-2211381-7.jpeg,512,496,253952,1.032,49.83,49.78,255,0,255,49.83,49.83,49.83,0
OCT,test,DRUSEN,DRUSEN-2213958-2.jpeg,512,496,253952,1.032,53.47,45.51,255,0,255,53.47,53.47,53.47,0
OCT,test,DRUSEN,DRUSEN-2213958-4.jpeg,512,496,253952,1.032,50.38,47.68,255,0,255,50.38,50.38,50.38,0
OCT,test,DRUSEN,DRUSEN-2213958-6.jpeg,512,496,253952,1.032,43.48,39.32,255,0,255,43.48,43.48,43.48,0
OCT,test,DRUSEN,DRUSEN-2218026-1.jpeg,512,496,253952,1.032,62.55,75.31,255,0,255,62.55,62.55,62.55,0
OCT,test,DRUSEN,DRUSEN-2218026-2.jpeg,512,496,253952,1.032,50.69,61.65,255,0,255,50.69,50.69,50.69,0
OCT,test,DRUSEN,DRUSEN-2224263-1.jpeg,512,496,253952,1.032,61.54,73.75,255,0,255,61.54,61.54,61.54,0
OCT,test,DRUSEN,DRUSEN-2232211-11.jpeg,512,496,253952,1.032,49.59,43.65,255,0,255,49.59,49.59,49.59,0
OCT,test,DRUSEN,DRUSEN-2232211-17.jpeg,512,496,253952,1.032,61.26,71.72,255,0,255,61.26,61.26,61.26,0
OCT,test,DRUSEN,DRUSEN-2233489-13.jpeg,512,496,253952,1.032,66.16,74.13,255,0,255,66.16,66.16,66.16,0
OCT,test,DRUSEN,DRUSEN-2233489-18.jpeg,512,496,253952,1.032,85.63,90.25,255,0,255,85.63,85.63,85.63,0
OCT,test,DRUSEN,DRUSEN-2233489-4.jpeg,512,496,253952,1.032,56.05,74.33,255,0,255,56.05,56.05,56.05,0
OCT,test,DRUSEN,DRUSEN-224974-10.jpeg,512,496,253952,1.032,53.54,68.02,255,0,255,53.54,53.54,53.54,0
OCT,test,DRUSEN,DRUSEN-224974-11.jpeg,512,496,253952,1.032,53.02,62.33,255,0,255,53.02,53.02,53.02,0
OCT,test,DRUSEN,DRUSEN-224974-13.jpeg,1536,496,761856,3.097,93.77,95.71,255,0,255,93.77,93.77,93.77,0
OCT,test,DRUSEN,DRUSEN-224974-25.jpeg,1536,496,761856,3.097,30.05,35.03,255,0,255,30.05,30.05,30.05,0
OCT,test,DRUSEN,DRUSEN-224974-38.jpeg,512,496,253952,1.032,63.25,69.93,255,0,255,63.25,63.25,63.25,0
OCT,test,DRUSEN,DRUSEN-2253582-10.jpeg,768,496,380928,1.548,33.16,35.9,255,0,255,33.16,33.16,33.16,0
OCT,test,DRUSEN,DRUSEN-2253582-14.jpeg,1536,496,761856,3.097,26.9,31.07,255,0,255,26.9,26.9,26.9,0
OCT,test,DRUSEN,DRUSEN-2253582-15.jpeg,512,496,253952,1.032,46.71,49.23,255,0,255,46.71,46.71,46.71,0
OCT,test,DRUSEN,DRUSEN-2253582-19.jpeg,512,496,253952,1.032,43.0,42.61,255,0,255,43.0,43.0,43.0,0
OCT,test,DRUSEN,DRUSEN-2253582-21.jpeg,512,496,253952,1.032,46.95,54.03,255,0,255,46.95,46.95,46.95,0
OCT,test,DRUSEN,DRUSEN-2253582-3.jpeg,512,496,253952,1.032,45.51,54.89,255,0,255,45.51,45.51,45.51,0
OCT,test,DRUSEN,DRUSEN-2253582-7.jpeg,512,496,253952,1.032,36.94,41.26,255,0,255,36.94,36.94,36.94,0
OCT,test,DRUSEN,DRUSEN-2257047-1.jpeg,768,496,380928,1.548,45.43,54.08,255,0,255,45.43,45.43,45.43,0
OCT,test,DRUSEN,DRUSEN-2257047-102.jpeg,768,496,380928,1.548,35.45,36.37,255,0,255,35.45,35.45,35.45,0
OCT,test,DRUSEN,DRUSEN-2257047-11.jpeg,512,496,253952,1.032,63.14,67.91,255,0,255,63.14,63.14,63.14,0
OCT,test,DRUSEN,DRUSEN-2257047-27.jpeg,512,496,253952,1.032,65.55,72.01,255,0,255,65.55,65.55,65.55,0
OCT,test,DRUSEN,DRUSEN-2257047-40.jpeg,512,496,253952,1.032,47.28,45.76,255,0,255,47.28,47.28,47.28,0
OCT,test,DRUSEN,DRUSEN-2257047-44.jpeg,512,496,253952,1.032,44.76,40.3,255,0,255,44.76,44.76,44.76,0
OCT,test,DRUSEN,DRUSEN-2257047-58.jpeg,512,496,253952,1.032,57.03,59.39,255,0,255,57.03,57.03,57.03,0
OCT,test,DRUSEN,DRUSEN-2257047-74.jpeg,1536,496,761856,3.097,33.09,34.27,255,0,255,33.09,33.09,33.09,0
OCT,test,DRUSEN,DRUSEN-2257047-94.jpeg,512,496,253952,1.032,32.44,31.67,255,0,255,32.44,32.44,32.44,0
OCT,test,DRUSEN,DRUSEN-2257047-95.jpeg,512,496,253952,1.032,38.6,35.9,255,0,255,38.6,38.6,38.6,0
OCT,test,DRUSEN,DRUSEN-228939-17.jpeg,512,496,253952,1.032,45.42,52.79,255,0,255,45.42,45.42,45.42,0
OCT,test,DRUSEN,DRUSEN-228939-45.jpeg,512,496,253952,1.032,47.94,56.53,255,0,255,47.94,47.94,47.94,0
OCT,test,DRUSEN,DRUSEN-228939-49.jpeg,512,496,253952,1.032,48.8,49.68,255,0,255,48.8,48.8,48.8,0
OCT,test,DRUSEN,DRUSEN-228939-52.jpeg,768,496,380928,1.548,36.37,37.76,255,0,255,36.37,36.37,36.37,0
OCT,test,DRUSEN,DRUSEN-228939-54.jpeg,1536,496,761856,3.097,34.5,34.78,255,0,255,34.5,34.5,34.5,0
OCT,test,DRUSEN,DRUSEN-228939-62.jpeg,512,496,253952,1.032,37.41,39.02,255,0,255,37.41,37.41,37.41,0
OCT,test,DRUSEN,DRUSEN-2301643-2.jpeg,512,496,253952,1.032,49.79,59.41,255,0,255,49.79,49.79,49.79,0
OCT,test,DRUSEN,DRUSEN-2307849-1.jpeg,768,496,380928,1.548,32.98,37.64,255,0,255,32.98,32.98,32.98,0
OCT,test,DRUSEN,DRUSEN-2308158-2.jpeg,512,496,253952,1.032,39.48,49.64,255,0,255,39.48,39.48,39.48,0
OCT,test,DRUSEN,DRUSEN-2339158-1.jpeg,512,496,253952,1.032,46.02,45.59,255,0,255,46.02,46.02,46.02,0
OCT,test,DRUSEN,DRUSEN-2403175-1.jpeg,512,496,253952,1.032,41.51,50.71,255,0,255,41.51,41.51,41.51,0
OCT,test,DRUSEN,DRUSEN-2403178-2.jpeg,1536,496,761856,3.097,34.56,40.49,255,0,255,34.56,34.56,34.56,0
OCT,test,DRUSEN,DRUSEN-2403178-20.jpeg,512,496,253952,1.032,49.23,53.56,255,0,255,49.23,49.23,49.23,0
OCT,test,DRUSEN,DRUSEN-2403178-22.jpeg,768,496,380928,1.548,34.73,39.42,255,0,255,34.73,34.73,34.73,0
OCT,test,DRUSEN,DRUSEN-2403178-4.jpeg,512,496,253952,1.032,41.37,42.25,255,0,255,41.37,41.37,41.37,0
OCT,test,DRUSEN,DRUSEN-2403178-8.jpeg,768,496,380928,1.548,36.21,39.35,255,0,255,36.21,36.21,36.21,0
OCT,test,DRUSEN,DRUSEN-2407494-1.jpeg,1536,496,761856,3.097,68.05,84.75,255,0,255,68.05,68.05,68.05,0
OCT,test,DRUSEN,DRUSEN-2407494-11.jpeg,512,496,253952,1.032,68.23,73.45,255,0,255,68.23,68.23,68.23,0
OCT,test,DRUSEN,DRUSEN-2407494-15.jpeg,512,496,253952,1.032,48.59,52.67,255,0,255,48.59,48.59,48.59,0
OCT,test,DRUSEN,DRUSEN-2407494-17.jpeg,512,496,253952,1.032,65.95,70.97,255,0,255,65.95,65.95,65.95,0
OCT,test,DRUSEN,DRUSEN-2407494-5.jpeg,512,496,253952,1.032,46.14,61.4,255,0,255,46.14,46.14,46.14,0
OCT,test,DRUSEN,DRUSEN-2430522-1.jpeg,1536,496,761856,3.097,38.22,46.66,255,0,255,38.22,38.22,38.22,0
OCT,test,DRUSEN,DRUSEN-2437193-12.jpeg,512,496,253952,1.032,48.86,57.29,255,0,255,48.86,48.86,48.86,0
OCT,test,DRUSEN,DRUSEN-2437193-23.jpeg,512,496,253952,1.032,45.47,47.54,255,0,255,45.47,45.47,45.47,0
OCT,test,DRUSEN,DRUSEN-2437193-29.jpeg,512,496,253952,1.032,56.37,59.69,255,0,255,56.37,56.37,56.37,0
OCT,test,DRUSEN,DRUSEN-2437193-34.jpeg,512,496,253952,1.032,70.11,76.64,255,0,255,70.11,70.11,70.11,0
OCT,test,DRUSEN,DRUSEN-2437193-35.jpeg,512,496,253952,1.032,63.38,68.73,255,0,255,63.38,63.38,63.38,0
OCT,test,DRUSEN,DRUSEN-2437193-38.jpeg,512,496,253952,1.032,51.26,53.19,255,0,255,51.26,51.26,51.26,0
OCT,test,DRUSEN,DRUSEN-2437193-43.jpeg,512,496,253952,1.032,53.16,57.49,255,0,255,53.16,53.16,53.16,0
OCT,test,DRUSEN,DRUSEN-2437193-47.jpeg,768,496,380928,1.548,40.14,41.58,255,0,255,40.14,40.14,40.14,0
OCT,test,DRUSEN,DRUSEN-2437193-55.jpeg,512,496,253952,1.032,74.29,82.19,255,0,255,74.29,74.29,74.29,0
OCT,test,DRUSEN,DRUSEN-2437193-59.jpeg,512,496,253952,1.032,57.24,67.49,255,0,255,57.24,57.24,57.24,0
OCT,test,DRUSEN,DRUSEN-2437193-60.jpeg,512,496,253952,1.032,61.88,68.71,255,0,255,61.88,61.88,61.88,0
OCT,test,DRUSEN,DRUSEN-2437193-65.jpeg,512,496,253952,1.032,52.81,55.33,255,0,255,52.81,52.81,52.81,0
OCT,test,DRUSEN,DRUSEN-2437193-8.jpeg,1536,496,761856,3.097,37.96,39.5,255,0,255,37.96,37.96,37.96,0
OCT,test,DRUSEN,DRUSEN-2443068-1.jpeg,512,496,253952,1.032,48.02,54.6,255,0,255,48.02,48.02,48.02,0
OCT,test,DRUSEN,DRUSEN-2443068-12.jpeg,512,496,253952,1.032,46.37,50.09,255,0,255,46.37,46.37,46.37,0
OCT,test,DRUSEN,DRUSEN-2443068-3.jpeg,512,496,253952,1.032,63.33,67.97,255,0,255,63.33,63.33,63.33,0
OCT,test,DRUSEN,DRUSEN-2443350-5.jpeg,512,496,253952,1.032,54.67,59.29,255,0,255,54.67,54.67,54.67,0
OCT,test,DRUSEN,DRUSEN-2443350-7.jpeg,512,496,253952,1.032,49.77,56.37,255,0,255,49.77,49.77,49.77,0
OCT,test,DRUSEN,DRUSEN-2444883-13.jpeg,512,496,253952,1.032,55.54,67.25,255,0,255,55.54,55.54,55.54,0
OCT,test,DRUSEN,DRUSEN-2444883-19.jpeg,512,496,253952,1.032,44.52,52.17,255,0,255,44.52,44.52,44.52,0
OCT,test,DRUSEN,DRUSEN-2444883-25.jpeg,512,496,253952,1.032,61.04,70.45,255,0,255,61.04,61.04,61.04,0
OCT,test,DRUSEN,DRUSEN-2444883-3.jpeg,512,496,253952,1.032,48.2,45.4,255,0,255,48.2,48.2,48.2,0
OCT,test,DRUSEN,DRUSEN-2444883-38.jpeg,512,496,253952,1.032,40.84,50.78,255,0,255,40.84,40.84,40.84,0
OCT,test,DRUSEN,DRUSEN-2444883-39.jpeg,512,496,253952,1.032,40.28,47.86,255,0,255,40.28,40.28,40.28,0
OCT,test,DRUSEN,DRUSEN-2444883-6.jpeg,512,496,253952,1.032,73.28,88.92,255,0,255,73.28,73.28,73.28,0
OCT,test,DRUSEN,DRUSEN-2444883-7.jpeg,512,496,253952,1.032,40.42,52.96,255,0,255,40.42,40.42,40.42,0
OCT,test,DRUSEN,DRUSEN-2463911-2.jpeg,512,496,253952,1.032,54.52,65.89,255,0,255,54.52,54.52,54.52,0
OCT,test,DRUSEN,DRUSEN-2481243-2.jpeg,512,496,253952,1.032,43.0,51.11,255,0,255,43.0,43.0,43.0,0
OCT,test,DRUSEN,DRUSEN-2489093-11.jpeg,768,496,380928,1.548,28.49,29.07,255,0,255,28.49,28.49,28.49,0
OCT,test,DRUSEN,DRUSEN-2489093-12.jpeg,768,496,380928,1.548,38.04,39.54,255,0,255,38.04,38.04,38.04,0
OCT,test,DRUSEN,DRUSEN-2489093-25.jpeg,1536,496,761856,3.097,29.11,31.22,255,0,255,29.11,29.11,29.11,0
OCT,test,DRUSEN,DRUSEN-2489093-27.jpeg,1536,496,761856,3.097,35.48,38.93,255,0,255,35.48,35.48,35.48,0
OCT,test,DRUSEN,DRUSEN-2489093-30.jpeg,512,496,253952,1.032,65.08,68.82,255,0,255,65.08,65.08,65.08,0
OCT,test,DRUSEN,DRUSEN-2489093-5.jpeg,512,496,253952,1.032,42.93,55.2,255,0,255,42.93,42.93,42.93,0
OCT,test,DRUSEN,DRUSEN-2507646-4.jpeg,512,496,253952,1.032,56.04,68.64,255,0,255,56.04,56.04,56.04,0
OCT,test,DRUSEN,DRUSEN-2507646-5.jpeg,512,496,253952,1.032,55.58,68.4,255,0,255,55.58,55.58,55.58,0
OCT,test,DRUSEN,DRUSEN-2510256-1.jpeg,768,496,380928,1.548,30.79,34.74,255,0,255,30.79,30.79,30.79,0
OCT,test,DRUSEN,DRUSEN-2510256-4.jpeg,768,496,380928,1.548,37.11,41.03,255,0,255,37.11,37.11,37.11,0
OCT,test,DRUSEN,DRUSEN-2510256-7.jpeg,768,496,380928,1.548,32.0,34.25,255,0,255,32.0,32.0,32.0,0
OCT,test,DRUSEN,DRUSEN-2510299-4.jpeg,768,496,380928,1.548,43.11,43.63,255,0,255,43.11,43.11,43.11,0
OCT,test,DRUSEN,DRUSEN-2510299-5.jpeg,768,496,380928,1.548,36.62,39.12,255,0,255,36.62,36.62,36.62,0
OCT,test,DRUSEN,DRUSEN-2517567-3.jpeg,512,496,253952,1.032,50.83,60.88,255,0,255,50.83,50.83,50.83,0
OCT,test,DRUSEN,DRUSEN-2541184-17.jpeg,512,496,253952,1.032,71.19,75.55,255,0,255,71.19,71.19,71.19,0
OCT,test,DRUSEN,DRUSEN-2541184-18.jpeg,512,496,253952,1.032,64.76,72.67,255,0,255,64.76,64.76,64.76,0
OCT,test,DRUSEN,DRUSEN-2541184-20.jpeg,768,496,380928,1.548,37.75,35.82,255,0,255,37.75,37.75,37.75,0
OCT,test,DRUSEN,DRUSEN-2541184-24.jpeg,512,496,253952,1.032,52.47,59.22,255,0,255,52.47,52.47,52.47,0
OCT,test,DRUSEN,DRUSEN-2541184-30.jpeg,512,496,253952,1.032,60.64,75.33,255,0,255,60.64,60.64,60.64,0
OCT,test,DRUSEN,DRUSEN-2541184-36.jpeg,512,496,253952,1.032,48.69,47.3,255,0,255,48.69,48.69,48.69,0
OCT,test,DRUSEN,DRUSEN-2541184-38.jpeg,512,496,253952,1.032,50.9,60.85,255,0,255,50.9,50.9,50.9,0
OCT,test,DRUSEN,DRUSEN-2541184-4.jpeg,768,496,380928,1.548,26.84,31.39,255,0,255,26.84,26.84,26.84,0
OCT,test,DRUSEN,DRUSEN-2541184-40.jpeg,768,496,380928,1.548,39.51,39.34,255,0,255,39.51,39.51,39.51,0
OCT,test,DRUSEN,DRUSEN-2541184-41.jpeg,768,496,380928,1.548,42.58,41.78,255,0,255,42.58,42.58,42.58,0
OCT,test,DRUSEN,DRUSEN-2560378-1.jpeg,512,496,253952,1.032,50.83,59.66,255,0,255,50.83,50.83,50.83,0
OCT,test,DRUSEN,DRUSEN-2655276-2.jpeg,768,496,380928,1.548,45.02,42.96,255,0,255,45.02,45.02,45.02,0
OCT,test,DRUSEN,DRUSEN-2724960-1.jpeg,768,496,380928,1.548,33.75,39.0,255,0,255,33.75,33.75,33.75,0
OCT,test,DRUSEN,DRUSEN-2785977-9.jpeg,512,496,253952,1.032,42.57,47.34,255,0,255,42.57,42.57,42.57,0
OCT,test,DRUSEN,DRUSEN-2894315-1.jpeg,512,496,253952,1.032,78.43,77.29,255,0,255,78.43,78.43,78.43,0
OCT,test,DRUSEN,DRUSEN-2894315-3.jpeg,512,496,253952,1.032,90.21,82.33,255,0,255,90.21,90.21,90.21,0
OCT,test,DRUSEN,DRUSEN-2894315-7.jpeg,768,496,380928,1.548,31.97,32.31,255,0,255,31.97,31.97,31.97,0
OCT,test,DRUSEN,DRUSEN-2903460-1.jpeg,1536,496,761856,3.097,40.81,37.42,255,0,255,40.81,40.81,40.81,0
OCT,test,DRUSEN,DRUSEN-2903460-2.jpeg,512,496,253952,1.032,50.48,66.59,255,0,255,50.48,50.48,50.48,0
OCT,test,DRUSEN,DRUSEN-2951435-1.jpeg,512,496,253952,1.032,48.15,61.39,255,0,255,48.15,48.15,48.15,0
OCT,test,DRUSEN,DRUSEN-2951435-8.jpeg,768,496,380928,1.548,41.49,38.79,255,0,255,41.49,41.49,41.49,0
OCT,test,DRUSEN,DRUSEN-3030629-13.jpeg,512,496,253952,1.032,45.73,47.87,255,0,255,45.73,45.73,45.73,0
OCT,test,DRUSEN,DRUSEN-3030629-17.jpeg,768,496,380928,1.548,37.62,35.64,255,0,255,37.62,37.62,37.62,0
OCT,test,DRUSEN,DRUSEN-3030629-18.jpeg,768,496,380928,1.548,40.08,39.07,255,0,255,40.08,40.08,40.08,0
OCT,test,DRUSEN,DRUSEN-3030629-22.jpeg,512,496,253952,1.032,56.43,58.21,255,0,255,56.43,56.43,56.43,0
OCT,test,DRUSEN,DRUSEN-3075006-1.jpeg,768,496,380928,1.548,36.01,38.42,255,0,255,36.01,36.01,36.01,0
OCT,test,DRUSEN,DRUSEN-3086272-19.jpeg,768,496,380928,1.548,37.84,38.64,255,0,255,37.84,37.84,37.84,0
OCT,test,DRUSEN,DRUSEN-3086272-2.jpeg,512,496,253952,1.032,60.68,53.05,255,0,255,60.68,60.68,60.68,0
OCT,test,DRUSEN,DRUSEN-3086272-23.jpeg,512,496,253952,1.032,83.25,84.61,255,0,255,83.25,83.25,83.25,0
OCT,test,DRUSEN,DRUSEN-3086272-3.jpeg,512,496,253952,1.032,56.97,51.64,255,0,255,56.97,56.97,56.97,0
OCT,test,DRUSEN,DRUSEN-3100637-1.jpeg,512,496,253952,1.032,54.65,57.24,255,0,255,54.65,54.65,54.65,0
OCT,test,DRUSEN,DRUSEN-3101737-1.jpeg,1536,496,761856,3.097,31.8,35.37,255,0,255,31.8,31.8,31.8,0
OCT,test,DRUSEN,DRUSEN-3101737-14.jpeg,512,496,253952,1.032,49.23,53.18,255,0,255,49.23,49.23,49.23,0
OCT,test,DRUSEN,DRUSEN-3101737-17.jpeg,768,496,380928,1.548,35.94,37.11,255,0,255,35.94,35.94,35.94,0
OCT,test,DRUSEN,DRUSEN-3101737-7.jpeg,512,496,253952,1.032,76.62,83.65,255,0,255,76.62,76.62,76.62,0
OCT,test,DRUSEN,DRUSEN-3101737-9.jpeg,512,496,253952,1.032,74.01,81.86,255,0,255,74.01,74.01,74.01,0
OCT,test,DRUSEN,DRUSEN-3116592-15.jpeg,768,496,380928,1.548,33.92,35.48,255,0,255,33.92,33.92,33.92,0
OCT,test,DRUSEN,DRUSEN-3116592-3.jpeg,1536,496,761856,3.097,29.81,35.91,255,0,255,29.81,29.81,29.81,0
OCT,test,DRUSEN,DRUSEN-3116592-5.jpeg,512,496,253952,1.032,71.0,78.74,255,0,255,71.0,71.0,71.0,0
OCT,test,DRUSEN,DRUSEN-3116592-7.jpeg,512,496,253952,1.032,46.01,51.04,255,0,255,46.01,46.01,46.01,0
OCT,test,DRUSEN,DRUSEN-3182293-1.jpeg,1536,496,761856,3.097,39.55,38.49,255,0,255,39.55,39.55,39.55,0
OCT,test,DRUSEN,DRUSEN-3182293-5.jpeg,512,496,253952,1.032,68.11,61.58,255,0,255,68.11,68.11,68.11,0
OCT,test,DRUSEN,DRUSEN-3214955-1.jpeg,512,496,253952,1.032,59.22,52.44,255,0,255,59.22,59.22,59.22,0
OCT,test,DRUSEN,DRUSEN-3232816-1.jpeg,1536,496,761856,3.097,30.62,31.8,255,0,255,30.62,30.62,30.62,0
OCT,test,DRUSEN,DRUSEN-3232816-13.jpeg,512,496,253952,1.032,48.77,52.82,255,0,255,48.77,48.77,48.77,0
OCT,test,DRUSEN,DRUSEN-3232816-7.jpeg,512,496,253952,1.032,40.06,46.73,255,0,255,40.06,40.06,40.06,0
OCT,test,DRUSEN,DRUSEN-3232816-8.jpeg,512,496,253952,1.032,41.97,47.55,255,0,255,41.97,41.97,41.97,0
OCT,test,DRUSEN,DRUSEN-3241692-4.jpeg,768,496,380928,1.548,111.83,98.41,255,0,255,111.83,111.83,111.83,0
OCT,test,DRUSEN,DRUSEN-3276918-12.jpeg,512,496,253952,1.032,70.71,67.09,255,0,255,70.71,70.71,70.71,0
OCT,test,DRUSEN,DRUSEN-3276918-17.jpeg,512,496,253952,1.032,81.62,84.55,255,0,255,81.62,81.62,81.62,0
OCT,test,DRUSEN,DRUSEN-3276918-32.jpeg,512,496,253952,1.032,56.34,63.89,255,0,255,56.34,56.34,56.34,0
OCT,test,DRUSEN,DRUSEN-3276918-36.jpeg,768,496,380928,1.548,62.49,75.34,255,0,255,62.49,62.49,62.49,0
OCT,test,DRUSEN,DRUSEN-3276918-37.jpeg,512,496,253952,1.032,49.98,59.95,255,0,255,49.98,49.98,49.98,0
OCT,test,DRUSEN,DRUSEN-3276918-48.jpeg,512,496,253952,1.032,58.79,65.9,255,0,255,58.79,58.79,58.79,0
OCT,test,DRUSEN,DRUSEN-3276918-50.jpeg,512,496,253952,1.032,67.82,69.08,255,0,255,67.82,67.82,67.82,0
OCT,test,DRUSEN,DRUSEN-3276918-51.jpeg,512,496,253952,1.032,61.66,62.52,255,0,255,61.66,61.66,61.66,0
OCT,test,DRUSEN,DRUSEN-3276918-58.jpeg,512,496,253952,1.032,61.58,68.6,255,0,255,61.58,61.58,61.58,0
OCT,test,DRUSEN,DRUSEN-3276918-60.jpeg,512,496,253952,1.032,60.73,65.94,255,0,255,60.73,60.73,60.73,0
OCT,test,DRUSEN,DRUSEN-3276918-78.jpeg,512,496,253952,1.032,51.46,52.34,255,0,255,51.46,51.46,51.46,0
OCT,test,DRUSEN,DRUSEN-3276918-81.jpeg,768,496,380928,1.548,39.13,43.09,255,0,255,39.13,39.13,39.13,0
OCT,test,DRUSEN,DRUSEN-3278210-1.jpeg,512,496,253952,1.032,42.87,51.79,255,0,255,42.87,42.87,42.87,0
OCT,test,DRUSEN,DRUSEN-3281144-10.jpeg,512,496,253952,1.032,39.08,41.48,255,0,255,39.08,39.08,39.08,0
OCT,test,DRUSEN,DRUSEN-3281144-11.jpeg,768,496,380928,1.548,34.11,34.74,255,0,255,34.11,34.11,34.11,0
OCT,test,DRUSEN,DRUSEN-3281144-7.jpeg,512,496,253952,1.032,40.24,43.26,255,0,255,40.24,40.24,40.24,0
OCT,test,DRUSEN,DRUSEN-3317878-10.jpeg,512,496,253952,1.032,77.97,63.31,255,0,255,77.97,77.97,77.97,0
OCT,test,DRUSEN,DRUSEN-3317878-11.jpeg,512,496,253952,1.032,51.84,60.14,255,0,255,51.84,51.84,51.84,0
OCT,test,DRUSEN,DRUSEN-3317878-16.jpeg,768,496,380928,1.548,30.51,33.14,255,0,255,30.51,30.51,30.51,0
OCT,test,DRUSEN,DRUSEN-3317878-19.jpeg,512,496,253952,1.032,38.47,37.85,255,0,255,38.47,38.47,38.47,0
OCT,test,DRUSEN,DRUSEN-3317878-20.jpeg,512,496,253952,1.032,41.41,39.94,255,0,255,41.41,41.41,41.41,0
OCT,test,DRUSEN,DRUSEN-3317878-7.jpeg,768,496,380928,1.548,44.7,40.08,255,0,255,44.7,44.7,44.7,0
OCT,test,DRUSEN,DRUSEN-3325823-11.jpeg,512,496,253952,1.032,41.22,45.43,255,0,255,41.22,41.22,41.22,0
OCT,test,DRUSEN,DRUSEN-3325823-23.jpeg,512,496,253952,1.032,84.71,82.94,255,0,255,84.71,84.71,84.71,0
OCT,test,DRUSEN,DRUSEN-3325823-25.jpeg,512,496,253952,1.032,92.93,90.31,255,0,255,92.93,92.93,92.93,0
OCT,test,DRUSEN,DRUSEN-3325823-36.jpeg,768,496,380928,1.548,32.52,35.26,255,0,255,32.52,32.52,32.52,0
OCT,test,DRUSEN,DRUSEN-3325823-4.jpeg,512,496,253952,1.032,45.53,47.95,255,0,255,45.53,45.53,45.53,0
OCT,test,DRUSEN,DRUSEN-3325823-46.jpeg,768,496,380928,1.548,26.1,31.9,255,0,255,26.1,26.1,26.1,0
OCT,test,DRUSEN,DRUSEN-3325823-53.jpeg,512,496,253952,1.032,55.28,59.99,255,0,255,55.28,55.28,55.28,0
OCT,test,DRUSEN,DRUSEN-3325823-58.jpeg,512,496,253952,1.032,30.13,34.93,255,0,255,30.13,30.13,30.13,0
OCT,test,DRUSEN,DRUSEN-3325823-60.jpeg,512,496,253952,1.032,26.02,34.05,255,0,255,26.02,26.02,26.02,0
OCT,test,DRUSEN,DRUSEN-3325823-62.jpeg,512,496,253952,1.032,47.0,48.22,255,0,255,47.0,47.0,47.0,0
OCT,test,DRUSEN,DRUSEN-3325823-63.jpeg,768,496,380928,1.548,41.57,39.36,255,0,255,41.57,41.57,41.57,0
OCT,test,DRUSEN,DRUSEN-3361750-1.jpeg,768,496,380928,1.548,37.67,38.83,255,0,255,37.67,37.67,37.67,0
OCT,test,DRUSEN,DRUSEN-3399839-10.jpeg,1536,496,761856,3.097,33.08,38.3,255,0,255,33.08,33.08,33.08,0
OCT,test,DRUSEN,DRUSEN-3399839-13.jpeg,512,496,253952,1.032,65.57,67.83,255,0,255,65.57,65.57,65.57,0
OCT,test,DRUSEN,DRUSEN-3399839-3.jpeg,512,496,253952,1.032,41.07,45.09,255,0,255,41.07,41.07,41.07,0
OCT,test,DRUSEN,DRUSEN-3399839-5.jpeg,512,496,253952,1.032,41.34,50.11,255,0,255,41.34,41.34,41.34,0
OCT,test,DRUSEN,DRUSEN-3399839-7.jpeg,768,496,380928,1.548,34.75,40.14,255,0,255,34.75,34.75,34.75,0
OCT,test,DRUSEN,DRUSEN-3399839-8.jpeg,768,496,380928,1.548,43.96,43.03,255,0,255,43.96,43.96,43.96,0
OCT,test,DRUSEN,DRUSEN-3399839-9.jpeg,768,496,380928,1.548,44.79,43.34,255,0,255,44.79,44.79,44.79,0
OCT,test,DRUSEN,DRUSEN-3409413-3.jpeg,512,496,253952,1.032,48.41,54.55,255,0,255,48.41,48.41,48.41,0
OCT,test,DRUSEN,DRUSEN-3409413-4.jpeg,512,496,253952,1.032,49.72,55.83,255,0,255,49.72,49.72,49.72,0
OCT,test,DRUSEN,DRUSEN-3413998-1.jpeg,512,496,253952,1.032,37.92,56.92,255,0,255,37.92,37.92,37.92,0
OCT,test,DRUSEN,DRUSEN-3424668-16.jpeg,1536,496,761856,3.097,34.11,33.46,255,0,255,34.11,34.11,34.11,0
OCT,test,DRUSEN,DRUSEN-3424668-19.jpeg,512,496,253952,1.032,47.06,54.67,255,0,255,47.06,47.06,47.06,0
OCT,test,DRUSEN,DRUSEN-3424668-20.jpeg,512,496,253952,1.032,47.04,50.53,255,0,255,47.04,47.04,47.04,0
OCT,test,DRUSEN,DRUSEN-3424668-23.jpeg,512,496,253952,1.032,48.91,49.44,255,0,255,48.91,48.91,48.91,0
OCT,test,DRUSEN,DRUSEN-3424668-35.jpeg,512,496,253952,1.032,50.43,55.1,255,0,255,50.43,50.43,50.43,0
OCT,test,DRUSEN,DRUSEN-3424668-39.jpeg,512,496,253952,1.032,112.62,92.85,255,0,255,112.62,112.62,112.62,0
OCT,test,DRUSEN,DRUSEN-3424668-40.jpeg,512,496,253952,1.032,107.51,95.04,255,0,255,107.51,107.51,107.51,0
OCT,test,DRUSEN,DRUSEN-3424668-48.jpeg,512,496,253952,1.032,53.32,65.13,255,0,255,53.32,53.32,53.32,0
OCT,test,DRUSEN,DRUSEN-3424668-52.jpeg,512,496,253952,1.032,81.7,86.27,255,0,255,81.7,81.7,81.7,0
OCT,test,DRUSEN,DRUSEN-3424668-58.jpeg,768,496,380928,1.548,33.6,33.31,255,0,255,33.6,33.6,33.6,0
OCT,test,DRUSEN,DRUSEN-3424668-59.jpeg,768,496,380928,1.548,32.78,34.84,255,0,255,32.78,32.78,32.78,0
OCT,test,DRUSEN,DRUSEN-3424668-61.jpeg,512,496,253952,1.032,76.76,57.97,255,0,255,76.76,76.76,76.76,0
OCT,test,DRUSEN,DRUSEN-3424668-62.jpeg,512,496,253952,1.032,67.36,42.31,255,0,255,67.36,67.36,67.36,0
OCT,test,DRUSEN,DRUSEN-3424668-63.jpeg,768,496,380928,1.548,35.79,38.92,255,0,255,35.79,35.79,35.79,0
OCT,test,DRUSEN,DRUSEN-3424668-71.jpeg,512,496,253952,1.032,63.01,56.93,255,0,255,63.01,63.01,63.01,0
OCT,test,DRUSEN,DRUSEN-3424668-73.jpeg,768,496,380928,1.548,36.2,39.19,255,0,255,36.2,36.2,36.2,0
OCT,test,DRUSEN,DRUSEN-3432812-5.jpeg,768,496,380928,1.548,55.44,57.38,255,0,255,55.44,55.44,55.44,0
OCT,test,DRUSEN,DRUSEN-3439251-13.jpeg,768,496,380928,1.548,33.54,36.35,255,0,255,33.54,33.54,33.54,0
OCT,test,DRUSEN,DRUSEN-3439251-22.jpeg,1536,496,761856,3.097,31.06,35.85,255,0,255,31.06,31.06,31.06,0
OCT,test,DRUSEN,DRUSEN-3439251-23.jpeg,1536,496,761856,3.097,31.0,34.99,255,0,255,31.0,31.0,31.0,0
OCT,test,DRUSEN,DRUSEN-3439251-29.jpeg,512,496,253952,1.032,51.28,54.3,255,0,255,51.28,51.28,51.28,0
OCT,test,DRUSEN,DRUSEN-3439251-33.jpeg,512,496,253952,1.032,52.8,59.25,255,0,255,52.8,52.8,52.8,0
OCT,test,DRUSEN,DRUSEN-3439251-40.jpeg,512,496,253952,1.032,53.71,63.05,255,0,255,53.71,53.71,53.71,0
OCT,test,DRUSEN,DRUSEN-3439251-41.jpeg,768,496,380928,1.548,34.68,39.96,255,0,255,34.68,34.68,34.68,0
OCT,test,DRUSEN,DRUSEN-3439251-47.jpeg,512,496,253952,1.032,46.79,58.45,255,0,255,46.79,46.79,46.79,0
OCT,test,DRUSEN,DRUSEN-3439251-6.jpeg,512,496,253952,1.032,40.16,49.35,255,0,255,40.16,40.16,40.16,0
OCT,test,DRUSEN,DRUSEN-3439251-9.jpeg,768,496,380928,1.548,32.79,38.8,255,0,255,32.79,32.79,32.79,0
OCT,test,DRUSEN,DRUSEN-345232-1.jpeg,512,496,253952,1.032,59.6,66.66,255,0,255,59.6,59.6,59.6,0
OCT,test,DRUSEN,DRUSEN-3472938-14.jpeg,512,496,253952,1.032,49.81,49.01,255,0,255,49.81,49.81,49.81,0
OCT,test,DRUSEN,DRUSEN-3472938-20.jpeg,512,496,253952,1.032,56.19,41.7,255,0,255,56.19,56.19,56.19,0
OCT,test,DRUSEN,DRUSEN-3472938-34.jpeg,512,496,253952,1.032,48.96,54.8,255,0,255,48.96,48.96,48.96,0
OCT,test,DRUSEN,DRUSEN-3472938-36.jpeg,512,496,253952,1.032,41.42,49.48,255,0,255,41.42,41.42,41.42,0
OCT,test,DRUSEN,DRUSEN-349021-1.jpeg,512,496,253952,1.032,64.75,74.14,255,0,255,64.75,64.75,64.75,0
OCT,test,DRUSEN,DRUSEN-349021-2.jpeg,512,496,253952,1.032,63.63,72.56,255,0,255,63.63,63.63,63.63,0
OCT,test,DRUSEN,DRUSEN-349021-7.jpeg,512,496,253952,1.032,88.1,82.72,255,0,255,88.1,88.1,88.1,0
OCT,test,DRUSEN,DRUSEN-3541867-13.jpeg,512,496,253952,1.032,55.06,57.62,255,0,255,55.06,55.06,55.06,0
OCT,test,DRUSEN,DRUSEN-3541867-2.jpeg,512,496,253952,1.032,40.77,57.47,255,0,255,40.77,40.77,40.77,0
OCT,test,DRUSEN,DRUSEN-3555780-1.jpeg,512,496,253952,1.032,87.04,90.71,255,0,255,87.04,87.04,87.04,0
OCT,test,DRUSEN,DRUSEN-3571629-14.jpeg,768,496,380928,1.548,38.2,42.79,255,0,255,38.2,38.2,38.2,0
OCT,test,DRUSEN,DRUSEN-3571629-18.jpeg,512,496,253952,1.032,47.34,46.82,255,0,255,47.34,47.34,47.34,0
OCT,test,DRUSEN,DRUSEN-3571629-3.jpeg,768,496,380928,1.548,41.45,42.42,255,0,255,41.45,41.45,41.45,0
OCT,test,DRUSEN,DRUSEN-3571629-8.jpeg,512,496,253952,1.032,114.45,94.61,255,0,255,114.45,114.45,114.45,0
OCT,test,DRUSEN,DRUSEN-3588659-2.jpeg,768,496,380928,1.548,37.74,40.86,255,0,255,37.74,37.74,37.74,0
OCT,test,DRUSEN,DRUSEN-364469-100.jpeg,512,496,253952,1.032,44.94,44.23,255,0,255,44.94,44.94,44.94,0
OCT,test,DRUSEN,DRUSEN-364469-103.jpeg,512,496,253952,1.032,48.12,44.07,255,0,255,48.12,48.12,48.12,0
OCT,test,DRUSEN,DRUSEN-364469-107.jpeg,512,496,253952,1.032,51.19,42.4,255,0,255,51.19,51.19,51.19,0
OCT,test,DRUSEN,DRUSEN-364469-118.jpeg,768,496,380928,1.548,37.32,40.58,255,0,255,37.32,37.32,37.32,0
OCT,test,DRUSEN,DRUSEN-364469-12.jpeg,512,496,253952,1.032,53.58,56.6,255,0,255,53.58,53.58,53.58,0
OCT,test,DRUSEN,DRUSEN-364469-124.jpeg,768,496,380928,1.548,42.13,42.32,255,0,255,42.13,42.13,42.13,0
OCT,test,DRUSEN,DRUSEN-364469-130.jpeg,768,496,380928,1.548,37.88,41.29,255,0,255,37.88,37.88,37.88,0
OCT,test,DRUSEN,DRUSEN-364469-141.jpeg,512,496,253952,1.032,43.07,48.75,255,0,255,43.07,43.07,43.07,0
OCT,test,DRUSEN,DRUSEN-364469-23.jpeg,512,496,253952,1.032,43.64,49.79,255,0,255,43.64,43.64,43.64,0
OCT,test,DRUSEN,DRUSEN-364469-29.jpeg,512,496,253952,1.032,51.49,56.08,255,0,255,51.49,51.49,51.49,0
OCT,test,DRUSEN,DRUSEN-364469-3.jpeg,512,496,253952,1.032,48.08,51.8,255,0,255,48.08,48.08,48.08,0
OCT,test,DRUSEN,DRUSEN-364469-43.jpeg,768,496,380928,1.548,77.0,85.38,255,0,255,77.0,77.0,77.0,0
OCT,test,NORMAL,NORMAL-1001666-1.jpeg,512,496,253952,1.032,48.96,57.01,255,0,255,48.96,48.96,48.96,0
OCT,test,NORMAL,NORMAL-1001772-3.jpeg,512,496,253952,1.032,81.87,84.58,255,0,255,81.87,81.87,81.87,0
OCT,test,NORMAL,NORMAL-1001772-5.jpeg,512,496,253952,1.032,52.74,66.02,255,0,255,52.74,52.74,52.74,0
OCT,test,NORMAL,NORMAL-1001772-7.jpeg,1536,496,761856,3.097,36.79,42.25,255,0,255,36.79,36.79,36.79,0
OCT,test,NORMAL,NORMAL-1004480-3.jpeg,512,496,253952,1.032,52.7,54.57,255,0,255,52.7,52.7,52.7,0
OCT,test,NORMAL,NORMAL-1004480-5.jpeg,768,496,380928,1.548,38.36,38.61,255,0,255,38.36,38.36,38.36,0
OCT,test,NORMAL,NORMAL-1004480-8.jpeg,512,496,253952,1.032,46.8,57.5,255,0,255,46.8,46.8,46.8,0
OCT,test,NORMAL,NORMAL-100580-1.jpeg,512,512,262144,1.0,32.17,34.65,255,0,255,32.17,32.17,32.17,0
OCT,test,NORMAL,NORMAL-100580-4.jpeg,512,512,262144,1.0,40.65,48.45,255,0,255,40.65,40.65,40.65,0
OCT,test,NORMAL,NORMAL-100580-5.jpeg,512,512,262144,1.0,38.47,41.37,255,0,255,38.47,38.47,38.47,0
OCT,test,NORMAL,NORMAL-1014193-3.jpeg,512,496,253952,1.032,47.64,47.41,255,0,255,47.64,47.64,47.64,0
OCT,test,NORMAL,NORMAL-1014715-3.jpeg,512,496,253952,1.032,34.83,47.53,255,0,255,34.83,34.83,34.83,0
OCT,test,NORMAL,NORMAL-1014715-5.jpeg,512,496,253952,1.032,42.63,52.56,255,0,255,42.63,42.63,42.63,0
OCT,test,NORMAL,NORMAL-1015755-18.jpeg,512,496,253952,1.032,109.66,82.77,255,0,255,109.66,109.66,109.66,0
OCT,test,NORMAL,NORMAL-1015755-5.jpeg,512,496,253952,1.032,42.9,40.09,255,0,255,42.9,42.9,42.9,0
OCT,test,NORMAL,NORMAL-1016042-11.jpeg,512,512,262144,1.0,143.75,103.01,255,0,255,143.75,143.75,143.75,0
OCT,test,NORMAL,NORMAL-1016042-17.jpeg,512,512,262144,1.0,77.35,83.35,255,0,255,77.35,77.35,77.35,0
OCT,test,NORMAL,NORMAL-1016042-24.jpeg,512,512,262144,1.0,93.91,89.42,255,0,255,93.91,93.91,93.91,0
OCT,test,NORMAL,NORMAL-1016042-29.jpeg,512,512,262144,1.0,43.04,37.14,255,0,255,43.04,43.04,43.04,0
OCT,test,NORMAL,NORMAL-1016042-32.jpeg,512,512,262144,1.0,51.87,63.9,255,0,255,51.87,51.87,51.87,0
OCT,test,NORMAL,NORMAL-1016042-46.jpeg,512,512,262144,1.0,41.81,38.14,255,0,255,41.81,41.81,41.81,0
OCT,test,NORMAL,NORMAL-1016042-5.jpeg,512,512,262144,1.0,54.15,46.4,255,0,255,54.15,54.15,54.15,0
OCT,test,NORMAL,NORMAL-1016042-52.jpeg,512,512,262144,1.0,82.82,78.64,255,0,255,82.82,82.82,82.82,0
OCT,test,NORMAL,NORMAL-1016042-56.jpeg,512,512,262144,1.0,42.45,41.26,255,0,255,42.45,42.45,42.45,0
OCT,test,NORMAL,NORMAL-1016042-57.jpeg,512,512,262144,1.0,45.8,44.44,255,0,255,45.8,45.8,45.8,0
OCT,test,NORMAL,NORMAL-1016042-60.jpeg,512,512,262144,1.0,52.49,55.67,255,0,255,52.49,52.49,52.49,0
OCT,test,NORMAL,NORMAL-1017237-5.jpeg,512,496,253952,1.032,50.13,44.93,255,0,255,50.13,50.13,50.13,0
OCT,test,NORMAL,NORMAL-1017237-7.jpeg,768,496,380928,1.548,40.1,39.19,255,0,255,40.1,40.1,40.1,0
OCT,test,NORMAL,NORMAL-1017885-7.jpeg,512,496,253952,1.032,41.98,46.29,255,0,255,41.98,41.98,41.98,0
OCT,test,NORMAL,NORMAL-101880-1.jpeg,768,496,380928,1.548,36.44,40.95,255,0,255,36.44,36.44,36.44,0
OCT,test,NORMAL,NORMAL-101880-2.jpeg,512,496,253952,1.032,27.01,38.24,255,0,255,27.01,27.01,27.01,0
OCT,test,NORMAL,NORMAL-101880-3.jpeg,768,496,380928,1.548,31.44,37.05,255,0,255,31.44,31.44,31.44,0
OCT,test,NORMAL,NORMAL-101880-8.jpeg,512,496,253952,1.032,40.92,45.83,255,0,255,40.92,40.92,40.92,0
OCT,test,NORMAL,NORMAL-1021530-2.jpeg,768,496,380928,1.548,47.18,44.22,255,0,255,47.18,47.18,47.18,0
OCT,test,NORMAL,NORMAL-1022943-1.jpeg,768,496,380928,1.548,33.83,37.55,255,0,255,33.83,33.83,33.83,0
OCT,test,NORMAL,NORMAL-1025847-1.jpeg,768,496,380928,1.548,38.78,39.88,255,0,255,38.78,38.78,38.78,0
OCT,test,NORMAL,NORMAL-1025847-2.jpeg,512,496,253952,1.032,59.79,60.88,255,0,255,59.79,59.79,59.79,0
OCT,test,NORMAL,NORMAL-1027133-1.jpeg,512,496,253952,1.032,89.7,101.67,255,0,255,89.7,89.7,89.7,0
OCT,test,NORMAL,NORMAL-1027133-2.jpeg,512,496,253952,1.032,97.87,102.5,255,0,255,97.87,97.87,97.87,0
OCT,test,NORMAL,NORMAL-1027133-7.jpeg,512,496,253952,1.032,47.83,42.54,255,0,255,47.83,47.83,47.83,0
OCT,test,NORMAL,NORMAL-1027829-3.jpeg,768,496,380928,1.548,33.8,31.19,255,0,255,33.8,33.8,33.8,0
OCT,test,NORMAL,NORMAL-1028077-1.jpeg,512,496,253952,1.032,107.82,97.15,255,0,255,107.82,107.82,107.82,0
OCT,test,NORMAL,NORMAL-1031019-3.jpeg,768,496,380928,1.548,49.34,59.79,255,0,255,49.34,49.34,49.34,0
OCT,test,NORMAL,NORMAL-1031019-4.jpeg,768,496,380928,1.548,38.4,37.38,255,0,255,38.4,38.4,38.4,0
OCT,test,NORMAL,NORMAL-1038232-8.jpeg,512,512,262144,1.0,44.97,44.79,255,0,255,44.97,44.97,44.97,0
OCT,test,NORMAL,NORMAL-1038232-9.jpeg,512,512,262144,1.0,40.6,43.24,255,0,255,40.6,40.6,40.6,0
OCT,test,NORMAL,NORMAL-1038998-1.jpeg,512,496,253952,1.032,46.78,41.18,255,0,255,46.78,46.78,46.78,0
OCT,test,NORMAL,NORMAL-1038998-14.jpeg,512,496,253952,1.032,61.8,67.68,255,0,255,61.8,61.8,61.8,0
OCT,test,NORMAL,NORMAL-1038998-15.jpeg,512,496,253952,1.032,63.78,70.52,255,0,255,63.78,63.78,63.78,0
OCT,test,NORMAL,NORMAL-1038998-5.jpeg,512,496,253952,1.032,60.1,72.41,255,0,255,60.1,60.1,60.1,0
OCT,test,NORMAL,NORMAL-1038998-7.jpeg,768,496,380928,1.548,53.96,68.43,255,0,255,53.96,53.96,53.96,0
OCT,test,NORMAL,NORMAL-1039105-2.jpeg,512,496,253952,1.032,96.36,84.04,255,0,255,96.36,96.36,96.36,0
OCT,test,NORMAL,NORMAL-1039105-7.jpeg,512,496,253952,1.032,41.71,45.38,255,0,255,41.71,41.71,41.71,0
OCT,test,NORMAL,NORMAL-1039105-8.jpeg,512,496,253952,1.032,38.07,42.06,255,0,255,38.07,38.07,38.07,0
OCT,test,NORMAL,NORMAL-1042176-2.jpeg,512,496,253952,1.032,51.08,50.33,255,0,255,51.08,51.08,51.08,0
OCT,test,NORMAL,NORMAL-1042462-2.jpeg,512,496,253952,1.032,44.97,52.25,255,0,255,44.97,44.97,44.97,0
OCT,test,NORMAL,NORMAL-104305-1.jpeg,1536,496,761856,3.097,36.01,43.3,255,0,255,36.01,36.01,36.01,0
OCT,test,NORMAL,NORMAL-1044791-1.jpeg,512,496,253952,1.032,46.0,46.31,255,0,255,46.0,46.0,46.0,0
OCT,test,NORMAL,NORMAL-1044791-5.jpeg,512,496,253952,1.032,86.08,75.24,255,0,255,86.08,86.08,86.08,0
OCT,test,NORMAL,NORMAL-1045896-1.jpeg,1536,496,761856,3.097,57.83,49.46,255,0,255,57.83,57.83,57.83,0
OCT,test,NORMAL,NORMAL-1045896-4.jpeg,768,496,380928,1.548,44.31,43.03,255,0,255,44.31,44.31,44.31,0
OCT,test,NORMAL,NORMAL-1047298-5.jpeg,512,496,253952,1.032,43.41,50.11,255,0,255,43.41,43.41,43.41,0
OCT,test,NORMAL,NORMAL-1058176-5.jpeg,768,496,380928,1.548,36.23,35.69,255,0,255,36.23,36.23,36.23,0
OCT,test,NORMAL,NORMAL-1058732-3.jpeg,512,496,253952,1.032,58.59,49.05,255,0,255,58.59,58.59,58.59,0
OCT,test,NORMAL,NORMAL-1059251-1.jpeg,768,496,380928,1.548,42.21,39.0,255,0,255,42.21,42.21,42.21,0
OCT,test,NORMAL,NORMAL-1059251-3.jpeg,512,496,253952,1.032,57.2,60.37,255,0,255,57.2,57.2,57.2,0
OCT,test,NORMAL,NORMAL-1060986-2.jpeg,512,496,253952,1.032,47.7,59.96,255,0,255,47.7,47.7,47.7,0
OCT,test,NORMAL,NORMAL-1060986-3.jpeg,512,496,253952,1.032,51.41,61.34,255,0,255,51.41,51.41,51.41,0
OCT,test,NORMAL,NORMAL-1061818-3.jpeg,768,496,380928,1.548,73.91,84.86,255,0,255,73.91,73.91,73.91,0
OCT,test,NORMAL,NORMAL-1063128-2.jpeg,512,496,253952,1.032,45.06,56.28,255,0,255,45.06,45.06,45.06,0
OCT,test,NORMAL,NORMAL-1063128-4.jpeg,768,496,380928,1.548,45.24,42.42,255,0,255,45.24,45.24,45.24,0
OCT,test,NORMAL,NORMAL-1063128-6.jpeg,512,496,253952,1.032,60.02,61.66,255,0,255,60.02,60.02,60.02,0
OCT,test,NORMAL,NORMAL-1063128-9.jpeg,512,496,253952,1.032,40.5,49.14,255,0,255,40.5,40.5,40.5,0
OCT,test,NORMAL,NORMAL-1067440-10.jpeg,512,496,253952,1.032,41.53,49.79,255,0,255,41.53,41.53,41.53,0
OCT,test,NORMAL,NORMAL-1067440-12.jpeg,512,496,253952,1.032,32.74,39.89,255,0,255,32.74,32.74,32.74,0
OCT,test,NORMAL,NORMAL-1067440-13.jpeg,768,496,380928,1.548,28.71,35.06,255,0,255,28.71,28.71,28.71,0
OCT,test,NORMAL,NORMAL-1067440-14.jpeg,768,496,380928,1.548,30.48,36.75,255,0,255,30.48,30.48,30.48,0
OCT,test,NORMAL,NORMAL-1067440-2.jpeg,512,496,253952,1.032,40.74,46.91,255,0,255,40.74,40.74,40.74,0
OCT,test,NORMAL,NORMAL-1067440-20.jpeg,512,496,253952,1.032,38.43,44.68,255,0,255,38.43,38.43,38.43,0
OCT,test,NORMAL,NORMAL-1073137-1.jpeg,512,496,253952,1.032,79.46,89.72,255,0,255,79.46,79.46,79.46,0
OCT,test,NORMAL,NORMAL-1073137-2.jpeg,768,496,380928,1.548,122.56,101.5,255,0,255,122.56,122.56,122.56,0
OCT,test,NORMAL,NORMAL-1077513-1.jpeg,512,496,253952,1.032,56.87,72.38,255,0,255,56.87,56.87,56.87,0
OCT,test,NORMAL,NORMAL-1079750-4.jpeg,512,496,253952,1.032,45.02,48.39,255,0,255,45.02,45.02,45.02,0
OCT,test,NORMAL,NORMAL-1079750-7.jpeg,768,496,380928,1.548,36.83,44.64,255,0,255,36.83,36.83,36.83,0
OCT,test,NORMAL,NORMAL-1081406-10.jpeg,768,496,380928,1.548,51.63,66.62,255,0,255,51.63,51.63,51.63,0
OCT,test,NORMAL,NORMAL-1081406-20.jpeg,512,496,253952,1.032,39.46,45.96,255,0,255,39.46,39.46,39.46,0
OCT,test,NORMAL,NORMAL-1081406-27.jpeg,768,496,380928,1.548,40.33,43.03,255,0,255,40.33,40.33,40.33,0
OCT,test,NORMAL,NORMAL-1081406-28.jpeg,1536,496,761856,3.097,78.86,87.55,255,0,255,78.86,78.86,78.86,0
OCT,test,NORMAL,NORMAL-1081406-32.jpeg,1536,496,761856,3.097,60.71,63.4,255,0,255,60.71,60.71,60.71,0
OCT,test,NORMAL,NORMAL-1081406-36.jpeg,512,496,253952,1.032,56.78,66.39,255,0,255,56.78,56.78,56.78,0
OCT,test,NORMAL,NORMAL-1081406-4.jpeg,768,496,380928,1.548,60.29,62.08,255,0,255,60.29,60.29,60.29,0
OCT,test,NORMAL,NORMAL-1081406-48.jpeg,512,496,253952,1.032,38.6,45.46,255,0,255,38.6,38.6,38.6,0
OCT,test,NORMAL,NORMAL-1090833-1.jpeg,768,496,380928,1.548,41.93,41.98,255,0,255,41.93,41.93,41.93,0
OCT,test,NORMAL,NORMAL-1090833-2.jpeg,512,496,253952,1.032,56.46,53.13,255,0,255,56.46,56.46,56.46,0
OCT,test,NORMAL,NORMAL-1090833-3.jpeg,512,496,253952,1.032,37.33,49.47,255,0,255,37.33,37.33,37.33,0
OCT,test,NORMAL,NORMAL-1093065-1.jpeg,512,496,253952,1.032,48.08,57.28,255,0,255,48.08,48.08,48.08,0
OCT,test,NORMAL,NORMAL-1102707-3.jpeg,512,496,253952,1.032,44.53,41.74,255,0,255,44.53,44.53,44.53,0
OCT,test,NORMAL,NORMAL-1102707-6.jpeg,512,496,253952,1.032,46.2,43.55,255,0,255,46.2,46.2,46.2,0
OCT,test,NORMAL,NORMAL-1110738-3.jpeg,512,512,262144,1.0,43.08,45.65,255,0,255,43.08,43.08,43.08,0
OCT,test,NORMAL,NORMAL-1111623-2.jpeg,512,496,253952,1.032,72.93,78.73,255,0,255,72.93,72.93,72.93,0
OCT,test,NORMAL,NORMAL-1114127-10.jpeg,512,496,253952,1.032,44.16,48.27,255,0,255,44.16,44.16,44.16,0
OCT,test,NORMAL,NORMAL-1114127-14.jpeg,768,496,380928,1.548,25.79,33.38,255,0,255,25.79,25.79,25.79,0
OCT,test,NORMAL,NORMAL-1117376-2.jpeg,512,512,262144,1.0,32.33,33.37,255,0,255,32.33,32.33,32.33,0
OCT,test,NORMAL,NORMAL-1117376-3.jpeg,512,512,262144,1.0,35.99,36.71,255,0,255,35.99,35.99,35.99,0
OCT,test,NORMAL,NORMAL-1122061-4.jpeg,512,496,253952,1.032,34.04,41.68,255,0,255,34.04,34.04,34.04,0
OCT,test,NORMAL,NORMAL-1129110-1.jpeg,512,496,253952,1.032,43.52,44.17,255,0,255,43.52,43.52,43.52,0
OCT,test,NORMAL,NORMAL-1129110-3.jpeg,512,496,253952,1.032,43.61,50.52,255,0,255,43.61,43.61,43.61,0
OCT,test,NORMAL,NORMAL-1129351-1.jpeg,1536,496,761856,3.097,45.33,40.36,255,0,255,45.33,45.33,45.33,0
OCT,test,NORMAL,NORMAL-1129351-17.jpeg,512,496,253952,1.032,47.01,53.1,255,0,255,47.01,47.01,47.01,0
OCT,test,NORMAL,NORMAL-113243-1.jpeg,512,496,253952,1.032,46.37,51.77,255,0,255,46.37,46.37,46.37,0
OCT,test,NORMAL,NORMAL-1141111-2.jpeg,512,496,253952,1.032,44.67,53.82,255,0,255,44.67,44.67,44.67,0
OCT,test,NORMAL,NORMAL-1141111-4.jpeg,1536,496,761856,3.097,31.11,37.64,255,0,255,31.11,31.11,31.11,0
OCT,test,NORMAL,NORMAL-1142003-2.jpeg,512,496,253952,1.032,47.07,52.77,255,0,255,47.07,47.07,47.07,0
OCT,test,NORMAL,NORMAL-1145010-2.jpeg,512,496,253952,1.032,76.72,86.77,255,0,255,76.72,76.72,76.72,0
OCT,test,NORMAL,NORMAL-1145010-4.jpeg,512,496,253952,1.032,72.2,83.47,255,0,255,72.2,72.2,72.2,0
OCT,test,NORMAL,NORMAL-1145506-10.jpeg,768,496,380928,1.548,29.81,33.9,255,0,255,29.81,29.81,29.81,0
OCT,test,NORMAL,NORMAL-1145506-5.jpeg,512,496,253952,1.032,48.8,54.42,255,0,255,48.8,48.8,48.8,0
OCT,test,NORMAL,NORMAL-1146003-1.jpeg,1536,496,761856,3.097,37.76,39.24,255,0,255,37.76,37.76,37.76,0
OCT,test,NORMAL,NORMAL-1146003-2.jpeg,512,496,253952,1.032,39.45,43.0,255,0,255,39.45,39.45,39.45,0
OCT,test,NORMAL,NORMAL-1146003-4.jpeg,512,496,253952,1.032,43.58,49.37,255,0,255,43.58,43.58,43.58,0
OCT,test,NORMAL,NORMAL-1148373-1.jpeg,768,496,380928,1.548,38.08,37.78,255,0,255,38.08,38.08,38.08,0
OCT,test,NORMAL,NORMAL-1149596-3.jpeg,512,496,253952,1.032,54.57,53.24,255,0,255,54.57,54.57,54.57,0
OCT,test,NORMAL,NORMAL-1149596-5.jpeg,512,496,253952,1.032,55.27,48.22,255,0,255,55.27,55.27,55.27,0
OCT,test,NORMAL,NORMAL-1149596-6.jpeg,768,496,380928,1.548,51.45,50.7,255,0,255,51.45,51.45,51.45,0
OCT,test,NORMAL,NORMAL-1153046-5.jpeg,1536,496,761856,3.097,31.22,35.26,255,0,255,31.22,31.22,31.22,0
OCT,test,NORMAL,NORMAL-1154026-2.jpeg,512,496,253952,1.032,30.35,39.19,255,0,255,30.35,30.35,30.35,0
OCT,test,NORMAL,NORMAL-1154026-3.jpeg,512,496,253952,1.032,36.17,39.84,255,0,255,36.17,36.17,36.17,0
OCT,test,NORMAL,NORMAL-1154026-5.jpeg,768,496,380928,1.548,29.51,31.96,255,0,255,29.51,29.51,29.51,0
OCT,test,NORMAL,NORMAL-1156442-1.jpeg,512,496,253952,1.032,45.76,47.32,255,0,255,45.76,45.76,45.76,0
OCT,test,NORMAL,NORMAL-1156442-2.jpeg,512,496,253952,1.032,39.4,41.97,255,0,255,39.4,39.4,39.4,0
OCT,test,NORMAL,NORMAL-1156442-7.jpeg,512,496,253952,1.032,87.3,91.3,255,0,255,87.3,87.3,87.3,0
OCT,test,NORMAL,NORMAL-1156442-8.jpeg,512,496,253952,1.032,94.73,94.46,255,0,255,94.73,94.73,94.73,0
OCT,test,NORMAL,NORMAL-1156442-9.jpeg,512,496,253952,1.032,76.56,84.41,255,0,255,76.56,76.56,76.56,0
OCT,test,NORMAL,NORMAL-1157521-10.jpeg,1536,496,761856,3.097,44.87,44.24,255,0,255,44.87,44.87,44.87,0
OCT,test,NORMAL,NORMAL-1157521-11.jpeg,1536,496,761856,3.097,28.63,36.27,255,0,255,28.63,28.63,28.63,0
OCT,test,NORMAL,NORMAL-1157521-6.jpeg,512,496,253952,1.032,56.87,44.27,255,0,255,56.87,56.87,56.87,0
OCT,test,NORMAL,NORMAL-1157521-8.jpeg,1024,496,507904,2.065,81.56,82.65,255,0,255,81.56,81.56,81.56,0
OCT,test,NORMAL,NORMAL-1157721-11.jpeg,512,496,253952,1.032,54.71,49.76,255,0,255,54.71,54.71,54.71,0
OCT,test,NORMAL,NORMAL-1157721-14.jpeg,512,496,253952,1.032,65.1,60.37,255,0,255,65.1,65.1,65.1,0
OCT,test,NORMAL,NORMAL-1157721-22.jpeg,768,496,380928,1.548,41.82,41.64,255,0,255,41.82,41.82,41.82,0
OCT,test,NORMAL,NORMAL-1157721-23.jpeg,768,496,380928,1.548,38.61,38.2,255,0,255,38.61,38.61,38.61,0
OCT,test,NORMAL,NORMAL-1157721-6.jpeg,512,496,253952,1.032,62.53,60.75,255,0,255,62.53,62.53,62.53,0
OCT,test,NORMAL,NORMAL-115980-4.jpeg,512,496,253952,1.032,53.7,48.63,255,0,255,53.7,53.7,53.7,0
OCT,test,NORMAL,NORMAL-1161989-2.jpeg,768,496,380928,1.548,37.01,38.63,255,0,255,37.01,37.01,37.01,0
OCT,test,NORMAL,NORMAL-1161989-3.jpeg,512,496,253952,1.032,44.98,46.39,255,0,255,44.98,44.98,44.98,0
OCT,test,NORMAL,NORMAL-1162926-3.jpeg,512,496,253952,1.032,48.25,50.32,255,0,255,48.25,48.25,48.25,0
OCT,test,NORMAL,NORMAL-1162926-5.jpeg,768,496,380928,1.548,40.24,40.13,255,0,255,40.24,40.24,40.24,0
OCT,test,NORMAL,NORMAL-1162956-1.jpeg,768,496,380928,1.548,36.18,34.56,255,0,255,36.18,36.18,36.18,0
OCT,test,NORMAL,NORMAL-1167537-3.jpeg,512,496,253952,1.032,45.75,42.2,255,0,255,45.75,45.75,45.75,0
OCT,test,NORMAL,NORMAL-1170713-10.jpeg,768,496,380928,1.548,49.06,58.45,255,0,255,49.06,49.06,49.06,0
OCT,test,NORMAL,NORMAL-1170713-6.jpeg,512,496,253952,1.032,47.45,57.34,255,0,255,47.45,47.45,47.45,0
OCT,test,NORMAL,NORMAL-1171785-1.jpeg,768,496,380928,1.548,28.97,36.25,255,0,255,28.97,28.97,28.97,0
OCT,test,NORMAL,NORMAL-1171785-14.jpeg,512,496,253952,1.032,41.05,39.84,255,0,255,41.05,41.05,41.05,0
OCT,test,NORMAL,NORMAL-1171785-16.jpeg,768,496,380928,1.548,35.69,37.88,255,0,255,35.69,35.69,35.69,0
OCT,test,NORMAL,NORMAL-1171785-19.jpeg,768,496,380928,1.548,30.32,33.24,255,0,255,30.32,30.32,30.32,0
OCT,test,NORMAL,NORMAL-1171785-2.jpeg,512,496,253952,1.032,33.15,41.56,255,0,255,33.15,33.15,33.15,0
OCT,test,NORMAL,NORMAL-1173106-2.jpeg,512,496,253952,1.032,41.8,47.12,255,0,255,41.8,41.8,41.8,0
OCT,test,NORMAL,NORMAL-1173106-4.jpeg,512,496,253952,1.032,43.12,47.44,255,0,255,43.12,43.12,43.12,0
OCT,test,NORMAL,NORMAL-1175741-2.jpeg,1536,496,761856,3.097,34.55,41.54,255,0,255,34.55,34.55,34.55,0
OCT,test,NORMAL,NORMAL-1175741-4.jpeg,512,496,253952,1.032,102.71,105.35,255,0,255,102.71,102.71,102.71,0
OCT,test,NORMAL,NORMAL-1177923-3.jpeg,512,496,253952,1.032,42.19,42.61,255,0,255,42.19,42.19,42.19,0
OCT,test,NORMAL,NORMAL-1177923-7.jpeg,512,496,253952,1.032,51.59,68.64,255,0,255,51.59,51.59,51.59,0
OCT,test,NORMAL,NORMAL-1183510-1.jpeg,768,496,380928,1.548,32.39,37.94,255,0,255,32.39,32.39,32.39,0
OCT,test,NORMAL,NORMAL-1183983-2.jpeg,512,496,253952,1.032,39.15,44.5,255,0,255,39.15,39.15,39.15,0
OCT,test,NORMAL,NORMAL-119840-11.jpeg,768,496,380928,1.548,35.38,37.19,255,0,255,35.38,35.38,35.38,0
OCT,test,NORMAL,NORMAL-119840-14.jpeg,768,496,380928,1.548,31.27,34.13,255,0,255,31.27,31.27,31.27,0
OCT,test,NORMAL,NORMAL-119840-9.jpeg,512,512,262144,1.0,40.92,41.07,255,0,255,40.92,40.92,40.92,0
OCT,test,NORMAL,NORMAL-121673-2.jpeg,1536,496,761856,3.097,27.19,29.93,255,0,255,27.19,27.19,27.19,0
OCT,test,NORMAL,NORMAL-121673-3.jpeg,1536,496,761856,3.097,37.3,38.57,255,0,255,37.3,37.3,37.3,0
OCT,test,NORMAL,NORMAL-121673-4.jpeg,512,496,253952,1.032,50.74,51.58,255,0,255,50.74,50.74,50.74,0
OCT,test,NORMAL,NORMAL-121673-7.jpeg,512,496,253952,1.032,44.67,47.9,255,0,255,44.67,44.67,44.67,0
OCT,test,NORMAL,NORMAL-121673-9.jpeg,768,496,380928,1.548,36.18,37.59,255,0,255,36.18,36.18,36.18,0
OCT,test,NORMAL,NORMAL-122878-11.jpeg,512,496,253952,1.032,61.31,53.76,255,0,255,61.31,61.31,61.31,0
OCT,test,NORMAL,NORMAL-122878-14.jpeg,768,496,380928,1.548,47.37,46.33,255,0,255,47.37,47.37,47.37,0
OCT,test,NORMAL,NORMAL-122878-6.jpeg,768,496,380928,1.548,37.18,38.5,255,0,255,37.18,37.18,37.18,0
OCT,test,NORMAL,NORMAL-122878-7.jpeg,512,496,253952,1.032,74.26,74.86,255,0,255,74.26,74.26,74.26,0
OCT,test,NORMAL,NORMAL-12494-14.jpeg,768,496,380928,1.548,32.05,33.66,255,0,255,32.05,32.05,32.05,0
OCT,test,NORMAL,NORMAL-130032-2.jpeg,512,496,253952,1.032,52.07,58.39,255,0,255,52.07,52.07,52.07,0
OCT,test,NORMAL,NORMAL-133321-4.jpeg,768,496,380928,1.548,25.61,29.25,255,0,255,25.61,25.61,25.61,0
OCT,test,NORMAL,NORMAL-1356232-10.jpeg,512,512,262144,1.0,34.99,35.3,255,0,255,34.99,34.99,34.99,0
OCT,test,NORMAL,NORMAL-1356232-13.jpeg,512,512,262144,1.0,36.1,37.54,255,0,255,36.1,36.1,36.1,0
OCT,test,NORMAL,NORMAL-1356232-3.jpeg,512,512,262144,1.0,40.84,40.72,255,0,255,40.84,40.84,40.84,0
OCT,test,NORMAL,NORMAL-1356232-5.jpeg,512,512,262144,1.0,45.72,43.4,255,0,255,45.72,45.72,45.72,0
OCT,test,NORMAL,NORMAL-1384-1.jpeg,768,496,380928,1.548,42.86,37.72,255,0,255,42.86,42.86,42.86,0
OCT,test,NORMAL,NORMAL-138971-14.jpeg,768,496,380928,1.548,31.83,34.91,255,0,255,31.83,31.83,31.83,0
OCT,test,NORMAL,NORMAL-138971-17.jpeg,768,496,380928,1.548,31.49,36.37,255,0,255,31.49,31.49,31.49,0
OCT,test,NORMAL,NORMAL-138971-6.jpeg,512,496,253952,1.032,57.55,55.36,255,0,255,57.55,57.55,57.55,0
OCT,test,NORMAL,NORMAL-138971-9.jpeg,512,496,253952,1.032,55.48,68.97,255,0,255,55.48,55.48,55.48,0
OCT,test,NORMAL,NORMAL-139386-1.jpeg,768,496,380928,1.548,40.01,42.05,255,0,255,40.01,40.01,40.01,0
OCT,test,NORMAL,NORMAL-145830-5.jpeg,1536,496,761856,3.097,86.18,90.49,255,0,255,86.18,86.18,86.18,0
OCT,test,NORMAL,NORMAL-149928-1.jpeg,512,512,262144,1.0,36.84,39.25,255,0,255,36.84,36.84,36.84,0
OCT,test,NORMAL,NORMAL-149928-11.jpeg,512,512,262144,1.0,39.93,39.1,255,0,255,39.93,39.93,39.93,0
OCT,test,NORMAL,NORMAL-149928-3.jpeg,512,512,262144,1.0,51.66,55.7,255,0,255,51.66,51.66,51.66,0
OCT,test,NORMAL,NORMAL-149928-8.jpeg,512,512,262144,1.0,30.83,37.01,255,0,255,30.83,30.83,30.83,0
OCT,test,NORMAL,NORMAL-15208-4.jpeg,768,496,380928,1.548,31.3,36.13,255,0,255,31.3,31.3,31.3,0
OCT,test,NORMAL,NORMAL-15307-4.jpeg,512,512,262144,1.0,67.81,83.78,255,0,255,67.81,67.81,67.81,0
OCT,test,NORMAL,NORMAL-15307-8.jpeg,512,512,262144,1.0,52.81,71.73,255,0,255,52.81,52.81,52.81,0
OCT,test,NORMAL,NORMAL-153950-1.jpeg,512,496,253952,1.032,38.15,50.57,255,0,255,38.15,38.15,38.15,0
OCT,test,NORMAL,NORMAL-153950-10.jpeg,512,512,262144,1.0,36.13,48.85,255,0,255,36.13,36.13,36.13,0
OCT,test,NORMAL,NORMAL-153950-8.jpeg,512,512,262144,1.0,38.95,48.64,255,0,255,38.95,38.95,38.95,0
OCT,test,NORMAL,NORMAL-1591159-10.jpeg,512,512,262144,1.0,52.55,67.65,255,0,255,52.55,52.55,52.55,0
OCT,test,NORMAL,NORMAL-1591159-11.jpeg,512,512,262144,1.0,69.25,69.72,255,0,255,69.25,69.25,69.25,0
OCT,test,NORMAL,NORMAL-1591319-1.jpeg,512,512,262144,1.0,33.06,36.67,255,0,255,33.06,33.06,33.06,0
OCT,test,NORMAL,NORMAL-1591319-2.jpeg,512,512,262144,1.0,30.33,34.25,255,0,255,30.33,30.33,30.33,0
OCT,test,NORMAL,NORMAL-1593382-3.jpeg,512,512,262144,1.0,58.57,42.6,255,0,255,58.57,58.57,58.57,0
OCT,test,NORMAL,NORMAL-159493-5.jpeg,512,496,253952,1.032,52.58,61.04,255,0,255,52.58,52.58,52.58,0
OCT,test,NORMAL,NORMAL-159493-8.jpeg,512,496,253952,1.032,46.67,46.04,255,0,255,46.67,46.67,46.67,0
OCT,test,NORMAL,NORMAL-1595813-1.jpeg,512,512,262144,1.0,27.13,34.14,255,0,255,27.13,27.13,27.13,0
OCT,test,NORMAL,NORMAL-1595813-11.jpeg,512,512,262144,1.0,29.65,31.12,255,0,255,29.65,29.65,29.65,0
OCT,test,NORMAL,NORMAL-1595813-14.jpeg,512,512,262144,1.0,36.98,48.31,255,0,255,36.98,36.98,36.98,0
OCT,test,NORMAL,NORMAL-1597899-1.jpeg,512,512,262144,1.0,42.39,40.41,255,0,255,42.39,42.39,42.39,0
OCT,test,NORMAL,NORMAL-1600010-1.jpeg,512,512,262144,1.0,29.42,34.5,255,0,255,29.42,29.42,29.42,0
OCT,test,NORMAL,NORMAL-1605492-1.jpeg,512,512,262144,1.0,65.49,71.92,255,0,255,65.49,65.49,65.49,0
OCT,test,NORMAL,NORMAL-1606016-10.jpeg,512,512,262144,1.0,53.14,59.98,255,0,255,53.14,53.14,53.14,0
OCT,test,NORMAL,NORMAL-1606016-13.jpeg,512,512,262144,1.0,55.51,72.93,255,0,255,55.51,55.51,55.51,0
OCT,test,NORMAL,NORMAL-1606016-3.jpeg,512,512,262144,1.0,41.29,42.27,255,0,255,41.29,41.29,41.29,0
OCT,test,NORMAL,NORMAL-1608084-1.jpeg,512,512,262144,1.0,26.43,31.4,255,0,255,26.43,26.43,26.43,0
OCT,test,NORMAL,NORMAL-1608692-3.jpeg,512,512,262144,1.0,35.43,45.79,255,0,255,35.43,35.43,35.43,0
OCT,test,NORMAL,NORMAL-1610264-7.jpeg,512,512,262144,1.0,41.79,34.38,255,0,255,41.79,41.79,41.79,0
OCT,test,NORMAL,NORMAL-1611242-4.jpeg,512,512,262144,1.0,91.0,97.84,255,0,255,91.0,91.0,91.0,0
OCT,test,NORMAL,NORMAL-1611242-5.jpeg,512,512,262144,1.0,87.61,90.82,255,0,255,87.61,87.61,87.61,0
OCT,test,NORMAL,NORMAL-1611242-6.jpeg,512,512,262144,1.0,36.64,39.11,255,0,255,36.64,36.64,36.64,0
OCT,test,NORMAL,NORMAL-1611647-2.jpeg,512,512,262144,1.0,33.99,37.83,255,0,255,33.99,33.99,33.99,0
OCT,test,NORMAL,NORMAL-1614397-14.jpeg,512,512,262144,1.0,55.09,69.89,255,0,255,55.09,55.09,55.09,0
OCT,test,NORMAL,NORMAL-1614397-17.jpeg,512,512,262144,1.0,61.9,76.35,255,0,255,61.9,61.9,61.9,0
OCT,test,NORMAL,NORMAL-1614397-19.jpeg,512,512,262144,1.0,66.15,76.1,255,0,255,66.15,66.15,66.15,0
OCT,test,NORMAL,NORMAL-1614397-21.jpeg,512,512,262144,1.0,50.36,63.45,255,0,255,50.36,50.36,50.36,0
OCT,test,NORMAL,NORMAL-1614397-27.jpeg,512,512,262144,1.0,60.63,74.74,255,0,255,60.63,60.63,60.63,0
OCT,test,NORMAL,NORMAL-1614397-3.jpeg,512,512,262144,1.0,47.25,56.44,255,0,255,47.25,47.25,47.25,0
OCT,test,NORMAL,NORMAL-1614397-5.jpeg,512,512,262144,1.0,44.6,50.67,255,0,255,44.6,44.6,44.6,0
OCT,test,NORMAL,NORMAL-1614397-6.jpeg,512,512,262144,1.0,42.01,50.3,255,0,255,42.01,42.01,42.01,0
OCT,test,NORMAL,NORMAL-1619370-5.jpeg,512,512,262144,1.0,36.12,36.2,255,0,255,36.12,36.12,36.12,0
OCT,test,NORMAL,NORMAL-1627630-3.jpeg,512,512,262144,1.0,41.49,44.35,255,0,255,41.49,41.49,41.49,0
OCT,test,NORMAL,NORMAL-1632795-11.jpeg,512,512,262144,1.0,66.75,83.03,255,0,255,66.75,66.75,66.75,0
OCT,test,NORMAL,NORMAL-1632795-12.jpeg,512,512,262144,1.0,53.7,72.25,255,0,255,53.7,53.7,53.7,0
OCT,test,NORMAL,NORMAL-1632795-19.jpeg,512,512,262144,1.0,59.61,73.46,255,0,255,59.61,59.61,59.61,0
OCT,test,NORMAL,NORMAL-1632795-23.jpeg,512,512,262144,1.0,94.1,87.04,255,0,255,94.1,94.1,94.1,0
OCT,test,NORMAL,NORMAL-1632795-6.jpeg,512,512,262144,1.0,34.09,38.91,255,0,255,34.09,34.09,34.09,0
OCT,test,NORMAL,NORMAL-1638473-10.jpeg,512,512,262144,1.0,37.04,38.65,255,0,255,37.04,37.04,37.04,0
OCT,test,NORMAL,NORMAL-1638473-17.jpeg,512,512,262144,1.0,29.8,35.38,255,0,255,29.8,29.8,29.8,0
OCT,test,NORMAL,NORMAL-1638473-27.jpeg,512,512,262144,1.0,50.85,44.41,255,0,255,50.85,50.85,50.85,0
OCT,test,NORMAL,NORMAL-1641066-1.jpeg,512,512,262144,1.0,41.66,52.66,255,0,255,41.66,41.66,41.66,0
OCT,test,NORMAL,NORMAL-1641066-3.jpeg,512,512,262144,1.0,31.55,35.83,255,0,255,31.55,31.55,31.55,0
OCT,test,NORMAL,NORMAL-1649492-14.jpeg,512,512,262144,1.0,26.72,34.47,255,0,255,26.72,26.72,26.72,0
OCT,test,NORMAL,NORMAL-1649492-23.jpeg,512,512,262144,1.0,39.73,41.04,255,0,255,39.73,39.73,39.73,0
OCT,test,NORMAL,NORMAL-1649492-24.jpeg,512,512,262144,1.0,69.82,82.15,255,0,255,69.82,69.82,69.82,0
OCT,test,NORMAL,NORMAL-1649492-32.jpeg,512,512,262144,1.0,38.77,45.13,255,0,255,38.77,38.77,38.77,0
OCT,test,NORMAL,NORMAL-1649492-39.jpeg,512,512,262144,1.0,41.75,47.12,255,0,255,41.75,41.75,41.75,0
OCT,test,NORMAL,NORMAL-1649748-1.jpeg,512,512,262144,1.0,43.77,46.92,255,0,255,43.77,43.77,43.77,0
OCT,test,NORMAL,NORMAL-1650076-4.jpeg,512,512,262144,1.0,45.71,51.77,255,0,255,45.71,45.71,45.71,0
OCT,test,NORMAL,NORMAL-1651595-2.jpeg,512,512,262144,1.0,50.52,57.72,255,0,255,50.52,50.52,50.52,0
OCT,test,NORMAL,NORMAL-1651595-3.jpeg,512,512,262144,1.0,56.32,64.51,255,0,255,56.32,56.32,56.32,0
OCT,test,NORMAL,NORMAL-1651625-1.jpeg,512,512,262144,1.0,66.03,63.64,255,0,255,66.03,66.03,66.03,0
OCT,test,NORMAL,NORMAL-1656484-2.jpeg,512,512,262144,1.0,36.62,37.72,255,0,255,36.62,36.62,36.62,0
OCT,test,NORMAL,NORMAL-1656835-6.jpeg,512,512,262144,1.0,47.11,42.68,255,0,255,47.11,47.11,47.11,0
OCT,test,NORMAL,NORMAL-1659134-3.jpeg,512,512,262144,1.0,38.3,41.96,255,0,255,38.3,38.3,38.3,0
OCT,test,NORMAL,NORMAL-1663216-13.jpeg,512,512,262144,1.0,32.43,32.82,255,0,255,32.43,32.43,32.43,0
OCT,test,NORMAL,NORMAL-1665740-5.jpeg,512,512,262144,1.0,39.91,41.14,255,0,255,39.91,39.91,39.91,0
OCT,test,NORMAL,NORMAL-1665740-6.jpeg,512,512,262144,1.0,87.72,87.39,255,0,255,87.72,87.72,87.72,0
OCT,test,NORMAL,NORMAL-1675134-3.jpeg,512,512,262144,1.0,56.42,69.87,255,0,255,56.42,56.42,56.42,0
OCT,test,NORMAL,NORMAL-1675134-4.jpeg,512,512,262144,1.0,40.91,50.66,255,0,255,40.91,40.91,40.91,0
OCT,test,NORMAL,NORMAL-1680206-4.jpeg,512,512,262144,1.0,54.55,72.77,255,0,255,54.55,54.55,54.55,0
OCT,test,NORMAL,NORMAL-1680206-6.jpeg,512,512,262144,1.0,30.51,34.44,255,0,255,30.51,30.51,30.51,0
OCT,test,NORMAL,NORMAL-1688686-13.jpeg,512,512,262144,1.0,28.41,32.55,255,0,255,28.41,28.41,28.41,0
OCT,test,NORMAL,NORMAL-1688686-3.jpeg,512,512,262144,1.0,44.4,45.44,255,0,255,44.4,44.4,44.4,0
OCT,test,NORMAL,NORMAL-1688878-12.jpeg,512,512,262144,1.0,34.9,34.85,255,0,255,34.9,34.9,34.9,0
OCT,test,NORMAL,NORMAL-1688878-15.jpeg,512,512,262144,1.0,36.16,37.57,255,0,255,36.16,36.16,36.16,0
OCT,test,NORMAL,NORMAL-1690970-2.jpeg,512,512,262144,1.0,47.67,39.13,255,0,255,47.67,47.67,47.67,0
OCT,test,NORMAL,NORMAL-1694342-1.jpeg,512,512,262144,1.0,36.65,43.44,255,0,255,36.65,36.65,36.65,0
OCT,test,NORMAL,NORMAL-1694342-3.jpeg,512,512,262144,1.0,26.02,28.75,255,0,255,26.02,26.02,26.02,0
OCT,test,NORMAL,NORMAL-1695472-16.jpeg,512,512,262144,1.0,37.19,35.01,255,0,255,37.19,37.19,37.19,0
OCT,test,NORMAL,NORMAL-1695472-2.jpeg,512,512,262144,1.0,51.68,45.47,255,0,255,51.68,51.68,51.68,0
OCT,test,NORMAL,NORMAL-1695472-7.jpeg,512,512,262144,1.0,44.73,41.78,255,0,255,44.73,44.73,44.73,0
OCT,test,NORMAL,NORMAL-1695472-9.jpeg,512,512,262144,1.0,35.34,33.03,255,0,255,35.34,35.34,35.34,0
OCT,test,NORMAL,NORMAL-1696696-9.jpeg,512,512,262144,1.0,61.34,72.08,255,0,255,61.34,61.34,61.34,0
OCT,test,NORMAL,NORMAL-1697739-3.jpeg,512,512,262144,1.0,44.46,57.56,255,0,255,44.46,44.46,44.46,0
OCT,test,NORMAL,NORMAL-1697739-4.jpeg,512,512,262144,1.0,33.9,39.57,255,0,255,33.9,33.9,33.9,0
OCT,test,NORMAL,NORMAL-1697739-6.jpeg,512,512,262144,1.0,36.46,45.54,255,0,255,36.46,36.46,36.46,0
OCT,test,NORMAL,NORMAL-1697739-9.jpeg,512,512,262144,1.0,35.04,42.67,255,0,255,35.04,35.04,35.04,0
OCT,test,NORMAL,NORMAL-1699944-2.jpeg,512,512,262144,1.0,47.41,45.06,255,0,255,47.41,47.41,47.41,0
OCT,test,NORMAL,NORMAL-1699976-14.jpeg,512,512,262144,1.0,131.37,102.56,255,0,255,131.37,131.37,131.37,0
OCT,test,NORMAL,NORMAL-1699976-17.jpeg,512,512,262144,1.0,58.94,63.76,255,0,255,58.94,58.94,58.94,0
OCT,test,NORMAL,NORMAL-1699976-18.jpeg,512,512,262144,1.0,73.92,79.98,255,0,255,73.92,73.92,73.92,0
OCT,test,NORMAL,NORMAL-1699976-19.jpeg,512,512,262144,1.0,58.95,67.61,255,0,255,58.95,58.95,58.95,0
OCT,test,NORMAL,NORMAL-1699976-2.jpeg,512,512,262144,1.0,23.9,24.43,255,0,255,23.9,23.9,23.9,0
OCT,test,NORMAL,NORMAL-1699976-20.jpeg,512,512,262144,1.0,50.91,62.82,255,0,255,50.91,50.91,50.91,0
OCT,test,NORMAL,NORMAL-1699976-24.jpeg,512,512,262144,1.0,61.54,57.8,255,0,255,61.54,61.54,61.54,0
OCT,test,NORMAL,NORMAL-1699976-28.jpeg,512,512,262144,1.0,25.32,30.29,255,0,255,25.32,25.32,25.32,0
OCT,test,NORMAL,NORMAL-1699976-30.jpeg,512,512,262144,1.0,30.21,34.05,255,0,255,30.21,30.21,30.21,0
OCT,test,NORMAL,NORMAL-1699976-35.jpeg,512,512,262144,1.0,100.18,103.63,255,0,255,100.18,100.18,100.18,0
OCT,test,NORMAL,NORMAL-1699976-36.jpeg,512,512,262144,1.0,51.94,66.02,255,0,255,51.94,51.94,51.94,0
OCT,test,NORMAL,NORMAL-1699976-4.jpeg,512,512,262144,1.0,61.68,60.32,255,0,255,61.68,61.68,61.68,0
OCT,test,NORMAL,NORMAL-1699976-41.jpeg,512,512,262144,1.0,21.04,24.5,255,0,255,21.04,21.04,21.04,0
OCT,test,NORMAL,NORMAL-1699976-5.jpeg,512,512,262144,1.0,69.39,73.13,255,0,255,69.39,69.39,69.39,0
OCT,test,NORMAL,NORMAL-1702647-5.jpeg,512,512,262144,1.0,47.81,52.7,255,0,255,47.81,47.81,47.81,0
OCT,test,NORMAL,NORMAL-1704482-6.jpeg,512,512,262144,1.0,34.91,36.58,255,0,255,34.91,34.91,34.91,0
OCT,test,NORMAL,NORMAL-1704482-7.jpeg,512,512,262144,1.0,39.78,42.27,255,0,255,39.78,39.78,39.78,0
OCT,test,NORMAL,NORMAL-1710289-1.jpeg,512,512,262144,1.0,30.35,34.97,255,0,255,30.35,30.35,30.35,0
OCT,test,NORMAL,NORMAL-1710289-4.jpeg,512,512,262144,1.0,44.85,60.62,255,0,255,44.85,44.85,44.85,0
OCT,test,NORMAL,NORMAL-1713031-11.jpeg,512,512,262144,1.0,34.64,37.15,255,0,255,34.64,34.64,34.64,0
OCT,test,NORMAL,NORMAL-1713031-6.jpeg,512,512,262144,1.0,39.46,38.31,255,0,255,39.46,39.46,39.46,0
OCT,test,NORMAL,NORMAL-1713031-9.jpeg,512,512,262144,1.0,102.79,93.01,255,0,255,102.79,102.79,102.79,0
OCT,test,NORMAL,NORMAL-1715545-2.jpeg,512,512,262144,1.0,35.67,43.4,255,0,255,35.67,35.67,35.67,0
OCT,test,NORMAL,NORMAL-1724559-3.jpeg,512,512,262144,1.0,39.15,43.15,255,0,255,39.15,39.15,39.15,0
OCT,test,NORMAL,NORMAL-1724756-1.jpeg,512,512,262144,1.0,45.45,62.45,255,0,255,45.45,45.45,45.45,0
OCT,test,NORMAL,NORMAL-1724756-5.jpeg,512,512,262144,1.0,34.73,35.51,255,0,255,34.73,34.73,34.73,0
OCT,test,NORMAL,NORMAL-1724756-6.jpeg,512,512,262144,1.0,62.08,80.01,255,0,255,62.08,62.08,62.08,0
OCT,test,NORMAL,NORMAL-1724756-7.jpeg,512,512,262144,1.0,31.79,29.07,255,0,255,31.79,31.79,31.79,0
OCT,test,NORMAL,NORMAL-1725838-11.jpeg,512,512,262144,1.0,34.78,35.73,255,0,255,34.78,34.78,34.78,0
OCT,test,NORMAL,NORMAL-1725838-6.jpeg,512,512,262144,1.0,39.29,44.69,255,0,255,39.29,39.29,39.29,0
OCT,test,NORMAL,NORMAL-1726544-10.jpeg,512,512,262144,1.0,28.67,32.55,255,0,255,28.67,28.67,28.67,0
OCT,test,NORMAL,NORMAL-1726544-13.jpeg,512,512,262144,1.0,42.75,49.17,255,0,255,42.75,42.75,42.75,0
OCT,test,NORMAL,NORMAL-1726544-19.jpeg,512,512,262144,1.0,61.85,78.73,255,0,255,61.85,61.85,61.85,0
OCT,test,NORMAL,NORMAL-1726544-22.jpeg,512,512,262144,1.0,56.5,76.82,255,0,255,56.5,56.5,56.5,0
OCT,test,NORMAL,NORMAL-1726544-23.jpeg,512,512,262144,1.0,40.0,51.71,255,0,255,40.0,40.0,40.0,0
OCT,test,NORMAL,NORMAL-1726544-4.jpeg,512,512,262144,1.0,58.82,74.9,255,0,255,58.82,58.82,58.82,0
OCT,test,NORMAL,NORMAL-1726544-5.jpeg,512,512,262144,1.0,65.77,78.87,255,0,255,65.77,65.77,65.77,0
OCT,test,NORMAL,NORMAL-1726544-8.jpeg,512,512,262144,1.0,37.85,42.96,255,0,255,37.85,37.85,37.85,0
OCT,test,NORMAL,NORMAL-1726847-3.jpeg,512,512,262144,1.0,32.57,31.43,255,0,255,32.57,32.57,32.57,0
OCT,test,NORMAL,NORMAL-1728797-2.jpeg,512,512,262144,1.0,50.21,58.67,255,0,255,50.21,50.21,50.21,0
OCT,test,NORMAL,NORMAL-1728797-4.jpeg,512,512,262144,1.0,29.75,33.87,255,0,255,29.75,29.75,29.75,0
OCT,test,NORMAL,NORMAL-1735260-1.jpeg,512,512,262144,1.0,60.25,63.35,255,0,255,60.25,60.25,60.25,0
OCT,test,NORMAL,NORMAL-1740831-1.jpeg,512,512,262144,1.0,43.96,67.27,255,0,255,43.96,43.96,43.96,0
OCT,test,NORMAL,NORMAL-1742409-16.jpeg,512,512,262144,1.0,30.98,40.07,255,0,255,30.98,30.98,30.98,0
OCT,test,NORMAL,NORMAL-1742409-3.jpeg,512,512,262144,1.0,40.89,39.46,255,0,255,40.89,40.89,40.89,0
OCT,test,NORMAL,NORMAL-1742409-6.jpeg,512,512,262144,1.0,45.75,41.16,255,0,255,45.75,45.75,45.75,0
OCT,test,NORMAL,NORMAL-1742409-7.jpeg,512,512,262144,1.0,69.94,67.17,255,0,255,69.94,69.94,69.94,0
OCT,test,NORMAL,NORMAL-1742442-4.jpeg,512,512,262144,1.0,37.83,44.06,255,0,255,37.83,37.83,37.83,0
OCT,test,NORMAL,NORMAL-1742442-9.jpeg,512,512,262144,1.0,33.96,37.14,255,0,255,33.96,33.96,33.96,0
OCT,test,NORMAL,NORMAL-1746717-9.jpeg,512,512,262144,1.0,59.79,68.03,255,0,255,59.79,59.79,59.79,0
OCT,test,NORMAL,NORMAL-1750213-2.jpeg,512,512,262144,1.0,50.9,45.53,255,0,255,50.9,50.9,50.9,0
OCT,test,NORMAL,NORMAL-1753005-6.jpeg,512,512,262144,1.0,73.92,84.87,255,0,255,73.92,73.92,73.92,0
OCT,test,NORMAL,NORMAL-1753482-1.jpeg,768,496,380928,1.548,34.79,33.61,255,0,255,34.79,34.79,34.79,0
OCT,test,NORMAL,NORMAL-1756612-1.jpeg,1536,496,761856,3.097,29.84,34.28,255,0,255,29.84,29.84,29.84,0
OCT,test,NORMAL,NORMAL-1758621-4.jpeg,512,496,253952,1.032,52.02,42.5,255,0,255,52.02,52.02,52.02,0
OCT,test,NORMAL,NORMAL-1760431-1.jpeg,512,496,253952,1.032,94.92,91.58,255,0,255,94.92,94.92,94.92,0
OCT,test,NORMAL,NORMAL-1760431-2.jpeg,768,496,380928,1.548,39.52,40.95,255,0,255,39.52,39.52,39.52,0
OCT,test,NORMAL,NORMAL-1760955-4.jpeg,768,496,380928,1.548,37.39,40.54,255,0,255,37.39,37.39,37.39,0
OCT,test,NORMAL,NORMAL-1762706-1.jpeg,512,496,253952,1.032,51.58,58.77,255,0,255,51.58,51.58,51.58,0
OCT,test,NORMAL,NORMAL-1765586-4.jpeg,768,496,380928,1.548,30.17,36.73,255,0,255,30.17,30.17,30.17,0
OCT,test,NORMAL,NORMAL-1767347-10.jpeg,768,496,380928,1.548,35.56,37.77,255,0,255,35.56,35.56,35.56,0
OCT,test,NORMAL,NORMAL-1767347-15.jpeg,768,496,380928,1.548,32.95,35.75,255,0,255,32.95,32.95,32.95,0
OCT,test,NORMAL,NORMAL-1767347-24.jpeg,768,496,380928,1.548,36.58,43.77,255,0,255,36.58,36.58,36.58,0
OCT,test,NORMAL,NORMAL-1767347-26.jpeg,768,496,380928,1.548,43.07,40.83,255,0,255,43.07,43.07,43.07,0
OCT,test,NORMAL,NORMAL-1767347-5.jpeg,512,496,253952,1.032,75.58,78.72,255,0,255,75.58,75.58,75.58,0
OCT,test,NORMAL,NORMAL-1767347-6.jpeg,768,496,380928,1.548,35.58,37.59,255,0,255,35.58,35.58,35.58,0
OCT,test,NORMAL,NORMAL-1767347-7.jpeg,768,496,380928,1.548,35.88,37.84,255,0,255,35.88,35.88,35.88,0
OCT,test,NORMAL,NORMAL-1767347-8.jpeg,768,496,380928,1.548,30.39,32.86,255,0,255,30.39,30.39,30.39,0
OCT,test,NORMAL,NORMAL-1769699-2.jpeg,512,496,253952,1.032,48.04,59.75,255,0,255,48.04,48.04,48.04,0
OCT,test,NORMAL,NORMAL-1771170-1.jpeg,512,496,253952,1.032,43.55,54.1,255,0,255,43.55,43.55,43.55,0
OCT,test,NORMAL,NORMAL-1777125-2.jpeg,512,496,253952,1.032,38.99,53.05,255,0,255,38.99,38.99,38.99,0
OCT,test,NORMAL,NORMAL-1777532-1.jpeg,768,496,380928,1.548,36.21,40.02,255,0,255,36.21,36.21,36.21,0
OCT,test,NORMAL,NORMAL-1777532-3.jpeg,512,496,253952,1.032,45.12,46.63,255,0,255,45.12,45.12,45.12,0
OCT,test,NORMAL,NORMAL-1777532-4.jpeg,768,496,380928,1.548,36.3,41.17,255,0,255,36.3,36.3,36.3,0
OCT,test,NORMAL,NORMAL-1777532-7.jpeg,512,496,253952,1.032,93.64,85.17,255,0,255,93.64,93.64,93.64,0
OCT,test,NORMAL,NORMAL-1778674-4.jpeg,1536,496,761856,3.097,49.21,61.17,255,0,255,49.21,49.21,49.21,0
OCT,test,NORMAL,NORMAL-1778674-9.jpeg,768,496,380928,1.548,72.39,89.74,255,0,255,72.39,72.39,72.39,0
OCT,test,NORMAL,NORMAL-1781140-22.jpeg,512,512,262144,1.0,114.21,102.17,255,0,255,114.21,114.21,114.21,0
OCT,test,NORMAL,NORMAL-1781140-23.jpeg,512,512,262144,1.0,111.57,99.76,255,0,255,111.57,111.57,111.57,0
OCT,test,NORMAL,NORMAL-1781140-3.jpeg,512,512,262144,1.0,56.31,56.86,255,0,255,56.31,56.31,56.31,0
OCT,test,NORMAL,NORMAL-1781140-33.jpeg,512,512,262144,1.0,35.53,39.53,255,0,255,35.53,35.53,35.53,0
OCT,test,NORMAL,NORMAL-1781140-34.jpeg,512,512,262144,1.0,45.31,44.9,255,0,255,45.31,45.31,45.31,0
OCT,test,NORMAL,NORMAL-1781140-36.jpeg,512,512,262144,1.0,53.41,54.21,255,0,255,53.41,53.41,53.41,0
OCT,test,NORMAL,NORMAL-1781140-41.jpeg,512,512,262144,1.0,43.6,49.15,255,0,255,43.6,43.6,43.6,0
OCT,test,NORMAL,NORMAL-1781140-45.jpeg,512,512,262144,1.0,42.75,41.78,255,0,255,42.75,42.75,42.75,0
OCT,test,NORMAL,NORMAL-1781140-5.jpeg,512,512,262144,1.0,93.33,90.58,255,0,255,93.33,93.33,93.33,0
OCT,test,NORMAL,NORMAL-1781140-50.jpeg,512,512,262144,1.0,58.79,62.08,255,0,255,58.79,58.79,58.79,0
OCT,test,NORMAL,NORMAL-1781140-53.jpeg,512,512,262144,1.0,75.53,82.77,255,0,255,75.53,75.53,75.53,0
OCT,test,NORMAL,NORMAL-1781140-54.jpeg,512,512,262144,1.0,66.49,72.37,255,0,255,66.49,66.49,66.49,0
OCT,test,NORMAL,NORMAL-1781140-58.jpeg,512,512,262144,1.0,31.18,33.2,255,0,255,31.18,31.18,31.18,0
OCT,test,NORMAL,NORMAL-1781140-60.jpeg,512,512,262144,1.0,51.42,50.55,255,0,255,51.42,51.42,51.42,0
OCT,test,NORMAL,NORMAL-1781140-62.jpeg,512,512,262144,1.0,33.56,35.87,255,0,255,33.56,33.56,33.56,0
OCT,test,NORMAL,NORMAL-1781140-7.jpeg,512,512,262144,1.0,30.06,33.22,255,0,255,30.06,30.06,30.06,0
OCT,test,NORMAL,NORMAL-1781140-9.jpeg,512,512,262144,1.0,31.92,32.15,255,0,255,31.92,31.92,31.92,0
OCT,test,NORMAL,NORMAL-1784116-2.jpeg,1536,496,761856,3.097,22.06,27.17,255,0,255,22.06,22.06,22.06,0
OCT,test,NORMAL,NORMAL-1784704-2.jpeg,512,496,253952,1.032,73.73,84.26,255,0,255,73.73,73.73,73.73,0
OCT,test,NORMAL,NORMAL-1785362-1.jpeg,768,496,380928,1.548,34.33,36.68,255,0,255,34.33,34.33,34.33,0
OCT,test,NORMAL,NORMAL-1785362-5.jpeg,512,496,253952,1.032,47.83,60.31,255,0,255,47.83,47.83,47.83,0
OCT,test,NORMAL,NORMAL-1785964-1.jpeg,768,496,380928,1.548,32.98,35.76,255,0,255,32.98,32.98,32.98,0
OCT,test,NORMAL,NORMAL-1785964-3.jpeg,512,496,253952,1.032,50.53,46.56,255,0,255,50.53,50.53,50.53,0
OCT,test,NORMAL,NORMAL-1785964-9.jpeg,512,496,253952,1.032,110.65,101.65,255,0,255,110.65,110.65,110.65,0
OCT,test,NORMAL,NORMAL-1786221-2.jpeg,512,496,253952,1.032,31.04,35.12,255,0,255,31.04,31.04,31.04,0
OCT,test,NORMAL,NORMAL-1786221-4.jpeg,512,496,253952,1.032,49.06,58.4,255,0,255,49.06,49.06,49.06,0
OCT,test,NORMAL,NORMAL-1791409-2.jpeg,512,496,253952,1.032,40.83,42.99,255,0,255,40.83,40.83,40.83,0
OCT,test,NORMAL,NORMAL-1791409-3.jpeg,512,496,253952,1.032,45.94,48.99,255,0,255,45.94,45.94,45.94,0
OCT,test,NORMAL,NORMAL-1795061-3.jpeg,512,496,253952,1.032,63.98,62.84,255,0,255,63.98,63.98,63.98,0
OCT,test,NORMAL,NORMAL-1797111-1.jpeg,512,496,253952,1.032,43.56,59.33,255,0,255,43.56,43.56,43.56,0
OCT,test,NORMAL,NORMAL-1797111-6.jpeg,768,496,380928,1.548,37.86,44.09,255,0,255,37.86,37.86,37.86,0
OCT,test,NORMAL,NORMAL-1798956-8.jpeg,512,512,262144,1.0,19.83,23.39,255,0,255,19.83,19.83,19.83,0
OCT,test,NORMAL,NORMAL-1799516-3.jpeg,512,496,253952,1.032,59.95,70.34,255,0,255,59.95,59.95,59.95,0
OCT,test,NORMAL,NORMAL-1808783-2.jpeg,1536,496,761856,3.097,30.1,37.33,255,0,255,30.1,30.1,30.1,0
OCT,test,NORMAL,NORMAL-1808783-8.jpeg,512,496,253952,1.032,32.38,29.75,255,0,255,32.38,32.38,32.38,0
OCT,test,NORMAL,NORMAL-1808783-9.jpeg,512,496,253952,1.032,75.36,71.74,255,0,255,75.36,75.36,75.36,0
OCT,test,NORMAL,NORMAL-1811834-2.jpeg,768,496,380928,1.548,29.5,35.36,255,0,255,29.5,29.5,29.5,0
OCT,test,NORMAL,NORMAL-1811834-6.jpeg,512,496,253952,1.032,36.4,38.81,255,0,255,36.4,36.4,36.4,0
OCT,test,NORMAL,NORMAL-1812500-4.jpeg,512,496,253952,1.032,57.55,52.49,255,0,255,57.55,57.55,57.55,0
OCT,test,NORMAL,NORMAL-1815323-1.jpeg,512,496,253952,1.032,38.66,46.89,255,0,255,38.66,38.66,38.66,0
OCT,test,NORMAL,NORMAL-1815523-3.jpeg,512,496,253952,1.032,49.76,61.69,255,0,255,49.76,49.76,49.76,0
OCT,test,NORMAL,NORMAL-1815523-4.jpeg,512,496,253952,1.032,38.9,42.21,255,0,255,38.9,38.9,38.9,0
OCT,test,NORMAL,NORMAL-1815523-7.jpeg,512,496,253952,1.032,44.69,50.68,255,0,255,44.69,44.69,44.69,0
OCT,test,NORMAL,NORMAL-1824581-2.jpeg,512,512,262144,1.0,91.98,96.51,255,0,255,91.98,91.98,91.98,0
OCT,test,NORMAL,NORMAL-1824581-7.jpeg,512,512,262144,1.0,67.59,79.51,255,0,255,67.59,67.59,67.59,0
OCT,test,NORMAL,NORMAL-1824581-8.jpeg,512,512,262144,1.0,56.47,65.95,255,0,255,56.47,56.47,56.47,0
OCT,test,NORMAL,NORMAL-1826254-2.jpeg,512,496,253952,1.032,52.42,56.77,255,0,255,52.42,52.42,52.42,0
OCT,test,NORMAL,NORMAL-1826254-5.jpeg,768,496,380928,1.548,45.64,40.89,255,0,255,45.64,45.64,45.64,0
OCT,test,NORMAL,NORMAL-1838234-5.jpeg,512,496,253952,1.032,50.39,61.7,255,0,255,50.39,50.39,50.39,0
OCT,test,NORMAL,NORMAL-1838234-6.jpeg,768,496,380928,1.548,31.43,35.45,255,0,255,31.43,31.43,31.43,0
OCT,test,NORMAL,NORMAL-1839927-3.jpeg,768,496,380928,1.548,27.66,32.37,255,0,255,27.66,27.66,27.66,0
OCT,test,NORMAL,NORMAL-1842556-4.jpeg,512,512,262144,1.0,52.65,50.79,255,0,255,52.65,52.65,52.65,0
OCT,test,NORMAL,NORMAL-1842556-7.jpeg,512,512,262144,1.0,54.87,52.56,255,0,255,54.87,54.87,54.87,0
OCT,test,NORMAL,NORMAL-1842556-8.jpeg,512,512,262144,1.0,34.72,33.95,255,0,255,34.72,34.72,34.72,0
OCT,test,NORMAL,NORMAL-1847702-11.jpeg,768,496,380928,1.548,32.19,37.81,255,0,255,32.19,32.19,32.19,0
OCT,test,NORMAL,NORMAL-1847702-17.jpeg,512,496,253952,1.032,42.38,41.84,255,0,255,42.38,42.38,42.38,0
OCT,test,NORMAL,NORMAL-1847702-22.jpeg,768,496,380928,1.548,35.33,39.93,255,0,255,35.33,35.33,35.33,0
OCT,test,NORMAL,NORMAL-1847704-2.jpeg,768,496,380928,1.548,21.61,25.21,255,0,255,21.61,21.61,21.61,0
OCT,test,NORMAL,NORMAL-1847704-3.jpeg,768,496,380928,1.548,33.04,36.63,255,0,255,33.04,33.04,33.04,0
OCT,test,NORMAL,NORMAL-1847888-2.jpeg,512,512,262144,1.0,39.04,48.01,255,0,255,39.04,39.04,39.04,0
OCT,test,NORMAL,NORMAL-1847888-5.jpeg,512,512,262144,1.0,79.58,81.59,255,0,255,79.58,79.58,79.58,0
OCT,test,NORMAL,NORMAL-1847888-6.jpeg,512,512,262144,1.0,57.48,55.11,255,0,255,57.48,57.48,57.48,0
OCT,test,NORMAL,NORMAL-184900-1.jpeg,1536,496,761856,3.097,29.0,31.4,255,0,255,29.0,29.0,29.0,0
OCT,test,NORMAL,NORMAL-184900-2.jpeg,512,496,253952,1.032,46.88,40.0,255,0,255,46.88,46.88,46.88,0
OCT,test,NORMAL,NORMAL-1849029-15.jpeg,512,512,262144,1.0,48.17,42.73,255,0,255,48.17,48.17,48.17,0
OCT,test,NORMAL,NORMAL-1849029-16.jpeg,512,512,262144,1.0,75.88,65.97,255,0,255,75.88,75.88,75.88,0
OCT,test,NORMAL,NORMAL-1849029-17.jpeg,512,512,262144,1.0,82.63,72.25,255,0,255,82.63,82.63,82.63,0
OCT,test,NORMAL,NORMAL-1849029-18.jpeg,512,512,262144,1.0,46.29,40.14,255,0,255,46.29,46.29,46.29,0
OCT,test,NORMAL,NORMAL-1849029-24.jpeg,512,512,262144,1.0,35.37,41.51,255,0,255,35.37,35.37,35.37,0
OCT,test,NORMAL,NORMAL-1849029-27.jpeg,512,512,262144,1.0,32.97,31.34,255,0,255,32.97,32.97,32.97,0
OCT,test,NORMAL,NORMAL-1849029-37.jpeg,512,512,262144,1.0,34.35,34.45,255,0,255,34.35,34.35,34.35,0
OCT,test,NORMAL,NORMAL-1849029-40.jpeg,512,512,262144,1.0,90.22,78.6,255,0,255,90.22,90.22,90.22,0
OCT,test,NORMAL,NORMAL-1849029-9.jpeg,512,512,262144,1.0,60.03,67.13,255,0,255,60.03,60.03,60.03,0
OCT,test,NORMAL,NORMAL-1853526-2.jpeg,512,496,253952,1.032,56.3,63.41,255,0,255,56.3,56.3,56.3,0
OCT,test,NORMAL,NORMAL-1855288-13.jpeg,768,496,380928,1.548,38.18,41.25,255,0,255,38.18,38.18,38.18,0
OCT,test,NORMAL,NORMAL-1855288-14.jpeg,512,496,253952,1.032,52.28,51.97,255,0,255,52.28,52.28,52.28,0
OCT,test,NORMAL,NORMAL-1858252-5.jpeg,512,496,253952,1.032,35.5,38.71,255,0,255,35.5,35.5,35.5,0
OCT,test,NORMAL,NORMAL-1858252-6.jpeg,512,496,253952,1.032,34.1,38.45,255,0,255,34.1,34.1,34.1,0
OCT,test,NORMAL,NORMAL-1858286-5.jpeg,512,496,253952,1.032,41.34,43.7,255,0,255,41.34,41.34,41.34,0
OCT,test,NORMAL,NORMAL-1860310-1.jpeg,768,496,380928,1.548,38.38,38.25,255,0,255,38.38,38.38,38.38,0
OCT,test,NORMAL,NORMAL-1860310-11.jpeg,512,496,253952,1.032,51.29,47.64,255,0,255,51.29,51.29,51.29,0
OCT,test,NORMAL,NORMAL-1860310-12.jpeg,768,496,380928,1.548,28.93,29.22,255,0,255,28.93,28.93,28.93,0
OCT,test,NORMAL,NORMAL-1860310-17.jpeg,768,496,380928,1.548,21.05,21.64,255,0,255,21.05,21.05,21.05,0
OCT,test,NORMAL,NORMAL-1860373-1.jpeg,512,496,253952,1.032,39.68,38.94,255,0,255,39.68,39.68,39.68,0
OCT,test,NORMAL,NORMAL-1860475-5.jpeg,768,496,380928,1.548,30.26,36.57,255,0,255,30.26,30.26,30.26,0
OCT,test,NORMAL,NORMAL-1863778-14.jpeg,512,496,253952,1.032,44.01,49.68,255,0,255,44.01,44.01,44.01,0
OCT,test,NORMAL,NORMAL-1863778-16.jpeg,512,496,253952,1.032,53.27,65.47,255,0,255,53.27,53.27,53.27,0
OCT,test,NORMAL,NORMAL-1872318-2.jpeg,512,496,253952,1.032,39.13,40.23,255,0,255,39.13,39.13,39.13,0
OCT,test,NORMAL,NORMAL-1872318-3.jpeg,512,496,253952,1.032,42.96,50.37,255,0,255,42.96,42.96,42.96,0
OCT,test,NORMAL,NORMAL-1872318-6.jpeg,768,496,380928,1.548,32.52,32.41,255,0,255,32.52,32.52,32.52,0
OCT,test,NORMAL,NORMAL-1884968-13.jpeg,512,512,262144,1.0,55.28,63.81,255,0,255,55.28,55.28,55.28,0
OCT,test,NORMAL,NORMAL-1884968-4.jpeg,512,512,262144,1.0,67.63,71.7,255,0,255,67.63,67.63,67.63,0
OCT,test,NORMAL,NORMAL-1884968-5.jpeg,512,512,262144,1.0,57.29,67.77,255,0,255,57.29,57.29,57.29,0
OCT,test,NORMAL,NORMAL-1884968-7.jpeg,512,512,262144,1.0,44.73,52.22,255,0,255,44.73,44.73,44.73,0
OCT,test,NORMAL,NORMAL-1888479-11.jpeg,1536,496,761856,3.097,37.89,34.96,255,0,255,37.89,37.89,37.89,0
OCT,test,NORMAL,NORMAL-1888479-18.jpeg,512,496,253952,1.032,65.83,65.45,255,0,255,65.83,65.83,65.83,0
OCT,test,NORMAL,NORMAL-1888479-30.jpeg,768,496,380928,1.548,44.29,41.42,255,0,255,44.29,44.29,44.29,0
OCT,test,NORMAL,NORMAL-1888479-4.jpeg,512,496,253952,1.032,67.01,68.46,255,0,255,67.01,67.01,67.01,0
OCT,test,NORMAL,NORMAL-1888479-9.jpeg,512,496,253952,1.032,53.78,48.26,255,0,255,53.78,53.78,53.78,0
OCT,test,NORMAL,NORMAL-1888857-10.jpeg,512,496,253952,1.032,43.04,49.54,255,0,255,43.04,43.04,43.04,0
OCT,test,NORMAL,NORMAL-1888857-14.jpeg,512,496,253952,1.032,31.67,35.24,255,0,255,31.67,31.67,31.67,0
OCT,test,NORMAL,NORMAL-1892475-2.jpeg,1536,496,761856,3.097,24.99,28.85,255,0,255,24.99,24.99,24.99,0
OCT,test,NORMAL,NORMAL-1892475-4.jpeg,512,496,253952,1.032,103.21,96.28,255,0,255,103.21,103.21,103.21,0
OCT,test,NORMAL,NORMAL-1893853-1.jpeg,768,496,380928,1.548,40.71,42.14,255,0,255,40.71,40.71,40.71,0
OCT,test,NORMAL,NORMAL-1896542-2.jpeg,512,496,253952,1.032,43.76,60.01,255,0,255,43.76,43.76,43.76,0
OCT,test,NORMAL,NORMAL-1897894-1.jpeg,512,496,253952,1.032,41.59,54.63,255,0,255,41.59,41.59,41.59,0
OCT,test,NORMAL,NORMAL-190271-4.jpeg,512,496,253952,1.032,40.29,52.17,255,0,255,40.29,40.29,40.29,0
OCT,test,NORMAL,NORMAL-1905017-3.jpeg,512,496,253952,1.032,45.1,58.31,255,0,255,45.1,45.1,45.1,0
OCT,test,NORMAL,NORMAL-1906826-5.jpeg,512,496,253952,1.032,55.9,67.6,255,0,255,55.9,55.9,55.9,0
OCT,test,NORMAL,NORMAL-1907560-1.jpeg,512,512,262144,1.0,107.36,101.93,255,0,255,107.36,107.36,107.36,0
OCT,test,NORMAL,NORMAL-1907560-2.jpeg,512,512,262144,1.0,69.01,88.9,255,0,255,69.01,69.01,69.01,0
OCT,test,NORMAL,NORMAL-1907560-24.jpeg,512,512,262144,1.0,90.7,94.98,255,0,255,90.7,90.7,90.7,0
OCT,test,NORMAL,NORMAL-1907560-27.jpeg,512,512,262144,1.0,100.55,95.69,255,0,255,100.55,100.55,100.55,0
OCT,test,NORMAL,NORMAL-1907560-37.jpeg,512,512,262144,1.0,76.65,83.87,255,0,255,76.65,76.65,76.65,0
OCT,test,NORMAL,NORMAL-1907560-38.jpeg,512,512,262144,1.0,80.79,85.84,255,0,255,80.79,80.79,80.79,0
OCT,test,NORMAL,NORMAL-1907560-41.jpeg,512,512,262144,1.0,56.55,69.76,255,0,255,56.55,56.55,56.55,0
OCT,test,NORMAL,NORMAL-1907560-45.jpeg,512,512,262144,1.0,48.45,64.54,255,0,255,48.45,48.45,48.45,0
OCT,test,NORMAL,NORMAL-1907560-48.jpeg,512,512,262144,1.0,42.21,56.95,255,0,255,42.21,42.21,42.21,0
OCT,test,NORMAL,NORMAL-1907560-5.jpeg,512,512,262144,1.0,46.98,53.8,255,0,255,46.98,46.98,46.98,0
OCT,test,NORMAL,NORMAL-1907560-50.jpeg,512,512,262144,1.0,38.44,48.3,255,0,255,38.44,38.44,38.44,0
OCT,test,NORMAL,NORMAL-1907560-53.jpeg,512,512,262144,1.0,39.27,49.35,255,0,255,39.27,39.27,39.27,0
OCT,test,NORMAL,NORMAL-1907560-54.jpeg,512,512,262144,1.0,76.88,89.41,255,0,255,76.88,76.88,76.88,0
OCT,test,NORMAL,NORMAL-1907560-8.jpeg,512,512,262144,1.0,54.98,67.13,255,0,255,54.98,54.98,54.98,0
OCT,test,NORMAL,NORMAL-1908313-15.jpeg,512,496,253952,1.032,48.49,42.94,255,0,255,48.49,48.49,48.49,0
OCT,test,NORMAL,NORMAL-1908313-4.jpeg,512,496,253952,1.032,37.78,49.71,255,0,255,37.78,37.78,37.78,0
OCT,test,NORMAL,NORMAL-1908313-9.jpeg,512,496,253952,1.032,59.32,57.91,255,0,255,59.32,59.32,59.32,0
OCT,test,NORMAL,NORMAL-1909188-1.jpeg,512,496,253952,1.032,51.08,48.1,255,0,255,51.08,51.08,51.08,0
OCT,test,NORMAL,NORMAL-1909188-2.jpeg,512,496,253952,1.032,54.65,45.49,255,0,255,54.65,54.65,54.65,0
OCT,test,NORMAL,NORMAL-1909188-3.jpeg,768,496,380928,1.548,47.37,46.02,255,0,255,47.37,47.37,47.37,0
OCT,test,NORMAL,NORMAL-1911733-3.jpeg,512,496,253952,1.032,75.2,79.17,255,0,255,75.2,75.2,75.2,0
OCT,test,NORMAL,NORMAL-1911733-5.jpeg,512,496,253952,1.032,38.42,45.0,255,0,255,38.42,38.42,38.42,0
OCT,test,NORMAL,NORMAL-1911733-6.jpeg,768,496,380928,1.548,63.26,82.41,255,0,255,63.26,63.26,63.26,0
OCT,test,NORMAL,NORMAL-1915086-2.jpeg,512,496,253952,1.032,34.4,49.56,255,0,255,34.4,34.4,34.4,0
OCT,test,NORMAL,NORMAL-1920087-5.jpeg,512,496,253952,1.032,42.12,49.82,255,0,255,42.12,42.12,42.12,0
OCT,test,NORMAL,NORMAL-1923967-4.jpeg,768,496,380928,1.548,35.72,35.98,255,0,255,35.72,35.72,35.72,0
OCT,test,NORMAL,NORMAL-1923967-6.jpeg,512,496,253952,1.032,41.14,45.03,255,0,255,41.14,41.14,41.14,0
OCT,test,NORMAL,NORMAL-1924134-13.jpeg,512,496,253952,1.032,39.77,43.62,255,0,255,39.77,39.77,39.77,0
OCT,test,NORMAL,NORMAL-1924134-17.jpeg,512,496,253952,1.032,54.5,68.05,255,0,255,54.5,54.5,54.5,0
OCT,test,NORMAL,NORMAL-1924134-35.jpeg,768,496,380928,1.548,37.19,41.0,255,0,255,37.19,37.19,37.19,0
OCT,test,NORMAL,NORMAL-1924134-39.jpeg,512,496,253952,1.032,41.52,47.47,255,0,255,41.52,41.52,41.52,0
OCT,test,NORMAL,NORMAL-1924134-4.jpeg,512,496,253952,1.032,36.33,42.77,255,0,255,36.33,36.33,36.33,0
OCT,test,NORMAL,NORMAL-1924134-41.jpeg,512,496,253952,1.032,39.14,46.53,255,0,255,39.14,39.14,39.14,0
OCT,test,NORMAL,NORMAL-1924134-51.jpeg,768,496,380928,1.548,31.62,37.82,255,0,255,31.62,31.62,31.62,0
