dataset,split,classe,fichier,largeur_px,hauteur_px,pixels_total,ratio_wh,lum_moyenne,lum_std,contraste,pixel_min,pixel_max,r_mean,g_mean,b_mean,is_augmented
XRAY,train,NORMAL,IM-0005-0001.jpeg,2031,1837,3730947,1.106,136.25,55.4,255,0,255,136.25,136.25,136.25,0
XRAY,train,NORMAL,IM-0006-0001.jpeg,1663,1326,2205138,1.254,148.67,42.32,255,0,255,148.67,148.67,148.67,0
XRAY,train,NORMAL,IM-0007-0001.jpeg,2053,1818,3732354,1.129,137.7,53.97,255,0,255,137.7,137.7,137.7,0
XRAY,train,NORMAL,IM-0009-0001.jpeg,1852,1443,2672436,1.283,143.67,49.15,255,0,255,143.67,143.67,143.67,0
XRAY,train,NORMAL,IM-0011-0001-0002.jpeg,2214,1945,4306230,1.138,133.42,57.96,255,0,255,133.42,133.42,133.42,0
XRAY,train,NORMAL,IM-0011-0001.jpeg,1863,1785,3325455,1.044,126.21,52.8,255,0,255,126.21,126.21,126.21,0
XRAY,train,NORMAL,IM-0015-0001.jpeg,1803,1238,2232114,1.456,136.62,47.55,255,0,255,136.62,136.62,136.62,0
XRAY,train,NORMAL,IM-0016-0001.jpeg,2498,2057,5138386,1.214,134.13,62.22,255,0,255,134.13,134.13,134.13,0
XRAY,train,NORMAL,IM-0017-0001.jpeg,1984,1559,3093056,1.273,139.3,48.15,242,0,242,139.3,139.3,139.3,0
XRAY,train,NORMAL,IM-0022-0001.jpeg,1300,617,802100,2.107,86.49,33.04,255,0,255,86.49,86.49,86.49,0
XRAY,train,NORMAL,IM-0023-0001.jpeg,2022,1384,2798448,1.461,132.69,54.46,255,0,255,132.69,132.69,132.69,0
XRAY,train,NORMAL,IM-0025-0001.jpeg,2720,2458,6685760,1.107,133.16,66.38,255,0,255,133.16,133.16,133.16,0
XRAY,train,NORMAL,IM-0028-0001.jpeg,2522,2124,5356728,1.187,127.74,59.08,255,0,255,127.74,127.74,127.74,0
XRAY,train,NORMAL,IM-0030-0001.jpeg,1647,1314,2164158,1.253,109.65,51.13,255,0,255,109.65,109.65,109.65,0
XRAY,train,NORMAL,IM-0033-0001-0001.jpeg,2170,1953,4238010,1.111,151.9,65.7,255,0,255,151.9,151.9,151.9,0
XRAY,train,NORMAL,IM-0033-0001-0002.jpeg,2024,1836,3716064,1.102,147.58,55.0,255,0,255,147.58,147.58,147.58,0
XRAY,train,NORMAL,IM-0033-0001.jpeg,1658,1534,2543372,1.081,143.44,51.85,255,0,255,143.44,143.44,143.44,0
XRAY,train,NORMAL,IM-0035-0001.jpeg,2480,2329,5775920,1.065,130.8,58.67,255,0,255,130.8,130.8,130.8,0
XRAY,train,NORMAL,IM-0037-0001.jpeg,1741,1504,2618464,1.158,140.3,49.4,255,0,255,140.3,140.3,140.3,0
XRAY,train,NORMAL,IM-0041-0001.jpeg,2022,2071,4187562,0.976,107.91,53.8,255,0,255,107.91,107.91,107.91,0
XRAY,train,NORMAL,IM-0043-0001.jpeg,2297,2032,4667504,1.13,143.48,49.86,255,0,255,143.48,143.48,143.48,0
XRAY,train,NORMAL,IM-0045-0001.jpeg,2746,2382,6540972,1.153,145.05,58.46,255,0,255,145.05,145.05,145.05,0
XRAY,train,NORMAL,IM-0049-0001.jpeg,1762,1060,1867720,1.662,120.63,59.14,255,0,255,120.63,120.63,120.63,0
XRAY,train,NORMAL,IM-0050-0001.jpeg,2752,1882,5179264,1.462,131.46,54.08,255,0,255,131.46,131.46,131.46,0
XRAY,train,NORMAL,IM-0063-0001.jpeg,2034,1761,3581874,1.155,113.51,59.26,255,0,255,113.51,113.51,113.51,0
XRAY,train,NORMAL,IM-0067-0001.jpeg,1572,1125,1768500,1.397,109.07,61.59,255,0,255,109.07,109.07,109.07,0
XRAY,train,NORMAL,IM-0070-0001.jpeg,2034,1392,2831328,1.461,105.58,64.23,255,0,255,105.58,105.58,105.58,0
XRAY,train,NORMAL,IM-0071-0001.jpeg,2060,1558,3209480,1.322,130.28,60.15,255,0,255,130.28,130.28,130.28,0
XRAY,train,NORMAL,IM-0073-0001.jpeg,1322,650,859300,2.034,131.67,53.77,255,0,255,131.67,131.67,131.67,0
XRAY,train,NORMAL,IM-0075-0001.jpeg,1786,1068,1907448,1.672,131.75,59.17,255,0,255,131.75,131.75,131.75,0
XRAY,train,NORMAL,IM-0083-0001.jpeg,1240,925,1147000,1.341,128.0,55.53,255,0,255,128.0,128.0,128.0,0
XRAY,train,NORMAL,IM-0086-0001.jpeg,2006,1461,2930766,1.373,108.93,64.72,255,0,255,108.93,108.93,108.93,0
XRAY,train,NORMAL,IM-0087-0001.jpeg,1890,1357,2564730,1.393,117.66,63.82,249,0,249,117.66,117.66,117.66,0
XRAY,train,NORMAL,IM-0097-0001.jpeg,1558,925,1441150,1.684,122.19,68.03,255,0,255,122.19,122.19,122.19,0
XRAY,train,NORMAL,IM-0099-0001.jpeg,1862,1326,2469012,1.404,109.73,63.94,255,0,255,109.73,109.73,109.73,0
XRAY,train,NORMAL,IM-0101-0001.jpeg,1460,906,1322760,1.611,100.97,62.04,255,0,255,100.97,100.97,100.97,0
XRAY,train,NORMAL,IM-0102-0001.jpeg,1472,863,1270336,1.706,93.49,55.22,255,0,255,93.49,93.49,93.49,0
XRAY,train,NORMAL,IM-0105-0001.jpeg,2022,1299,2626578,1.557,131.45,63.92,255,0,255,131.45,131.45,131.45,0
XRAY,train,NORMAL,IM-0109-0001.jpeg,1802,1110,2000220,1.623,126.97,67.5,255,0,255,126.97,126.97,126.97,0
XRAY,train,NORMAL,IM-0115-0001.jpeg,2090,1858,3883220,1.125,128.91,62.3,255,0,255,128.91,128.91,128.91,0
XRAY,train,NORMAL,IM-0119-0001.jpeg,1810,1434,2595540,1.262,121.97,68.86,255,0,255,121.97,121.97,121.97,0
XRAY,train,NORMAL,IM-0122-0001.jpeg,1618,1279,2069422,1.265,132.99,64.97,255,0,255,132.99,132.99,132.99,0
XRAY,train,NORMAL,IM-0125-0001.jpeg,1600,1125,1800000,1.422,106.22,65.09,255,0,255,106.22,106.22,106.22,0
XRAY,train,NORMAL,IM-0127-0001.jpeg,1974,1306,2578044,1.511,130.38,57.09,255,0,255,130.38,130.38,130.38,0
XRAY,train,NORMAL,IM-0129-0001.jpeg,1384,1167,1615128,1.186,115.64,62.5,255,0,255,115.64,115.64,115.64,0
XRAY,train,NORMAL,IM-0133-0001.jpeg,1468,993,1457724,1.478,109.62,64.76,255,0,255,109.62,109.62,109.62,0
XRAY,train,NORMAL,IM-0135-0001.jpeg,1724,1581,2725644,1.09,120.29,66.41,255,0,255,120.29,120.29,120.29,0
XRAY,train,NORMAL,IM-0137-0001.jpeg,1346,1044,1405224,1.289,127.72,52.74,255,0,255,127.72,127.72,127.72,0
XRAY,train,NORMAL,IM-0145-0001.jpeg,1596,1156,1844976,1.381,119.45,60.45,255,0,255,119.45,119.45,119.45,0
XRAY,train,NORMAL,IM-0149-0001.jpeg,1542,1152,1776384,1.339,119.62,66.8,255,0,255,119.62,119.62,119.62,0
XRAY,train,NORMAL,IM-0151-0001.jpeg,1518,1156,1754808,1.313,101.81,67.02,255,0,255,101.81,101.81,101.81,0
XRAY,train,NORMAL,IM-0152-0001.jpeg,1612,1133,1826396,1.423,129.01,59.38,255,0,255,129.01,129.01,129.01,0
XRAY,train,NORMAL,IM-0158-0001.jpeg,994,758,753452,1.311,105.56,56.45,255,0,255,105.56,105.56,105.56,0
XRAY,train,NORMAL,IM-0160-0001.jpeg,1750,1314,2299500,1.332,128.58,54.7,255,0,255,128.58,128.58,128.58,0
XRAY,train,NORMAL,IM-0162-0001.jpeg,1762,1430,2519660,1.232,116.6,55.78,255,0,255,116.6,116.6,116.6,0
XRAY,train,NORMAL,IM-0164-0001.jpeg,1202,808,971216,1.488,132.56,51.09,255,0,255,132.56,132.56,132.56,0
XRAY,train,NORMAL,IM-0168-0001.jpeg,1534,1187,1820858,1.292,119.24,68.15,255,0,255,119.24,119.24,119.24,0
XRAY,train,NORMAL,IM-0170-0001.jpeg,2148,1496,3213408,1.436,148.97,59.89,255,0,255,148.97,148.97,148.97,0
XRAY,train,NORMAL,IM-0172-0001.jpeg,1876,1893,3551268,0.991,141.03,57.54,255,0,255,141.03,141.03,141.03,0
XRAY,train,NORMAL,IM-0176-0001.jpeg,1680,1557,2615760,1.079,154.88,52.1,255,0,255,154.88,154.88,154.88,0
XRAY,train,NORMAL,IM-0180-0001.jpeg,2136,1650,3524400,1.295,138.4,58.79,255,0,255,138.4,138.4,138.4,0
XRAY,train,NORMAL,IM-0183-0001.jpeg,2338,2025,4734450,1.155,119.3,66.66,255,0,255,119.3,119.3,119.3,0
XRAY,train,NORMAL,IM-0185-0001.jpeg,1458,1190,1735020,1.225,129.65,65.52,255,0,255,129.65,129.65,129.65,0
XRAY,train,NORMAL,IM-0189-0001.jpeg,1466,1109,1625794,1.322,123.03,60.97,255,0,255,123.03,123.03,123.03,0
XRAY,train,NORMAL,IM-0191-0001.jpeg,2164,1746,3778344,1.239,135.78,62.88,255,0,255,135.78,135.78,135.78,0
XRAY,train,NORMAL,IM-0195-0001.jpeg,1774,1546,2742604,1.147,131.73,60.84,255,0,255,131.73,131.73,131.73,0
XRAY,train,NORMAL,IM-0199-0001.jpeg,1506,833,1254498,1.808,121.32,64.45,255,0,255,121.32,121.32,121.32,0
XRAY,train,NORMAL,IM-0201-0001.jpeg,1446,1310,1894260,1.104,102.91,62.21,255,0,255,102.91,102.91,102.91,0
XRAY,train,NORMAL,IM-0203-0001.jpeg,1434,1260,1806840,1.138,121.53,61.47,255,0,255,121.53,121.53,121.53,0
XRAY,train,NORMAL,IM-0205-0001.jpeg,1554,1075,1670550,1.446,104.7,63.15,255,0,255,104.7,104.7,104.7,0
XRAY,train,NORMAL,IM-0206-0001.jpeg,1040,747,776880,1.392,117.34,54.36,255,0,255,117.34,117.34,117.34,0
XRAY,train,NORMAL,IM-0207-0001.jpeg,1426,1049,1495874,1.359,112.82,59.97,255,0,255,112.82,112.82,112.82,0
XRAY,train,NORMAL,IM-0209-0001.jpeg,1164,1021,1188444,1.14,126.32,57.94,255,0,255,126.32,126.32,126.32,0
XRAY,train,NORMAL,IM-0210-0001.jpeg,1688,1105,1865240,1.528,110.79,66.6,255,0,255,110.79,110.79,110.79,0
XRAY,train,NORMAL,IM-0211-0001.jpeg,1642,1245,2044290,1.319,122.22,59.29,255,0,255,122.22,122.22,122.22,0
XRAY,train,NORMAL,IM-0213-0001.jpeg,1928,1303,2512184,1.48,120.42,63.14,255,0,255,120.42,120.42,120.42,0
XRAY,train,NORMAL,IM-0214-0001.jpeg,1522,1221,1858362,1.247,129.22,58.15,255,0,255,129.22,129.22,129.22,0
XRAY,train,NORMAL,IM-0216-0001.jpeg,1944,1367,2657448,1.422,108.21,69.39,255,0,255,108.21,108.21,108.21,0
XRAY,train,NORMAL,IM-0218-0001.jpeg,1678,1654,2775412,1.015,124.91,57.8,255,0,255,124.91,124.91,124.91,0
XRAY,train,NORMAL,IM-0219-0001.jpeg,1592,1272,2025024,1.252,134.64,55.69,255,0,255,134.64,134.64,134.64,0
XRAY,train,NORMAL,IM-0220-0001.jpeg,1484,1399,2076116,1.061,122.86,66.31,255,0,255,122.86,122.86,122.86,0
XRAY,train,NORMAL,IM-0221-0001.jpeg,1804,1480,2669920,1.219,137.94,63.26,255,0,255,137.94,137.94,137.94,0
XRAY,train,NORMAL,IM-0222-0001.jpeg,1604,1179,1891116,1.36,109.44,75.42,255,0,255,109.44,109.44,109.44,0
XRAY,train,NORMAL,IM-0223-0001.jpeg,1852,1433,2653916,1.292,111.02,63.25,255,0,255,111.02,111.02,111.02,0
XRAY,train,NORMAL,IM-0224-0001.jpeg,1766,1287,2272842,1.372,157.47,43.98,255,0,255,157.47,157.47,157.47,0
XRAY,train,NORMAL,IM-0225-0001.jpeg,2214,1974,4370436,1.122,114.47,63.49,255,0,255,114.47,114.47,114.47,0
XRAY,train,NORMAL,IM-0227-0001.jpeg,1870,1612,3014440,1.16,114.35,61.41,255,0,255,114.35,114.35,114.35,0
XRAY,train,NORMAL,IM-0228-0001.jpeg,1608,1175,1889400,1.369,121.25,83.1,255,0,255,121.25,121.25,121.25,0
XRAY,train,NORMAL,IM-0229-0001.jpeg,1442,1101,1587642,1.31,115.64,63.56,255,0,255,115.64,115.64,115.64,0
XRAY,train,NORMAL,IM-0231-0001.jpeg,1650,1437,2371050,1.148,132.43,54.18,255,0,255,132.43,132.43,132.43,0
XRAY,train,NORMAL,IM-0234-0001.jpeg,1550,1075,1666250,1.442,104.11,70.04,255,0,255,104.11,104.11,104.11,0
XRAY,train,NORMAL,IM-0235-0001.jpeg,1816,1500,2724000,1.211,115.38,63.98,255,0,255,115.38,115.38,115.38,0
XRAY,train,NORMAL,IM-0236-0001.jpeg,1442,974,1404508,1.48,100.11,65.59,255,0,255,100.11,100.11,100.11,0
XRAY,train,NORMAL,IM-0237-0001.jpeg,1790,1140,2040600,1.57,109.92,68.48,255,0,255,109.92,109.92,109.92,0
XRAY,train,NORMAL,IM-0238-0001.jpeg,1464,1051,1538664,1.393,110.45,57.85,255,0,255,110.45,110.45,110.45,0
XRAY,train,NORMAL,IM-0239-0001.jpeg,1690,1314,2220660,1.286,92.89,64.78,255,0,255,92.89,92.89,92.89,0
XRAY,train,NORMAL,IM-0240-0001.jpeg,1944,1708,3320352,1.138,120.32,62.47,255,0,255,120.32,120.32,120.32,0
XRAY,train,NORMAL,IM-0241-0001.jpeg,1806,1392,2513952,1.297,119.67,62.4,255,0,255,119.67,119.67,119.67,0
XRAY,train,NORMAL,IM-0242-0001.jpeg,1844,1468,2706992,1.256,133.31,55.64,255,0,255,133.31,133.31,133.31,0
XRAY,train,NORMAL,IM-0243-0001.jpeg,1936,1677,3246672,1.154,117.16,65.94,255,0,255,117.16,117.16,117.16,0
XRAY,train,NORMAL,IM-0244-0001.jpeg,1354,1024,1386496,1.322,110.85,63.98,255,0,255,110.85,110.85,110.85,0
XRAY,train,NORMAL,IM-0245-0001.jpeg,1724,1480,2551520,1.165,125.93,57.6,255,0,255,125.93,125.93,125.93,0
XRAY,train,NORMAL,IM-0248-0001.jpeg,1608,1228,1974624,1.309,87.27,60.2,255,0,255,87.27,87.27,87.27,0
XRAY,train,NORMAL,IM-0249-0001.jpeg,2396,1990,4768040,1.204,118.58,71.68,255,0,255,118.58,118.58,118.58,0
XRAY,train,NORMAL,IM-0250-0001.jpeg,1550,1368,2120400,1.133,125.91,53.48,255,0,255,125.91,125.91,125.91,0
XRAY,train,NORMAL,IM-0251-0001.jpeg,1812,1206,2185272,1.502,126.46,62.22,255,0,255,126.46,126.46,126.46,0
XRAY,train,NORMAL,IM-0253-0001.jpeg,1720,1306,2246320,1.317,121.74,68.74,255,0,255,121.74,121.74,121.74,0
XRAY,train,NORMAL,IM-0256-0001.jpeg,1562,1086,1696332,1.438,102.72,67.93,255,0,255,102.72,102.72,102.72,0
XRAY,train,NORMAL,IM-0257-0001.jpeg,1682,1418,2385076,1.186,115.58,62.91,255,0,255,115.58,115.58,115.58,0
XRAY,train,NORMAL,IM-0261-0001.jpeg,1596,1330,2122680,1.2,133.49,57.55,255,0,255,133.49,133.49,133.49,0
XRAY,train,NORMAL,IM-0264-0001.jpeg,1810,1545,2796450,1.172,98.52,74.09,255,0,255,98.52,98.52,98.52,0
XRAY,train,NORMAL,IM-0265-0001.jpeg,1616,1109,1792144,1.457,90.3,64.25,255,0,255,90.3,90.3,90.3,0
XRAY,train,NORMAL,IM-0266-0001.jpeg,1848,1495,2762760,1.236,113.85,68.09,255,0,255,113.85,113.85,113.85,0
XRAY,train,NORMAL,IM-0269-0001.jpeg,2002,1786,3575572,1.121,147.61,56.25,255,0,255,147.61,147.61,147.61,0
XRAY,train,NORMAL,IM-0270-0001.jpeg,1346,1109,1492714,1.214,122.79,55.62,255,0,255,122.79,122.79,122.79,0
XRAY,train,NORMAL,IM-0274-0001.jpeg,1704,1449,2469096,1.176,133.99,55.43,255,0,255,133.99,133.99,133.99,0
XRAY,train,NORMAL,IM-0278-0001.jpeg,1766,1503,2654298,1.175,130.02,60.38,255,0,255,130.02,130.02,130.02,0
XRAY,train,NORMAL,IM-0279-0001.jpeg,1616,1121,1811536,1.442,115.97,71.06,255,0,255,115.97,115.97,115.97,0
XRAY,train,NORMAL,IM-0280-0001.jpeg,1728,1222,2111616,1.414,102.67,64.96,255,0,255,102.67,102.67,102.67,0
XRAY,train,NORMAL,IM-0282-0001.jpeg,1588,1372,2178736,1.157,115.73,59.22,255,0,255,115.73,115.73,115.73,0
XRAY,train,NORMAL,IM-0283-0001.jpeg,1936,1612,3120832,1.201,110.12,57.55,255,0,255,110.12,110.12,110.12,0
XRAY,train,NORMAL,IM-0285-0001.jpeg,1426,1101,1570026,1.295,126.8,60.87,255,0,255,126.8,126.8,126.8,0
XRAY,train,NORMAL,IM-0286-0001.jpeg,1982,1804,3575528,1.099,126.1,63.32,255,0,255,126.1,126.1,126.1,0
XRAY,train,NORMAL,IM-0288-0001.jpeg,1438,1140,1639320,1.261,127.71,56.47,255,0,255,127.71,127.71,127.71,0
XRAY,train,NORMAL,IM-0291-0001.jpeg,1518,1005,1525590,1.51,106.8,69.17,255,0,255,106.8,106.8,106.8,0
XRAY,train,NORMAL,IM-0292-0001.jpeg,1858,1500,2787000,1.239,120.67,61.65,255,0,255,120.67,120.67,120.67,0
XRAY,train,NORMAL,IM-0293-0001.jpeg,1438,1059,1522842,1.358,114.97,55.62,255,0,255,114.97,114.97,114.97,0
XRAY,train,NORMAL,IM-0294-0001.jpeg,1700,1383,2351100,1.229,134.73,63.84,255,0,255,134.73,134.73,134.73,0
XRAY,train,NORMAL,IM-0295-0001.jpeg,1828,1511,2762108,1.21,108.14,59.62,255,0,255,108.14,108.14,108.14,0
XRAY,train,NORMAL,IM-0297-0001.jpeg,1708,1415,2416820,1.207,143.14,61.07,255,0,255,143.14,143.14,143.14,0
XRAY,train,NORMAL,IM-0298-0001.jpeg,1704,1487,2533848,1.146,138.51,56.15,255,0,255,138.51,138.51,138.51,0
XRAY,train,NORMAL,IM-0301-0001.jpeg,1708,1267,2164036,1.348,102.49,60.96,255,0,255,102.49,102.49,102.49,0
XRAY,train,NORMAL,IM-0302-0001.jpeg,1430,1128,1613040,1.268,142.37,55.84,255,0,255,142.37,142.37,142.37,0
XRAY,train,NORMAL,IM-0304-0001.jpeg,1472,978,1439616,1.505,99.39,61.7,255,0,255,99.39,99.39,99.39,0
XRAY,train,NORMAL,IM-0305-0001.jpeg,1304,1097,1430488,1.189,120.83,57.66,255,0,255,120.83,120.83,120.83,0
XRAY,train,NORMAL,IM-0306-0001.jpeg,1380,1040,1435200,1.327,129.29,52.28,255,0,255,129.29,129.29,129.29,0
XRAY,train,NORMAL,IM-0307-0001.jpeg,1766,1557,2749662,1.134,126.61,62.12,255,0,255,126.61,126.61,126.61,0
XRAY,train,NORMAL,IM-0309-0001.jpeg,2144,1805,3869920,1.188,119.78,60.57,255,0,255,119.78,119.78,119.78,0
XRAY,train,NORMAL,IM-0311-0001.jpeg,1268,885,1122180,1.433,118.46,64.91,255,0,255,118.46,118.46,118.46,0
XRAY,train,NORMAL,IM-0312-0001.jpeg,1508,1093,1648244,1.38,112.8,62.84,255,0,255,112.8,112.8,112.8,0
XRAY,train,NORMAL,IM-0314-0001.jpeg,1014,846,857844,1.199,131.67,58.34,255,0,255,131.67,131.67,131.67,0
XRAY,train,NORMAL,IM-0318-0001.jpeg,1634,1210,1977140,1.35,129.6,60.52,255,0,255,129.6,129.6,129.6,0
XRAY,train,NORMAL,IM-0319-0001.jpeg,1292,1225,1582700,1.055,124.58,51.04,255,0,255,124.58,124.58,124.58,0
XRAY,train,NORMAL,IM-0323-0001.jpeg,1824,1430,2608320,1.276,131.79,55.6,255,0,255,131.79,131.79,131.79,0
XRAY,train,NORMAL,IM-0325-0001.jpeg,1504,1174,1765696,1.281,118.89,65.36,255,0,255,118.89,118.89,118.89,0
XRAY,train,NORMAL,IM-0330-0001.jpeg,1422,1191,1693602,1.194,129.04,60.81,255,0,255,129.04,129.04,129.04,0
XRAY,train,NORMAL,IM-0331-0001.jpeg,1360,1341,1823760,1.014,130.79,72.53,255,0,255,130.79,130.79,130.79,0
XRAY,train,NORMAL,IM-0338-0001.jpeg,1746,1392,2430432,1.254,102.43,61.59,255,0,255,102.43,102.43,102.43,0
XRAY,train,NORMAL,IM-0339-0001.jpeg,1792,1623,2908416,1.104,128.16,58.74,255,0,255,128.16,128.16,128.16,0
XRAY,train,NORMAL,IM-0340-0001.jpeg,1840,1480,2723200,1.243,118.96,68.18,255,0,255,118.96,118.96,118.96,0
XRAY,train,NORMAL,IM-0341-0001.jpeg,1654,1364,2256056,1.213,123.1,58.3,255,0,255,123.1,123.1,123.1,0
XRAY,train,NORMAL,IM-0343-0001.jpeg,1588,1217,1932596,1.305,118.17,56.57,255,0,255,118.17,118.17,118.17,0
XRAY,train,NORMAL,IM-0348-0001.jpeg,1388,1063,1475444,1.306,133.21,58.77,255,0,255,133.21,133.21,133.21,0
XRAY,train,NORMAL,IM-0349-0001.jpeg,1592,1329,2115768,1.198,125.11,66.83,255,0,255,125.11,125.11,125.11,0
XRAY,train,NORMAL,IM-0350-0001.jpeg,1392,998,1389216,1.395,119.98,77.08,255,0,255,119.98,119.98,119.98,0
XRAY,train,NORMAL,IM-0351-0001.jpeg,1774,1588,2817112,1.117,121.4,62.1,255,0,255,121.4,121.4,121.4,0
XRAY,train,NORMAL,IM-0355-0001.jpeg,1372,1109,1521548,1.237,122.89,54.38,255,0,255,122.89,122.89,122.89,0
XRAY,train,NORMAL,IM-0356-0001.jpeg,1300,974,1266200,1.335,103.83,51.09,255,0,255,103.83,103.83,103.83,0
XRAY,train,NORMAL,IM-0357-0001.jpeg,2064,1951,4026864,1.058,121.96,62.29,255,0,255,121.96,121.96,121.96,0
XRAY,train,NORMAL,IM-0358-0001.jpeg,1646,1299,2138154,1.267,109.87,58.91,255,0,255,109.87,109.87,109.87,0
XRAY,train,NORMAL,IM-0361-0001.jpeg,1570,1156,1814920,1.358,121.35,65.73,255,0,255,121.35,121.35,121.35,0
XRAY,train,NORMAL,IM-0362-0001.jpeg,1582,1183,1871506,1.337,125.46,61.94,255,0,255,125.46,125.46,125.46,0
XRAY,train,NORMAL,IM-0364-0001.jpeg,1396,1001,1397396,1.395,118.46,64.98,255,0,255,118.46,118.46,118.46,0
XRAY,train,NORMAL,IM-0365-0001.jpeg,1600,1229,1966400,1.302,116.33,59.35,255,0,255,116.33,116.33,116.33,0
XRAY,train,NORMAL,IM-0367-0001.jpeg,1472,1171,1723712,1.257,121.17,68.0,255,0,255,121.17,121.17,121.17,0
XRAY,train,NORMAL,IM-0368-0001.jpeg,1426,1164,1659864,1.225,122.73,57.85,255,0,255,122.73,122.73,122.73,0
XRAY,train,NORMAL,IM-0369-0001.jpeg,1396,1024,1429504,1.363,135.09,57.8,255,0,255,135.09,135.09,135.09,0
XRAY,train,NORMAL,IM-0370-0001.jpeg,1114,832,926848,1.339,124.97,55.27,255,0,255,124.97,124.97,124.97,0
XRAY,train,NORMAL,IM-0371-0001.jpeg,2024,2036,4120864,0.994,138.96,60.7,255,0,255,138.96,138.96,138.96,0
XRAY,train,NORMAL,IM-0372-0001.jpeg,1790,1654,2960660,1.082,129.62,56.71,255,0,255,129.62,129.62,129.62,0
XRAY,train,NORMAL,IM-0374-0001.jpeg,1744,1402,2445088,1.244,153.83,66.46,255,0,255,153.83,153.83,153.83,0
XRAY,train,NORMAL,IM-0375-0001.jpeg,1816,1627,2954632,1.116,113.19,60.03,255,0,255,113.19,113.19,113.19,0
XRAY,train,NORMAL,IM-0381-0001.jpeg,1744,1388,2420672,1.256,119.08,60.31,255,0,255,119.08,119.08,119.08,0
XRAY,train,NORMAL,IM-0383-0001.jpeg,1472,1318,1940096,1.117,128.75,64.68,255,0,255,128.75,128.75,128.75,0
XRAY,train,NORMAL,IM-0385-0001.jpeg,1712,1330,2276960,1.287,121.39,63.9,255,0,255,121.39,121.39,121.39,0
XRAY,train,NORMAL,IM-0386-0001.jpeg,1550,1302,2018100,1.19,117.97,61.12,255,0,255,117.97,117.97,117.97,0
XRAY,train,NORMAL,IM-0387-0001.jpeg,1920,1801,3457920,1.066,120.17,63.13,255,0,255,120.17,120.17,120.17,0
XRAY,train,NORMAL,IM-0388-0001.jpeg,1680,1353,2273040,1.242,119.37,57.59,255,0,255,119.37,119.37,119.37,0
XRAY,train,NORMAL,IM-0389-0001.jpeg,1530,1028,1572840,1.488,130.78,67.2,255,0,255,130.78,130.78,130.78,0
XRAY,train,NORMAL,IM-0392-0001.jpeg,1442,1059,1527078,1.362,101.98,62.13,255,0,255,101.98,101.98,101.98,0
XRAY,train,NORMAL,IM-0393-0001.jpeg,1754,1221,2141634,1.437,91.65,74.38,255,0,255,91.65,91.65,91.65,0
XRAY,train,NORMAL,IM-0400-0001.jpeg,1446,1082,1564572,1.336,114.57,64.43,255,0,255,114.57,114.57,114.57,0
XRAY,train,NORMAL,IM-0401-0001.jpeg,1820,1670,3039400,1.09,135.83,57.05,255,0,255,135.83,135.83,135.83,0
XRAY,train,NORMAL,IM-0408-0001.jpeg,1442,1148,1655416,1.256,131.6,58.65,255,0,255,131.6,131.6,131.6,0
XRAY,train,NORMAL,IM-0410-0001.jpeg,1632,1375,2244000,1.187,126.09,60.93,255,0,255,126.09,126.09,126.09,0
XRAY,train,NORMAL,IM-0411-0001.jpeg,1728,1518,2623104,1.138,113.07,67.01,255,0,255,113.07,113.07,113.07,0
XRAY,train,NORMAL,IM-0413-0001.jpeg,2318,2411,5588698,0.961,115.15,62.35,255,0,255,115.15,115.15,115.15,0
XRAY,train,NORMAL,IM-0414-0001.jpeg,1450,1287,1866150,1.127,118.67,58.37,255,0,255,118.67,118.67,118.67,0
XRAY,train,NORMAL,IM-0416-0001.jpeg,1808,1418,2563744,1.275,128.34,51.87,255,0,255,128.34,128.34,128.34,0
XRAY,train,NORMAL,IM-0417-0001.jpeg,1786,1500,2679000,1.191,114.07,65.66,255,0,255,114.07,114.07,114.07,0
XRAY,train,NORMAL,IM-0421-0001.jpeg,1574,1129,1777046,1.394,107.17,59.13,255,0,255,107.17,107.17,107.17,0
XRAY,train,NORMAL,IM-0424-0001.jpeg,1368,1078,1474704,1.269,126.6,64.58,255,0,255,126.6,126.6,126.6,0
XRAY,train,NORMAL,IM-0425-0001.jpeg,1850,1314,2430900,1.408,106.36,61.93,255,0,255,106.36,106.36,106.36,0
XRAY,train,NORMAL,IM-0427-0001.jpeg,1828,1357,2480596,1.347,133.99,65.5,255,0,255,133.99,133.99,133.99,0
XRAY,train,NORMAL,IM-0428-0001.jpeg,1562,1348,2105576,1.159,147.67,61.86,255,0,255,147.67,147.67,147.67,0
XRAY,train,NORMAL,IM-0429-0001-0001.jpeg,1918,1569,3009342,1.222,122.98,64.5,255,0,255,122.98,122.98,122.98,0
XRAY,train,NORMAL,IM-0429-0001.jpeg,1964,1692,3323088,1.161,113.46,54.62,255,0,255,113.46,113.46,113.46,0
XRAY,train,NORMAL,IM-0430-0001.jpeg,1438,1082,1555916,1.329,126.76,62.34,255,0,255,126.76,126.76,126.76,0
XRAY,train,NORMAL,IM-0431-0001.jpeg,1678,1414,2372692,1.187,125.86,61.19,255,0,255,125.86,125.86,125.86,0
XRAY,train,NORMAL,IM-0434-0001.jpeg,2214,1715,3797010,1.291,134.31,58.48,255,0,255,134.31,134.31,134.31,0
XRAY,train,NORMAL,IM-0435-0001-0001.jpeg,1512,1209,1828008,1.251,90.82,57.27,255,0,255,90.82,90.82,90.82,0
XRAY,train,NORMAL,IM-0435-0001.jpeg,1130,831,939030,1.36,125.33,54.9,255,0,255,125.33,125.33,125.33,0
XRAY,train,NORMAL,IM-0437-0001-0002.jpeg,1508,1152,1737216,1.309,127.62,62.57,255,0,255,127.62,127.62,127.62,0
XRAY,train,NORMAL,IM-0437-0001.jpeg,1410,1179,1662390,1.196,107.15,53.46,255,0,255,107.15,107.15,107.15,0
XRAY,train,NORMAL,IM-0438-0001.jpeg,1904,1422,2707488,1.339,126.5,64.83,255,0,255,126.5,126.5,126.5,0
XRAY,train,NORMAL,IM-0439-0001-0001.jpeg,1766,1380,2437080,1.28,128.91,61.45,255,0,255,128.91,128.91,128.91,0
XRAY,train,NORMAL,IM-0439-0001-0002.jpeg,1368,1032,1411776,1.326,117.71,62.23,255,0,255,117.71,117.71,117.71,0
XRAY,train,NORMAL,IM-0439-0001.jpeg,1816,1558,2829328,1.166,136.34,61.08,255,0,255,136.34,136.34,136.34,0
XRAY,train,NORMAL,IM-0442-0001.jpeg,1510,1352,2041520,1.117,135.75,60.88,255,0,255,135.75,135.75,135.75,0
XRAY,train,NORMAL,IM-0444-0001.jpeg,1928,1754,3381712,1.099,110.75,62.57,255,0,255,110.75,110.75,110.75,0
XRAY,train,NORMAL,IM-0445-0001.jpeg,1762,1506,2653572,1.17,125.85,61.21,255,0,255,125.85,125.85,125.85,0
XRAY,train,NORMAL,IM-0447-0001.jpeg,1840,1499,2758160,1.227,116.78,61.91,255,0,255,116.78,116.78,116.78,0
XRAY,train,NORMAL,IM-0448-0001.jpeg,1954,1279,2499166,1.528,98.52,60.09,255,0,255,98.52,98.52,98.52,0
XRAY,train,NORMAL,IM-0449-0001.jpeg,1638,1236,2024568,1.325,129.11,60.78,255,0,255,129.11,129.11,129.11,0
XRAY,train,NORMAL,IM-0450-0001.jpeg,1678,1480,2483440,1.134,118.18,59.99,255,0,255,118.18,118.18,118.18,0
XRAY,train,NORMAL,IM-0451-0001.jpeg,1850,1746,3230100,1.06,113.39,60.89,255,0,255,113.39,113.39,113.39,0
XRAY,train,NORMAL,IM-0453-0001.jpeg,1762,1715,3021830,1.027,90.31,68.27,255,0,255,90.31,90.31,90.31,0
XRAY,train,NORMAL,IM-0456-0001.jpeg,1812,1693,3067716,1.07,113.79,52.98,255,0,255,113.79,113.79,113.79,0
XRAY,train,NORMAL,IM-0457-0001.jpeg,2090,1785,3730650,1.171,126.17,65.96,255,0,255,126.17,126.17,126.17,0
XRAY,train,NORMAL,IM-0460-0001.jpeg,1654,1259,2082386,1.314,123.75,58.88,255,0,255,123.75,123.75,123.75,0
XRAY,train,NORMAL,IM-0461-0001.jpeg,1704,1341,2285064,1.271,118.54,65.34,255,0,255,118.54,118.54,118.54,0
XRAY,train,NORMAL,IM-0464-0001.jpeg,1770,1353,2394810,1.308,111.3,70.85,255,0,255,111.3,111.3,111.3,0
XRAY,train,NORMAL,IM-0465-0001.jpeg,1750,1334,2334500,1.312,124.83,64.74,255,0,255,124.83,124.83,124.83,0
XRAY,train,NORMAL,IM-0466-0001.jpeg,1600,1264,2022400,1.266,128.51,52.45,255,0,255,128.51,128.51,128.51,0
XRAY,train,NORMAL,IM-0467-0001-0001.jpeg,1912,1739,3324968,1.099,105.17,69.21,255,0,255,105.17,105.17,105.17,0
XRAY,train,NORMAL,IM-0467-0001-0002.jpeg,1634,1372,2241848,1.191,124.75,68.31,255,0,255,124.75,124.75,124.75,0
XRAY,train,NORMAL,IM-0467-0001.jpeg,2114,1866,3944724,1.133,106.9,68.29,255,0,255,106.9,106.9,106.9,0
XRAY,train,NORMAL,IM-0471-0001.jpeg,2080,1781,3704480,1.168,139.31,59.49,255,0,255,139.31,139.31,139.31,0
XRAY,train,NORMAL,IM-0472-0001.jpeg,1616,1318,2129888,1.226,145.05,51.58,255,0,255,145.05,145.05,145.05,0
XRAY,train,NORMAL,IM-0473-0001.jpeg,1558,1179,1836882,1.321,132.05,61.5,255,0,255,132.05,132.05,132.05,0
XRAY,train,NORMAL,IM-0474-0001.jpeg,1472,1013,1491136,1.453,132.9,67.13,255,0,255,132.9,132.9,132.9,0
XRAY,train,NORMAL,IM-0475-0001.jpeg,1736,1345,2334920,1.291,126.02,61.6,255,0,255,126.02,126.02,126.02,0
XRAY,train,NORMAL,IM-0476-0001.jpeg,1558,1048,1632784,1.487,126.03,65.41,255,0,255,126.03,126.03,126.03,0
XRAY,train,NORMAL,IM-0478-0001.jpeg,1676,1561,2616236,1.074,128.48,59.49,255,0,255,128.48,128.48,128.48,0
XRAY,train,NORMAL,IM-0479-0001.jpeg,1438,927,1333026,1.551,126.77,69.54,255,0,255,126.77,126.77,126.77,0
XRAY,train,NORMAL,IM-0481-0001.jpeg,1222,970,1185340,1.26,111.14,54.52,255,0,255,111.14,111.14,111.14,0
XRAY,train,NORMAL,IM-0482-0001.jpeg,1252,1028,1287056,1.218,117.89,56.62,255,0,255,117.89,117.89,117.89,0
XRAY,train,NORMAL,IM-0483-0001.jpeg,1690,1167,1972230,1.448,135.54,58.49,255,0,255,135.54,135.54,135.54,0
XRAY,train,NORMAL,IM-0485-0001.jpeg,1404,1059,1486836,1.326,130.3,54.75,255,0,255,130.3,130.3,130.3,0
XRAY,train,NORMAL,IM-0486-0001.jpeg,1808,1488,2690304,1.215,121.01,66.9,255,0,255,121.01,121.01,121.01,0
XRAY,train,NORMAL,IM-0487-0001.jpeg,1778,1461,2597658,1.217,135.11,68.62,255,0,255,135.11,135.11,135.11,0
XRAY,train,NORMAL,IM-0488-0001.jpeg,1280,909,1163520,1.408,121.08,60.01,255,0,255,121.08,121.08,121.08,0
XRAY,train,NORMAL,IM-0490-0001.jpeg,2226,2013,4480938,1.106,126.67,57.2,255,0,255,126.67,126.67,126.67,0
XRAY,train,NORMAL,IM-0491-0001-0001.jpeg,1584,1295,2051280,1.223,129.98,63.9,255,0,255,129.98,129.98,129.98,0
XRAY,train,NORMAL,IM-0491-0001-0002.jpeg,1604,1414,2268056,1.134,130.05,74.69,255,0,255,130.05,130.05,130.05,0
XRAY,train,NORMAL,IM-0493-0001.jpeg,2260,2237,5055620,1.01,93.47,55.55,255,0,255,93.47,93.47,93.47,0
XRAY,train,NORMAL,IM-0496-0001.jpeg,1824,1426,2601024,1.279,150.19,53.75,255,0,255,150.19,150.19,150.19,0
XRAY,train,NORMAL,IM-0497-0001-0001.jpeg,1284,1013,1300692,1.268,131.05,57.02,255,0,255,131.05,131.05,131.05,0
XRAY,train,NORMAL,IM-0497-0001-0002.jpeg,1932,1561,3015852,1.238,118.58,60.2,255,0,255,118.58,118.58,118.58,0
XRAY,train,NORMAL,IM-0497-0001.jpeg,1338,1194,1597572,1.121,131.22,55.09,255,0,255,131.22,131.22,131.22,0
XRAY,train,NORMAL,IM-0499-0001-0001.jpeg,1582,1056,1670592,1.498,117.28,62.88,255,0,255,117.28,117.28,117.28,0
XRAY,train,NORMAL,IM-0499-0001-0002.jpeg,1446,1391,2011386,1.04,126.46,59.89,255,0,255,126.46,126.46,126.46,0
XRAY,train,NORMAL,IM-0499-0001.jpeg,1674,1493,2499282,1.121,132.5,58.46,255,0,255,132.5,132.5,132.5,0
XRAY,train,NORMAL,IM-0500-0001.jpeg,1400,1239,1734600,1.13,127.35,69.69,255,0,255,127.35,127.35,127.35,0
XRAY,train,NORMAL,IM-0501-0001-0001.jpeg,1364,1051,1433564,1.298,123.48,64.64,255,0,255,123.48,123.48,123.48,0
XRAY,train,NORMAL,IM-0501-0001.jpeg,1870,1905,3562350,0.982,122.51,58.37,255,0,255,122.51,122.51,122.51,0
XRAY,train,NORMAL,IM-0502-0001.jpeg,2156,1936,4174016,1.114,159.59,64.9,255,0,255,159.59,159.59,159.59,0
XRAY,train,NORMAL,IM-0503-0001.jpeg,1504,1171,1761184,1.284,122.83,60.56,255,0,255,122.83,122.83,122.83,0
XRAY,train,NORMAL,IM-0504-0001.jpeg,1554,1449,2251746,1.072,110.99,68.18,255,0,255,110.99,110.99,110.99,0
XRAY,train,NORMAL,IM-0505-0001-0001.jpeg,1400,1221,1709400,1.147,132.35,62.25,255,0,255,132.35,132.35,132.35,0
XRAY,train,NORMAL,IM-0505-0001-0002.jpeg,1314,1171,1538694,1.122,103.99,51.95,255,0,255,103.99,103.99,103.99,0
XRAY,train,NORMAL,IM-0505-0001.jpeg,1696,1330,2255680,1.275,132.41,61.37,255,0,255,132.41,132.41,132.41,0
XRAY,train,NORMAL,IM-0506-0001.jpeg,1700,1368,2325600,1.243,122.14,59.22,255,0,255,122.14,122.14,122.14,0
XRAY,train,NORMAL,IM-0508-0001.jpeg,1936,1669,3231184,1.16,115.48,66.85,255,0,255,115.48,115.48,115.48,0
XRAY,train,NORMAL,IM-0509-0001-0002.jpeg,1306,920,1201520,1.42,140.1,60.47,255,0,255,140.1,140.1,140.1,0
XRAY,train,NORMAL,IM-0509-0001.jpeg,1248,1044,1302912,1.195,126.16,69.52,255,0,255,126.16,126.16,126.16,0
XRAY,train,NORMAL,IM-0510-0001.jpeg,1616,1147,1853552,1.409,120.57,71.13,255,0,255,120.57,120.57,120.57,0
XRAY,train,NORMAL,IM-0511-0001-0001.jpeg,1302,1187,1545474,1.097,120.26,51.64,255,0,255,120.26,120.26,120.26,0
XRAY,train,NORMAL,IM-0511-0001-0002.jpeg,1870,1495,2795650,1.251,112.65,60.16,255,0,255,112.65,112.65,112.65,0
XRAY,train,NORMAL,IM-0511-0001.jpeg,2060,1839,3788340,1.12,119.96,67.87,255,0,255,119.96,119.96,119.96,0
XRAY,train,NORMAL,IM-0512-0001.jpeg,1558,1279,1992682,1.218,130.99,68.41,255,0,255,130.99,130.99,130.99,0
XRAY,train,NORMAL,IM-0513-0001.jpeg,1492,1024,1527808,1.457,112.41,62.14,255,0,255,112.41,112.41,112.41,0
XRAY,train,NORMAL,IM-0514-0001.jpeg,1866,1302,2429532,1.433,119.79,72.15,255,0,255,119.79,119.79,119.79,0
XRAY,train,NORMAL,IM-0515-0001.jpeg,1644,1167,1918548,1.409,102.89,60.26,255,0,255,102.89,102.89,102.89,0
XRAY,train,NORMAL,IM-0516-0001.jpeg,1496,981,1467576,1.525,106.62,71.46,255,0,255,106.62,106.62,106.62,0
XRAY,train,NORMAL,IM-0517-0001-0001.jpeg,2102,1654,3476708,1.271,138.86,61.32,255,0,255,138.86,138.86,138.86,0
XRAY,train,NORMAL,IM-0519-0001-0001.jpeg,1742,1322,2302924,1.318,127.89,54.67,255,0,255,127.89,127.89,127.89,0
XRAY,train,NORMAL,IM-0519-0001.jpeg,1822,1705,3106510,1.069,131.38,64.13,255,0,255,131.38,131.38,131.38,0
XRAY,train,NORMAL,IM-0520-0001.jpeg,1642,1545,2536890,1.063,107.42,64.81,255,0,255,107.42,107.42,107.42,0
XRAY,train,NORMAL,IM-0521-0001.jpeg,2890,2534,7323260,1.14,135.41,58.74,255,0,255,135.41,135.41,135.41,0
XRAY,train,NORMAL,IM-0522-0001.jpeg,1636,1074,1757064,1.523,108.38,70.2,255,0,255,108.38,108.38,108.38,0
XRAY,train,NORMAL,IM-0523-0001-0002.jpeg,1762,1480,2607760,1.191,121.41,60.29,255,0,255,121.41,121.41,121.41,0
XRAY,train,NORMAL,IM-0523-0001-0003.jpeg,1628,1167,1899876,1.395,130.08,61.22,255,0,255,130.08,130.08,130.08,0
XRAY,train,NORMAL,IM-0523-0001.jpeg,1492,1106,1650152,1.349,141.03,61.8,255,0,255,141.03,141.03,141.03,0
XRAY,train,NORMAL,IM-0525-0001.jpeg,1418,1024,1452032,1.385,116.47,48.74,255,0,255,116.47,116.47,116.47,0
XRAY,train,NORMAL,IM-0527-0001.jpeg,1728,1175,2030400,1.471,108.34,67.79,255,0,255,108.34,108.34,108.34,0
XRAY,train,NORMAL,IM-0528-0001.jpeg,1426,1128,1608528,1.264,114.52,61.78,255,0,255,114.52,114.52,114.52,0
XRAY,train,NORMAL,IM-0529-0001.jpeg,1484,1267,1880228,1.171,121.5,57.69,255,0,255,121.5,121.5,121.5,0
XRAY,train,NORMAL,IM-0531-0001-0001.jpeg,1882,1353,2546346,1.391,114.9,67.17,255,0,255,114.9,114.9,114.9,0
XRAY,train,NORMAL,IM-0531-0001.jpeg,1626,1600,2601600,1.016,130.37,59.68,255,0,255,130.37,130.37,130.37,0
XRAY,train,NORMAL,IM-0532-0001.jpeg,1466,1140,1671240,1.286,122.56,65.09,255,0,255,122.56,122.56,122.56,0
XRAY,train,NORMAL,IM-0533-0001-0002.jpeg,1756,1484,2605904,1.183,135.74,62.72,255,0,255,135.74,135.74,135.74,0
XRAY,train,NORMAL,IM-0533-0001.jpeg,2518,2364,5952552,1.065,130.91,59.75,255,0,255,130.91,130.91,130.91,0
XRAY,train,NORMAL,IM-0534-0001.jpeg,1624,1375,2233000,1.181,105.51,59.82,255,0,255,105.51,105.51,105.51,0
XRAY,train,NORMAL,IM-0535-0001.jpeg,1522,1109,1687898,1.372,135.05,63.85,255,0,255,135.05,135.05,135.05,0
XRAY,train,NORMAL,IM-0536-0001.jpeg,1670,1344,2244480,1.243,118.59,73.02,255,0,255,118.59,118.59,118.59,0
XRAY,train,NORMAL,IM-0537-0001.jpeg,1550,1059,1641450,1.464,134.4,62.59,255,0,255,134.4,134.4,134.4,0
XRAY,train,NORMAL,IM-0539-0001-0001.jpeg,2110,1700,3587000,1.241,114.89,57.58,255,0,255,114.89,114.89,114.89,0
XRAY,train,NORMAL,IM-0539-0001-0002.jpeg,1526,1195,1823570,1.277,127.32,55.1,255,0,255,127.32,127.32,127.32,0
XRAY,train,NORMAL,IM-0539-0001.jpeg,1724,1476,2544624,1.168,130.84,61.9,255,0,255,130.84,130.84,130.84,0
XRAY,train,NORMAL,IM-0541-0001.jpeg,1940,1522,2952680,1.275,109.0,72.39,255,0,255,109.0,109.0,109.0,0
XRAY,train,NORMAL,IM-0542-0001.jpeg,1886,1406,2651716,1.341,130.7,61.31,255,0,255,130.7,130.7,130.7,0
XRAY,train,NORMAL,IM-0543-0001-0002.jpeg,1640,1410,2312400,1.163,123.33,55.88,255,0,255,123.33,123.33,123.33,0
XRAY,train,NORMAL,IM-0543-0001.jpeg,1778,1318,2343404,1.349,112.44,62.68,255,0,255,112.44,112.44,112.44,0
XRAY,train,NORMAL,IM-0544-0001.jpeg,1542,1286,1983012,1.199,120.0,58.2,255,0,255,120.0,120.0,120.0,0
XRAY,train,NORMAL,IM-0545-0001-0001.jpeg,1924,1580,3039920,1.218,116.7,64.96,255,0,255,116.7,116.7,116.7,0
XRAY,train,NORMAL,IM-0545-0001-0002.jpeg,1940,1503,2915820,1.291,121.09,63.78,255,0,255,121.09,121.09,121.09,0
XRAY,train,NORMAL,IM-0545-0001.jpeg,1658,1183,1961414,1.402,106.69,69.78,255,0,255,106.69,106.69,106.69,0
XRAY,train,NORMAL,IM-0546-0001.jpeg,1854,1457,2701278,1.272,108.58,69.9,255,0,255,108.58,108.58,108.58,0
XRAY,train,NORMAL,IM-0547-0001.jpeg,1296,1074,1391904,1.207,159.24,60.5,255,0,255,159.24,159.24,159.24,0
XRAY,train,NORMAL,IM-0548-0001.jpeg,1790,1132,2026280,1.581,117.89,75.28,255,0,255,117.89,117.89,117.89,0
XRAY,train,NORMAL,IM-0549-0001-0001.jpeg,1696,1349,2287904,1.257,125.78,62.7,255,0,255,125.78,125.78,125.78,0
XRAY,train,NORMAL,IM-0549-0001-0002.jpeg,1912,1708,3265696,1.119,126.39,64.27,255,0,255,126.39,126.39,126.39,0
XRAY,train,NORMAL,IM-0551-0001-0002.jpeg,1624,1341,2177784,1.211,122.57,58.6,255,0,255,122.57,122.57,122.57,0
XRAY,train,NORMAL,IM-0551-0001.jpeg,1944,1746,3394224,1.113,146.31,45.38,255,0,255,146.31,146.31,146.31,0
XRAY,train,NORMAL,IM-0552-0001.jpeg,1924,1623,3122652,1.185,122.01,63.75,255,0,255,122.01,122.01,122.01,0
XRAY,train,NORMAL,IM-0553-0001.jpeg,2264,1900,4301600,1.192,133.72,64.99,255,0,255,133.72,133.72,133.72,0
XRAY,train,NORMAL,IM-0555-0001-0001.jpeg,1902,1854,3526308,1.026,118.31,63.38,255,0,255,118.31,118.31,118.31,0
XRAY,train,NORMAL,IM-0555-0001.jpeg,1646,1476,2429496,1.115,128.94,59.84,255,0,255,128.94,128.94,128.94,0
XRAY,train,NORMAL,IM-0559-0001.jpeg,1346,1024,1378304,1.314,133.23,62.8,255,0,255,133.23,133.23,133.23,0
XRAY,train,NORMAL,IM-0560-0001.jpeg,1778,1356,2410968,1.311,120.48,67.82,255,0,255,120.48,120.48,120.48,0
XRAY,train,NORMAL,IM-0561-0001.jpeg,2172,1963,4263636,1.106,130.77,55.77,255,0,255,130.77,130.77,130.77,0
XRAY,train,NORMAL,IM-0562-0001.jpeg,1330,1133,1506890,1.174,118.42,56.76,255,0,255,118.42,118.42,118.42,0
XRAY,train,NORMAL,IM-0564-0001.jpeg,1472,1360,2001920,1.082,132.48,54.4,255,0,255,132.48,132.48,132.48,0
XRAY,train,NORMAL,IM-0565-0001.jpeg,1940,1755,3404700,1.105,119.35,61.81,255,0,255,119.35,119.35,119.35,0
XRAY,train,NORMAL,IM-0571-0001.jpeg,1746,1445,2522970,1.208,118.49,60.11,255,0,255,118.49,118.49,118.49,0
XRAY,train,NORMAL,IM-0574-0001.jpeg,1736,1553,2696008,1.118,134.88,61.34,255,0,255,134.88,134.88,134.88,0
XRAY,train,NORMAL,IM-0577-0001.jpeg,1376,1210,1664960,1.137,125.4,57.89,255,0,255,125.4,125.4,125.4,0
XRAY,train,NORMAL,IM-0578-0001.jpeg,1630,1353,2205390,1.205,137.94,62.69,255,0,255,137.94,137.94,137.94,0
XRAY,train,NORMAL,IM-0580-0001.jpeg,1728,1522,2630016,1.135,123.9,60.88,255,0,255,123.9,123.9,123.9,0
XRAY,train,NORMAL,IM-0581-0001.jpeg,1338,1433,1917354,0.934,121.69,58.89,255,0,255,121.69,121.69,121.69,0
XRAY,train,NORMAL,IM-0582-0001.jpeg,2180,1955,4261900,1.115,107.22,57.68,255,0,255,107.22,107.22,107.22,0
XRAY,train,NORMAL,IM-0583-0001.jpeg,1692,1341,2268972,1.262,121.44,66.3,255,0,255,121.44,121.44,121.44,0
XRAY,train,NORMAL,IM-0584-0001.jpeg,1148,908,1042384,1.264,115.95,62.16,255,0,255,115.95,115.95,115.95,0
XRAY,train,NORMAL,IM-0586-0001.jpeg,1812,1476,2674512,1.228,109.46,50.09,255,0,255,109.46,109.46,109.46,0
XRAY,train,NORMAL,IM-0590-0001.jpeg,2056,1673,3439688,1.229,134.97,56.36,255,0,255,134.97,134.97,134.97,0
XRAY,train,NORMAL,IM-0592-0001.jpeg,1932,1712,3307584,1.129,131.15,62.0,255,0,255,131.15,131.15,131.15,0
XRAY,train,NORMAL,IM-0593-0001.jpeg,1728,1333,2303424,1.296,155.85,73.7,255,0,255,155.85,155.85,155.85,0
XRAY,train,NORMAL,IM-0596-0001.jpeg,1430,1141,1631630,1.253,110.8,69.47,255,0,255,110.8,110.8,110.8,0
XRAY,train,NORMAL,IM-0598-0001.jpeg,1518,1302,1976436,1.166,108.44,66.75,255,0,255,108.44,108.44,108.44,0
XRAY,train,NORMAL,IM-0599-0001.jpeg,1550,1144,1773200,1.355,121.68,54.5,255,0,255,121.68,121.68,121.68,0
XRAY,train,NORMAL,IM-0600-0001.jpeg,1832,1488,2726016,1.231,134.19,61.87,255,0,255,134.19,134.19,134.19,0
XRAY,train,NORMAL,IM-0602-0001.jpeg,1350,1062,1433700,1.271,138.85,62.34,255,0,255,138.85,138.85,138.85,0
XRAY,train,NORMAL,IM-0604-0001.jpeg,1724,1353,2332572,1.274,123.73,59.59,255,0,255,123.73,123.73,123.73,0
XRAY,train,NORMAL,IM-0605-0001.jpeg,1396,955,1333180,1.462,115.77,63.49,255,0,255,115.77,115.77,115.77,0
XRAY,train,NORMAL,IM-0606-0001.jpeg,1850,1445,2673250,1.28,126.92,63.04,255,0,255,126.92,126.92,126.92,0
XRAY,train,NORMAL,IM-0608-0001-0001.jpeg,1300,928,1206400,1.401,126.09,60.08,255,0,255,126.09,126.09,126.09,0
XRAY,train,NORMAL,IM-0608-0001-0002.jpeg,1580,1604,2534320,0.985,143.12,61.66,255,0,255,143.12,143.12,143.12,0
XRAY,train,NORMAL,IM-0608-0001.jpeg,1852,1403,2598356,1.32,128.58,63.82,255,0,255,128.58,128.58,128.58,0
XRAY,train,NORMAL,IM-0609-0001.jpeg,1394,1257,1752258,1.109,122.48,63.53,255,0,255,122.48,122.48,122.48,0
XRAY,train,NORMAL,IM-0612-0001-0001.jpeg,1488,1094,1627872,1.36,108.63,68.85,255,0,255,108.63,108.63,108.63,0
XRAY,train,NORMAL,IM-0612-0001.jpeg,1460,1279,1867340,1.142,120.65,65.0,255,0,255,120.65,120.65,120.65,0
XRAY,train,NORMAL,IM-0613-0001.jpeg,1732,1662,2878584,1.042,118.29,67.99,255,0,255,118.29,118.29,118.29,0
XRAY,train,NORMAL,IM-0616-0001.jpeg,1792,1422,2548224,1.26,126.04,67.23,255,0,255,126.04,126.04,126.04,0
XRAY,train,NORMAL,IM-0617-0001.jpeg,1622,1383,2243226,1.173,109.54,55.53,255,0,255,109.54,109.54,109.54,0
XRAY,train,NORMAL,IM-0618-0001-0001.jpeg,2292,1893,4338756,1.211,106.19,57.7,255,0,255,106.19,106.19,106.19,0
XRAY,train,NORMAL,IM-0618-0001-0002.jpeg,2178,1970,4290660,1.106,109.19,56.82,255,0,255,109.19,109.19,109.19,0
XRAY,train,NORMAL,IM-0618-0001.jpeg,2078,2047,4253666,1.015,125.26,64.52,255,0,255,125.26,125.26,125.26,0
XRAY,train,NORMAL,IM-0619-0001.jpeg,1554,1345,2090130,1.155,138.32,62.31,255,0,255,138.32,138.32,138.32,0
XRAY,train,NORMAL,IM-0620-0001-0001.jpeg,1832,1472,2696704,1.245,129.22,59.92,255,0,255,129.22,129.22,129.22,0
XRAY,train,NORMAL,IM-0620-0001-0002.jpeg,1512,1302,1968624,1.161,131.62,56.65,255,0,255,131.62,131.62,131.62,0
XRAY,train,NORMAL,IM-0620-0001.jpeg,1514,1395,2112030,1.085,126.63,56.96,255,0,255,126.63,126.63,126.63,0
XRAY,train,NORMAL,IM-0621-0001.jpeg,1524,1171,1784604,1.301,91.69,47.82,255,0,255,91.69,91.69,91.69,0
XRAY,train,NORMAL,IM-0622-0001-0002.jpeg,1626,1268,2061768,1.282,118.72,64.54,255,0,255,118.72,118.72,118.72,0
XRAY,train,NORMAL,IM-0622-0001.jpeg,1840,1507,2772880,1.221,114.1,70.2,255,0,255,114.1,114.1,114.1,0
XRAY,train,NORMAL,IM-0624-0001-0002.jpeg,1690,1334,2254460,1.267,108.67,59.6,255,0,255,108.67,108.67,108.67,0
XRAY,train,NORMAL,IM-0624-0001.jpeg,1630,1333,2172790,1.223,113.86,62.36,255,0,255,113.86,113.86,113.86,0
XRAY,train,NORMAL,IM-0626-0001-0002.jpeg,1728,1249,2158272,1.384,112.78,59.9,255,0,255,112.78,112.78,112.78,0
XRAY,train,NORMAL,IM-0627-0001.jpeg,1802,1514,2728228,1.19,122.15,62.29,255,0,255,122.15,122.15,122.15,0
XRAY,train,NORMAL,IM-0628-0001.jpeg,2012,1457,2931484,1.381,144.77,52.72,255,0,255,144.77,144.77,144.77,0
XRAY,train,NORMAL,IM-0629-0001-0002.jpeg,1804,1510,2724040,1.195,118.09,61.59,255,0,255,118.09,118.09,118.09,0
XRAY,train,NORMAL,IM-0629-0001-0003.jpeg,1874,1735,3251390,1.08,123.18,57.03,255,0,255,123.18,123.18,123.18,0
XRAY,train,NORMAL,IM-0630-0001.jpeg,1956,1634,3196104,1.197,129.21,49.19,255,0,255,129.21,129.21,129.21,0
XRAY,train,NORMAL,IM-0631-0001-0001.jpeg,1744,1337,2331728,1.304,129.15,67.17,255,0,255,129.15,129.15,129.15,0
XRAY,train,NORMAL,IM-0631-0001.jpeg,1746,1279,2233134,1.365,137.02,62.39,255,0,255,137.02,137.02,137.02,0
XRAY,train,NORMAL,IM-0632-0001.jpeg,1438,1067,1534346,1.348,124.85,61.66,255,0,255,124.85,124.85,124.85,0
XRAY,train,NORMAL,IM-0634-0001.jpeg,1500,1051,1576500,1.427,142.71,59.43,255,0,255,142.71,142.71,142.71,0
XRAY,train,NORMAL,IM-0636-0001.jpeg,1766,1611,2845026,1.096,129.63,58.5,255,0,255,129.63,129.63,129.63,0
XRAY,train,NORMAL,IM-0637-0001.jpeg,1746,1442,2517732,1.211,112.46,58.25,255,0,255,112.46,112.46,112.46,0
XRAY,train,NORMAL,IM-0640-0001-0001.jpeg,1462,1140,1666680,1.282,111.74,56.04,255,0,255,111.74,111.74,111.74,0
XRAY,train,NORMAL,IM-0640-0001-0002.jpeg,1470,1248,1834560,1.178,127.04,59.1,255,0,255,127.04,127.04,127.04,0
XRAY,train,NORMAL,IM-0644-0001.jpeg,1414,1086,1535604,1.302,125.99,67.13,255,0,255,125.99,125.99,125.99,0
XRAY,train,NORMAL,IM-0645-0001.jpeg,2048,1777,3639296,1.153,139.89,62.76,255,0,255,139.89,139.89,139.89,0
XRAY,train,NORMAL,IM-0648-0001.jpeg,1604,1279,2051516,1.254,139.17,56.43,255,0,255,139.17,139.17,139.17,0
XRAY,train,NORMAL,IM-0649-0001.jpeg,1512,1005,1519560,1.504,117.68,65.06,255,0,255,117.68,117.68,117.68,0
XRAY,train,NORMAL,IM-0650-0001-0001.jpeg,1682,1341,2255562,1.254,110.3,65.83,255,0,255,110.3,110.3,110.3,0
XRAY,train,NORMAL,IM-0650-0001.jpeg,1620,1159,1877580,1.398,135.19,66.21,255,0,255,135.19,135.19,135.19,0
XRAY,train,NORMAL,IM-0651-0001.jpeg,1126,1012,1139512,1.113,115.42,58.15,255,0,255,115.42,115.42,115.42,0
XRAY,train,NORMAL,IM-0652-0001-0002.jpeg,1512,1237,1870344,1.222,130.99,65.11,255,0,255,130.99,130.99,130.99,0
XRAY,train,NORMAL,IM-0652-0001.jpeg,2480,1924,4771520,1.289,91.33,56.63,255,0,255,91.33,91.33,91.33,0
XRAY,train,NORMAL,IM-0654-0001.jpeg,1790,1519,2719010,1.178,146.37,58.37,255,0,255,146.37,146.37,146.37,0
XRAY,train,NORMAL,IM-0656-0001-0001.jpeg,2194,1966,4313404,1.116,148.15,60.03,255,0,255,148.15,148.15,148.15,0
XRAY,train,NORMAL,IM-0656-0001-0002.jpeg,1624,1299,2109576,1.25,114.03,67.88,255,0,255,114.03,114.03,114.03,0
XRAY,train,NORMAL,IM-0656-0001.jpeg,1504,1395,2098080,1.078,129.69,65.3,255,0,255,129.69,129.69,129.69,0
XRAY,train,NORMAL,IM-0658-0001.jpeg,1800,1723,3101400,1.045,137.51,66.33,255,0,255,137.51,137.51,137.51,0
XRAY,train,NORMAL,IM-0659-0001.jpeg,1566,1271,1990386,1.232,121.59,61.95,255,0,255,121.59,121.59,121.59,0
XRAY,train,NORMAL,IM-0660-0001-0001.jpeg,1330,1132,1505560,1.175,125.8,55.35,255,0,255,125.8,125.8,125.8,0
XRAY,train,NORMAL,IM-0660-0001-0002.jpeg,1654,1688,2791952,0.98,104.38,67.4,255,0,255,104.38,104.38,104.38,0
XRAY,train,NORMAL,IM-0660-0001.jpeg,1680,1642,2758560,1.023,123.54,60.29,255,0,255,123.54,123.54,123.54,0
XRAY,train,NORMAL,IM-0664-0001.jpeg,2016,1603,3231648,1.258,116.47,70.92,255,0,255,116.47,116.47,116.47,0
XRAY,train,NORMAL,IM-0665-0001.jpeg,1364,1179,1608156,1.157,124.36,50.99,255,0,255,124.36,124.36,124.36,0
XRAY,train,NORMAL,IM-0666-0001-0001.jpeg,1748,1442,2520616,1.212,124.61,67.26,255,0,255,124.61,124.61,124.61,0
XRAY,train,NORMAL,IM-0666-0001-0002.jpeg,1480,1306,1932880,1.133,133.53,55.69,255,0,255,133.53,133.53,133.53,0
XRAY,train,NORMAL,IM-0666-0001.jpeg,2418,2260,5464680,1.07,118.14,65.56,255,0,255,118.14,118.14,118.14,0
XRAY,train,NORMAL,IM-0667-0001.jpeg,1754,1615,2832710,1.086,119.76,62.01,255,0,255,119.76,119.76,119.76,0
XRAY,train,NORMAL,IM-0668-0001.jpeg,1596,1306,2084376,1.222,127.32,67.38,255,0,255,127.32,127.32,127.32,0
XRAY,train,NORMAL,IM-0669-0001.jpeg,1458,1074,1565892,1.358,112.73,61.89,255,0,255,112.73,112.73,112.73,0
XRAY,train,NORMAL,IM-0670-0001.jpeg,2434,2418,5885412,1.007,120.52,64.94,255,0,255,120.52,120.52,120.52,0
XRAY,train,NORMAL,IM-0672-0001.jpeg,2018,1920,3874560,1.051,116.57,59.65,255,0,255,116.57,116.57,116.57,0
XRAY,train,NORMAL,IM-0673-0001.jpeg,1364,1136,1549504,1.201,134.86,50.15,255,0,255,134.86,134.86,134.86,0
XRAY,train,NORMAL,IM-0674-0001.jpeg,1870,1380,2580600,1.355,119.29,57.83,255,0,255,119.29,119.29,119.29,0
XRAY,train,NORMAL,IM-0676-0001.jpeg,1752,1160,2032320,1.51,119.46,60.69,255,0,255,119.46,119.46,119.46,0
XRAY,train,NORMAL,IM-0677-0001.jpeg,1604,1202,1928008,1.334,135.93,65.83,255,0,255,135.93,135.93,135.93,0
XRAY,train,NORMAL,IM-0678-0001.jpeg,1792,1611,2886912,1.112,137.07,55.25,255,0,255,137.07,137.07,137.07,0
XRAY,train,NORMAL,IM-0680-0001.jpeg,1530,1078,1649340,1.419,101.0,55.86,255,0,255,101.0,101.0,101.0,0
XRAY,train,NORMAL,IM-0681-0001.jpeg,1496,1074,1606704,1.393,119.27,58.25,255,0,255,119.27,119.27,119.27,0
XRAY,train,NORMAL,IM-0682-0001.jpeg,1948,1670,3253160,1.166,130.17,60.12,255,0,255,130.17,130.17,130.17,0
XRAY,train,NORMAL,IM-0683-0001.jpeg,1674,1144,1915056,1.463,127.62,78.29,255,0,255,127.62,127.62,127.62,0
XRAY,train,NORMAL,IM-0684-0001.jpeg,2078,1801,3742478,1.154,118.78,56.06,255,0,255,118.78,118.78,118.78,0
XRAY,train,NORMAL,IM-0685-0001.jpeg,1530,1279,1956870,1.196,95.21,56.74,255,0,255,95.21,95.21,95.21,0
XRAY,train,NORMAL,IM-0686-0001.jpeg,1160,897,1040520,1.293,112.0,50.95,255,0,255,112.0,112.0,112.0,0
XRAY,train,NORMAL,IM-0687-0001.jpeg,1554,1298,2017092,1.197,127.69,49.8,255,0,255,127.69,127.69,127.69,0
XRAY,train,NORMAL,IM-0688-0001.jpeg,1514,1310,1983340,1.156,114.06,61.5,255,0,255,114.06,114.06,114.06,0
XRAY,train,NORMAL,IM-0689-0001.jpeg,1454,1229,1786966,1.183,117.63,55.31,255,0,255,117.63,117.63,117.63,0
XRAY,train,NORMAL,IM-0693-0001.jpeg,1118,932,1041976,1.2,115.09,53.25,255,0,255,115.09,115.09,115.09,0
XRAY,train,NORMAL,IM-0694-0001.jpeg,1820,1410,2566200,1.291,121.84,61.61,255,0,255,121.84,121.84,121.84,0
XRAY,train,NORMAL,IM-0695-0001.jpeg,1828,1437,2626836,1.272,118.27,57.56,255,0,255,118.27,118.27,118.27,0
XRAY,train,NORMAL,IM-0696-0001.jpeg,1064,842,895888,1.264,104.51,63.05,255,0,255,104.51,104.51,104.51,0
XRAY,train,NORMAL,IM-0697-0001.jpeg,1538,1353,2080914,1.137,112.86,61.21,255,0,255,112.86,112.86,112.86,0
XRAY,train,NORMAL,IM-0700-0001.jpeg,1994,1865,3718810,1.069,111.73,63.14,255,0,255,111.73,111.73,111.73,0
XRAY,train,NORMAL,IM-0701-0001.jpeg,1576,1272,2004672,1.239,108.32,62.17,255,0,255,108.32,108.32,108.32,0
XRAY,train,NORMAL,IM-0702-0001.jpeg,1968,1484,2920512,1.326,123.47,64.65,255,0,255,123.47,123.47,123.47,0
XRAY,train,NORMAL,IM-0704-0001.jpeg,1596,1248,1991808,1.279,128.43,63.24,255,0,255,128.43,128.43,128.43,0
XRAY,train,NORMAL,IM-0706-0001.jpeg,1454,1160,1686640,1.253,130.38,60.29,255,0,255,130.38,130.38,130.38,0
XRAY,train,NORMAL,IM-0707-0001.jpeg,1712,1430,2448160,1.197,132.41,62.27,255,0,255,132.41,132.41,132.41,0
XRAY,train,NORMAL,IM-0711-0001.jpeg,1596,1306,2084376,1.222,110.24,60.82,255,0,255,110.24,110.24,110.24,0
XRAY,train,NORMAL,IM-0713-0001.jpeg,1636,1329,2174244,1.231,107.04,58.99,255,0,255,107.04,107.04,107.04,0
XRAY,train,NORMAL,IM-0714-0001.jpeg,1728,1260,2177280,1.371,97.57,68.73,255,0,255,97.57,97.57,97.57,0
XRAY,train,NORMAL,IM-0715-0001.jpeg,1546,1105,1708330,1.399,105.1,64.89,255,0,255,105.1,105.1,105.1,0
XRAY,train,NORMAL,IM-0722-0001.jpeg,1662,1403,2331786,1.185,118.78,64.41,255,0,255,118.78,118.78,118.78,0
XRAY,train,NORMAL,IM-0724-0001.jpeg,1840,1341,2467440,1.372,109.68,63.94,255,0,255,109.68,109.68,109.68,0
XRAY,train,NORMAL,IM-0727-0001.jpeg,1400,1190,1666000,1.176,121.94,49.91,255,0,255,121.94,121.94,121.94,0
XRAY,train,NORMAL,IM-0728-0001.jpeg,1574,1229,1934446,1.281,115.69,52.88,255,0,255,115.69,115.69,115.69,0
XRAY,train,NORMAL,IM-0729-0001.jpeg,1572,1194,1876968,1.317,121.89,58.33,255,0,255,121.89,121.89,121.89,0
XRAY,train,NORMAL,IM-0730-0001.jpeg,1310,951,1245810,1.377,99.92,55.01,255,0,255,99.92,99.92,99.92,0
XRAY,train,NORMAL,IM-0732-0001.jpeg,1296,800,1036800,1.62,97.05,55.64,255,0,255,97.05,97.05,97.05,0
XRAY,train,NORMAL,IM-0733-0001.jpeg,1430,1194,1707420,1.198,122.0,61.03,255,0,255,122.0,122.0,122.0,0
XRAY,train,NORMAL,IM-0734-0001.jpeg,2572,2476,6368272,1.039,120.94,60.49,255,0,255,120.94,120.94,120.94,0
XRAY,train,NORMAL,IM-0735-0001.jpeg,1654,1051,1738354,1.574,110.72,59.36,255,0,255,110.72,110.72,110.72,0
XRAY,train,NORMAL,IM-0737-0001.jpeg,1384,1121,1551464,1.235,127.49,60.21,255,0,255,127.49,127.49,127.49,0
XRAY,train,NORMAL,IM-0738-0001.jpeg,1546,1314,2031444,1.177,116.74,63.52,255,0,255,116.74,116.74,116.74,0
XRAY,train,NORMAL,IM-0739-0001.jpeg,1114,815,907910,1.367,116.81,50.23,255,0,255,116.81,116.81,116.81,0
XRAY,train,NORMAL,IM-0740-0001.jpeg,1840,1283,2360720,1.434,99.8,59.56,255,0,255,99.8,99.8,99.8,0
XRAY,train,NORMAL,IM-0741-0001.jpeg,1256,1097,1377832,1.145,96.05,64.71,255,0,255,96.05,96.05,96.05,0
XRAY,train,NORMAL,IM-0742-0001.jpeg,1670,1302,2174340,1.283,97.98,55.64,255,0,255,97.98,97.98,97.98,0
XRAY,train,NORMAL,IM-0746-0001.jpeg,1712,1259,2155408,1.36,117.94,62.86,255,0,255,117.94,117.94,117.94,0
XRAY,train,NORMAL,IM-0747-0001.jpeg,1604,1171,1878284,1.37,113.66,52.53,255,0,255,113.66,113.66,113.66,0
XRAY,train,NORMAL,IM-0750-0001.jpeg,1198,978,1171644,1.225,96.05,58.82,255,0,255,96.05,96.05,96.05,0
XRAY,train,NORMAL,IM-0752-0001.jpeg,1438,1144,1645072,1.257,121.89,58.49,255,0,255,121.89,121.89,121.89,0
XRAY,train,NORMAL,IM-0753-0001.jpeg,1518,1097,1665246,1.384,117.73,58.29,255,0,255,117.73,117.73,117.73,0
XRAY,train,NORMAL,IM-0754-0001.jpeg,1782,1460,2601720,1.221,125.16,56.89,255,0,255,125.16,125.16,125.16,0
XRAY,train,NORMAL,IM-0757-0001.jpeg,1284,1086,1394424,1.182,121.19,62.23,255,0,255,121.19,121.19,121.19,0
XRAY,train,NORMAL,IM-0764-0001.jpeg,1620,1480,2397600,1.095,85.33,62.46,255,0,255,85.33,85.33,85.33,0
XRAY,train,NORMAL,IM-0766-0001.jpeg,2252,1913,4308076,1.177,135.21,61.41,255,0,255,135.21,135.21,135.21,0
XRAY,train,NORMAL,NORMAL2-IM-0007-0001.jpeg,2165,1907,4128655,1.135,139.03,64.43,255,0,255,139.03,139.03,139.03,0
XRAY,train,NORMAL,NORMAL2-IM-0012-0001.jpeg,1784,1440,2568960,1.239,101.31,61.49,255,0,255,101.31,101.31,101.31,0
XRAY,train,NORMAL,NORMAL2-IM-0013-0001.jpeg,2165,1749,3786585,1.238,132.28,71.09,255,0,255,132.28,132.28,132.28,0
XRAY,train,NORMAL,NORMAL2-IM-0019-0001.jpeg,2043,2087,4263741,0.979,113.29,59.51,255,0,255,113.29,113.29,113.29,0
XRAY,train,NORMAL,NORMAL2-IM-0027-0001.jpeg,1856,1418,2631808,1.309,107.93,63.97,255,0,255,107.93,107.93,107.93,0
XRAY,train,NORMAL,NORMAL2-IM-0028-0001.jpeg,2381,1965,4678665,1.212,143.39,70.93,255,0,255,143.39,143.39,143.39,0
XRAY,train,NORMAL,NORMAL2-IM-0029-0001.jpeg,1928,1756,3385568,1.098,105.15,63.46,255,0,255,105.15,105.15,105.15,0
XRAY,train,NORMAL,NORMAL2-IM-0033-0001.jpeg,2431,2195,5336045,1.108,110.03,58.41,255,0,255,110.03,110.03,110.03,0
XRAY,train,NORMAL,NORMAL2-IM-0035-0001.jpeg,1762,1224,2156688,1.44,110.23,67.99,255,0,255,110.23,110.23,110.23,0
XRAY,train,NORMAL,NORMAL2-IM-0051-0001.jpeg,2028,1742,3532776,1.164,101.16,69.11,255,0,255,101.16,101.16,101.16,0
XRAY,train,NORMAL,NORMAL2-IM-0052-0001.jpeg,2446,2224,5439904,1.1,104.09,47.87,255,0,255,104.09,104.09,104.09,0
XRAY,train,NORMAL,NORMAL2-IM-0058-0001.jpeg,1683,1361,2290563,1.237,107.71,63.61,255,0,255,107.71,107.71,107.71,0
XRAY,train,NORMAL,NORMAL2-IM-0059-0001.jpeg,2244,2030,4555320,1.105,115.98,64.54,255,0,255,115.98,115.98,115.98,0
XRAY,train,NORMAL,NORMAL2-IM-0060-0001.jpeg,2323,1893,4397439,1.227,105.64,63.19,255,0,255,105.64,105.64,105.64,0
XRAY,train,NORMAL,NORMAL2-IM-0079-0001.jpeg,2345,1936,4539920,1.211,105.08,56.92,255,0,255,105.08,105.08,105.08,0
XRAY,train,NORMAL,NORMAL2-IM-0081-0001.jpeg,2517,2310,5814270,1.09,131.89,66.5,255,0,255,131.89,131.89,131.89,0
XRAY,train,NORMAL,NORMAL2-IM-0092-0001.jpeg,2143,1576,3377368,1.36,127.61,68.47,255,0,255,127.61,127.61,127.61,0
XRAY,train,NORMAL,NORMAL2-IM-0098-0001.jpeg,1266,1044,1321704,1.213,98.63,71.58,255,0,255,98.63,98.63,98.63,0
XRAY,train,NORMAL,NORMAL2-IM-0107-0001.jpeg,1741,1706,2970146,1.021,114.8,61.52,255,0,255,114.8,114.8,114.8,0
XRAY,train,NORMAL,NORMAL2-IM-0110-0001.jpeg,2251,1828,4114828,1.231,100.49,60.32,255,0,255,100.49,100.49,100.49,0
XRAY,train,NORMAL,NORMAL2-IM-0112-0001.jpeg,2266,1843,4176238,1.23,103.64,57.52,255,0,255,103.64,103.64,103.64,0
XRAY,train,NORMAL,NORMAL2-IM-0123-0001.jpeg,2043,1217,2486331,1.679,122.55,66.27,255,0,255,122.55,122.55,122.55,0
XRAY,train,NORMAL,NORMAL2-IM-0129-0001.jpeg,2302,1663,3828226,1.384,98.55,64.58,255,0,255,98.55,98.55,98.55,0
XRAY,train,NORMAL,NORMAL2-IM-0130-0001.jpeg,1827,1641,2998107,1.113,113.24,59.66,255,0,255,113.24,113.24,113.24,0
XRAY,train,NORMAL,NORMAL2-IM-0132-0001.jpeg,2115,1792,3790080,1.18,148.41,63.01,255,0,255,148.41,148.41,148.41,0
XRAY,train,NORMAL,NORMAL2-IM-0135-0001.jpeg,2136,1713,3658968,1.247,117.99,75.51,255,0,255,117.99,117.99,117.99,0
XRAY,train,NORMAL,NORMAL2-IM-0145-0001.jpeg,1726,1505,2597630,1.147,141.74,65.44,255,0,255,141.74,141.74,141.74,0
XRAY,train,NORMAL,NORMAL2-IM-0146-0001.jpeg,1827,1375,2512125,1.329,115.13,69.13,255,0,255,115.13,115.13,115.13,0
XRAY,train,NORMAL,NORMAL2-IM-0150-0001.jpeg,1611,1454,2342394,1.108,131.88,70.85,255,0,255,131.88,131.88,131.88,0
XRAY,train,NORMAL,NORMAL2-IM-0171-0001.jpeg,1752,1224,2144448,1.431,133.12,62.48,255,0,255,133.12,133.12,133.12,0
XRAY,train,NORMAL,NORMAL2-IM-0173-0001-0001.jpeg,1304,952,1241408,1.37,112.59,53.6,255,0,255,112.59,112.59,112.59,0
XRAY,train,NORMAL,NORMAL2-IM-0195-0001.jpeg,1432,1016,1454912,1.409,141.21,59.74,255,0,255,141.21,141.21,141.21,0
XRAY,train,NORMAL,NORMAL2-IM-0196-0001.jpeg,1720,1568,2696960,1.097,156.07,65.33,255,0,255,156.07,156.07,156.07,0
XRAY,train,NORMAL,NORMAL2-IM-0198-0001.jpeg,1960,1688,3308480,1.161,160.89,53.83,255,0,255,160.89,160.89,160.89,0
XRAY,train,NORMAL,NORMAL2-IM-0199-0001.jpeg,1584,1168,1850112,1.356,152.09,60.57,255,0,255,152.09,152.09,152.09,0
XRAY,train,NORMAL,NORMAL2-IM-0206-0001.jpeg,1536,1064,1634304,1.444,115.67,68.27,255,0,255,115.67,115.67,115.67,0
XRAY,train,PNEUMONIA,aug_0_person1000_bacteria_2931.jpeg,1152,760,875520,1.516,122.91,60.13,255,0,255,122.91,122.91,122.91,1
XRAY,train,PNEUMONIA,aug_1000_person1601_bacteria_4209.jpeg,1256,840,1055040,1.495,95.21,51.77,255,0,255,95.21,95.21,95.21,1
XRAY,train,PNEUMONIA,aug_1001_person1602_bacteria_4218.jpeg,1568,992,1555456,1.581,118.68,65.48,255,0,255,118.68,118.68,118.68,1
XRAY,train,PNEUMONIA,aug_1002_person1602_virus_2780.jpeg,1216,880,1070080,1.382,148.74,53.81,255,0,255,148.74,148.74,148.74,1
XRAY,train,PNEUMONIA,aug_1003_person1603_virus_2781.jpeg,1616,1232,1990912,1.312,143.12,80.25,255,0,255,143.12,143.12,143.12,1
XRAY,train,PNEUMONIA,aug_1004_person1604_virus_2782.jpeg,1016,656,666496,1.549,131.01,63.24,255,0,255,131.01,131.01,131.01,1
XRAY,train,PNEUMONIA,aug_1005_person1605_bacteria_4226.jpeg,1136,888,1008768,1.279,131.62,62.81,255,0,255,131.62,131.62,131.62,1
XRAY,train,PNEUMONIA,aug_1006_person1607_bacteria_4232.jpeg,1064,624,663936,1.705,85.88,52.49,255,0,255,85.88,85.88,85.88,1
XRAY,train,PNEUMONIA,aug_1007_person1608_bacteria_4235.jpeg,1168,640,747520,1.825,110.8,56.92,243,0,243,110.8,110.8,110.8,1
XRAY,train,PNEUMONIA,aug_1008_person1608_virus_2786.jpeg,1072,800,857600,1.34,148.66,62.89,255,0,255,148.66,148.66,148.66,1
XRAY,train,PNEUMONIA,aug_1009_person1609_bacteria_4237.jpeg,1560,1160,1809600,1.345,107.28,71.97,255,0,255,107.28,107.28,107.28,1
XRAY,train,PNEUMONIA,aug_100_person1073_virus_1776.jpeg,1152,736,847872,1.565,101.41,73.34,255,0,255,101.41,101.41,101.41,1
XRAY,train,PNEUMONIA,aug_1010_person1609_virus_2790.jpeg,1416,824,1166784,1.718,137.99,80.38,255,0,255,137.99,137.99,137.99,1
XRAY,train,PNEUMONIA,aug_1011_person1609_virus_2791.jpeg,1408,976,1374208,1.443,129.76,74.14,255,0,255,129.76,129.76,129.76,1
XRAY,train,PNEUMONIA,aug_1012_person1610_bacteria_4240.jpeg,1112,736,818432,1.511,122.98,73.48,255,0,255,122.98,122.98,122.98,1
XRAY,train,PNEUMONIA,aug_1013_person1610_virus_2793.jpeg,1120,880,985600,1.273,103.2,61.02,242,0,242,103.2,103.2,103.2,1
XRAY,train,PNEUMONIA,aug_1014_person1612_virus_2798.jpeg,1040,576,599040,1.806,129.95,73.61,255,0,255,129.95,129.95,129.95,1
XRAY,train,PNEUMONIA,aug_1015_person1613_bacteria_4247.jpeg,1376,800,1100800,1.72,144.46,66.48,255,0,255,144.46,144.46,144.46,1
XRAY,train,PNEUMONIA,aug_1016_person1613_virus_2799.jpeg,1112,600,667200,1.853,118.51,56.73,247,0,247,118.51,118.51,118.51,1
XRAY,train,PNEUMONIA,aug_1017_person1614_bacteria_4248.jpeg,1392,824,1147008,1.689,135.65,67.91,255,0,255,135.65,135.65,135.65,1
XRAY,train,PNEUMONIA,aug_1018_person1614_virus_2800.jpeg,1216,936,1138176,1.299,151.57,64.15,255,0,255,151.57,151.57,151.57,1
XRAY,train,PNEUMONIA,aug_1019_person1615_virus_2801.jpeg,1400,1048,1467200,1.336,123.99,73.1,255,0,255,123.99,123.99,123.99,1
XRAY,train,PNEUMONIA,aug_101_person1074_bacteria_3012.jpeg,1338,1044,1396872,1.282,115.28,76.67,255,0,255,115.28,115.28,115.28,1
XRAY,train,PNEUMONIA,aug_1020_person1616_bacteria_4251.jpeg,1008,696,701568,1.448,118.63,56.77,255,0,255,118.63,118.63,118.63,1
XRAY,train,PNEUMONIA,aug_1021_person1617_bacteria_4255.jpeg,944,440,415360,2.145,119.4,62.26,255,0,255,119.4,119.4,119.4,1
XRAY,train,PNEUMONIA,aug_1022_person1617_bacteria_4256.jpeg,864,528,456192,1.636,97.56,50.1,255,0,255,97.56,97.56,97.56,1
XRAY,train,PNEUMONIA,aug_1023_person1618_bacteria_4258.jpeg,1248,760,948480,1.642,134.61,53.23,255,0,255,134.61,134.61,134.61,1
XRAY,train,PNEUMONIA,aug_1024_person1618_virus_2805.jpeg,1072,640,686080,1.675,138.17,50.03,255,0,255,138.17,138.17,138.17,1
XRAY,train,PNEUMONIA,aug_1025_person1619_bacteria_4266.jpeg,1352,968,1308736,1.397,103.9,60.39,255,0,255,103.9,103.9,103.9,1
XRAY,train,PNEUMONIA,aug_1026_person1619_bacteria_4267.jpeg,1512,1272,1923264,1.189,135.84,64.0,255,0,255,135.84,135.84,135.84,1
XRAY,train,PNEUMONIA,aug_1027_person1619_bacteria_4269.jpeg,1392,888,1236096,1.568,132.97,44.55,238,0,238,132.97,132.97,132.97,1
XRAY,train,PNEUMONIA,aug_1028_person1619_bacteria_4270.jpeg,1352,880,1189760,1.536,107.86,51.45,242,0,242,107.86,107.86,107.86,1
XRAY,train,PNEUMONIA,aug_1029_person1619_virus_2806.jpeg,1304,816,1064064,1.598,151.41,66.3,255,0,255,151.41,151.41,151.41,1
XRAY,train,PNEUMONIA,aug_102_person1076_bacteria_3016.jpeg,1292,867,1120164,1.49,114.97,61.65,255,0,255,114.97,114.97,114.97,1
XRAY,train,PNEUMONIA,aug_1030_person161_bacteria_759.jpeg,856,480,410880,1.783,118.31,42.46,235,0,235,118.31,118.31,118.31,1
XRAY,train,PNEUMONIA,aug_1031_person161_virus_317.jpeg,1264,904,1142656,1.398,145.16,71.69,255,0,255,145.16,145.16,145.16,1
XRAY,train,PNEUMONIA,aug_1032_person1620_virus_2807.jpeg,1112,736,818432,1.511,126.16,69.45,255,0,255,126.16,126.16,126.16,1
XRAY,train,PNEUMONIA,aug_1033_person1622_virus_2810.jpeg,1184,648,767232,1.827,128.04,69.97,255,0,255,128.04,128.04,128.04,1
XRAY,train,PNEUMONIA,aug_1034_person1625_bacteria_4290.jpeg,1040,824,856960,1.262,102.6,55.88,241,0,241,102.6,102.6,102.6,1
XRAY,train,PNEUMONIA,aug_1035_person1625_virus_2817.jpeg,1112,704,782848,1.58,125.09,68.44,255,0,255,125.09,125.09,125.09,1
XRAY,train,PNEUMONIA,aug_1036_person1626_bacteria_4291.jpeg,896,648,580608,1.383,113.62,64.74,238,0,238,113.62,113.62,113.62,1
XRAY,train,PNEUMONIA,aug_1037_person1627_virus_2819.jpeg,1000,448,448000,2.232,110.94,72.34,255,0,255,110.94,110.94,110.94,1
XRAY,train,PNEUMONIA,aug_1038_person1628_bacteria_4295.jpeg,1240,744,922560,1.667,112.88,41.95,235,0,235,112.88,112.88,112.88,1
XRAY,train,PNEUMONIA,aug_1039_person1628_bacteria_4296.jpeg,1280,848,1085440,1.509,115.2,53.65,255,0,255,115.2,115.2,115.2,1
XRAY,train,PNEUMONIA,aug_103_person1078_virus_1788.jpeg,1176,704,827904,1.67,142.37,76.82,255,0,255,142.37,142.37,142.37,1
XRAY,train,PNEUMONIA,aug_1040_person1628_bacteria_4297.jpeg,1304,968,1262272,1.347,102.75,55.41,255,0,255,102.75,102.75,102.75,1
XRAY,train,PNEUMONIA,aug_1041_person1628_virus_2821.jpeg,1024,608,622592,1.684,134.5,61.36,255,0,255,134.5,134.5,134.5,1
XRAY,train,PNEUMONIA,aug_1042_person162_virus_320.jpeg,1720,1128,1940160,1.525,144.77,87.4,255,0,255,144.77,144.77,144.77,1
XRAY,train,PNEUMONIA,aug_1043_person162_virus_321.jpeg,1424,1224,1742976,1.163,137.94,62.49,255,0,255,137.94,137.94,137.94,1
XRAY,train,PNEUMONIA,aug_1044_person1630_bacteria_4304.jpeg,1792,1232,2207744,1.455,154.57,56.46,255,0,255,154.57,154.57,154.57,1
XRAY,train,PNEUMONIA,aug_1045_person1631_virus_2826.jpeg,1120,784,878080,1.429,128.45,65.87,255,0,255,128.45,128.45,128.45,1
XRAY,train,PNEUMONIA,aug_1046_person1632_virus_2827.jpeg,1592,1000,1592000,1.592,154.93,62.77,255,0,255,154.93,154.93,154.93,1
XRAY,train,PNEUMONIA,aug_1047_person1634_bacteria_4326.jpeg,1648,1096,1806208,1.504,112.15,48.13,254,0,254,112.15,112.15,112.15,1
XRAY,train,PNEUMONIA,aug_1048_person1634_virus_2830.jpeg,1336,1024,1368064,1.305,138.89,64.92,255,0,255,138.89,138.89,138.89,1
XRAY,train,PNEUMONIA,aug_1049_person1636_bacteria_4337.jpeg,1608,1024,1646592,1.57,115.66,57.67,255,0,255,115.66,115.66,115.66,1
XRAY,train,PNEUMONIA,aug_104_person1079_bacteria_3019.jpeg,1248,832,1038336,1.5,114.74,49.35,255,0,255,114.74,114.74,114.74,1
XRAY,train,PNEUMONIA,aug_1050_person1637_bacteria_4339.jpeg,1936,1536,2973696,1.26,152.05,70.08,255,0,255,152.05,152.05,152.05,1
XRAY,train,PNEUMONIA,aug_1051_person1637_virus_2834.jpeg,1080,672,725760,1.607,110.11,65.69,255,0,255,110.11,110.11,110.11,1
XRAY,train,PNEUMONIA,aug_1052_person1638_bacteria_4340.jpeg,1976,1496,2956096,1.321,139.0,57.11,255,0,255,139.0,139.0,139.0,1
XRAY,train,PNEUMONIA,aug_1053_person1638_bacteria_4341.jpeg,1736,1328,2305408,1.307,146.15,57.81,255,0,255,146.15,146.15,146.15,1
XRAY,train,PNEUMONIA,aug_1054_person1639_bacteria_4343.jpeg,832,583,485056,1.427,136.55,38.64,196,0,196,136.55,136.55,136.55,1
XRAY,train,PNEUMONIA,aug_1055_person1639_bacteria_4345.jpeg,781,476,371756,1.641,158.64,46.02,223,0,223,158.64,158.64,158.64,1
XRAY,train,PNEUMONIA,aug_1056_person1640_bacteria_4348.jpeg,855,507,433485,1.686,102.79,53.71,185,0,185,102.79,102.79,102.79,1
XRAY,train,PNEUMONIA,aug_1057_person1640_virus_2839.jpeg,1248,768,958464,1.625,125.0,61.56,255,0,255,125.0,125.0,125.0,1
XRAY,train,PNEUMONIA,aug_1058_person1641_bacteria_4350.jpeg,1072,648,694656,1.654,121.67,47.68,247,0,247,121.67,121.67,121.67,1
XRAY,train,PNEUMONIA,aug_1059_person1641_virus_2840.jpeg,1088,712,774656,1.528,129.98,61.59,255,0,255,129.98,129.98,129.98,1
XRAY,train,PNEUMONIA,aug_105_person1079_virus_1789.jpeg,1568,1152,1806336,1.361,120.58,57.63,255,0,255,120.58,120.58,120.58,1
XRAY,train,PNEUMONIA,aug_1060_person1643_virus_2843.jpeg,1432,1288,1844416,1.112,147.89,57.94,255,0,255,147.89,147.89,147.89,1
XRAY,train,PNEUMONIA,aug_1061_person1644_bacteria_4357.jpeg,645,329,212205,1.96,151.86,57.32,231,0,231,151.86,151.86,151.86,1
XRAY,train,PNEUMONIA,aug_1062_person1644_bacteria_4360.jpeg,718,401,287918,1.791,140.05,45.8,214,0,214,140.05,140.05,140.05,1
XRAY,train,PNEUMONIA,aug_1063_person1644_bacteria_4361.jpeg,720,325,234000,2.215,134.96,51.61,216,0,216,134.96,134.96,134.96,1
XRAY,train,PNEUMONIA,aug_1064_person1644_virus_2844.jpeg,1400,1048,1467200,1.336,122.11,64.99,255,0,255,122.11,122.11,122.11,1
XRAY,train,PNEUMONIA,aug_1065_person1645_bacteria_4363.jpeg,1152,664,764928,1.735,108.06,61.43,255,0,255,108.06,108.06,108.06,1
XRAY,train,PNEUMONIA,aug_1066_person1647_bacteria_4372.jpeg,936,776,726336,1.206,132.5,46.94,255,0,255,132.5,132.5,132.5,1
XRAY,train,PNEUMONIA,aug_1067_person1647_virus_2848.jpeg,1168,768,897024,1.521,127.01,64.67,247,0,247,127.01,127.01,127.01,1
XRAY,train,PNEUMONIA,aug_1068_person1648_bacteria_4373.jpeg,1056,720,760320,1.467,132.31,71.8,245,0,245,132.31,132.31,132.31,1
XRAY,train,PNEUMONIA,aug_1069_person1648_bacteria_4376.jpeg,1144,824,942656,1.388,123.03,63.37,255,0,255,123.03,123.03,123.03,1
XRAY,train,PNEUMONIA,aug_106_person1080_bacteria_3020.jpeg,1432,800,1145600,1.79,158.22,53.68,253,0,253,158.22,158.22,158.22,1
XRAY,train,PNEUMONIA,aug_1070_person1649_bacteria_4378.jpeg,1032,888,916416,1.162,90.09,58.52,255,0,255,90.09,90.09,90.09,1
XRAY,train,PNEUMONIA,aug_1071_person1649_virus_2850.jpeg,1360,920,1251200,1.478,118.23,78.76,255,0,255,118.23,118.23,118.23,1
XRAY,train,PNEUMONIA,aug_1072_person1650_virus_2852.jpeg,1120,784,878080,1.429,117.89,60.65,253,0,253,117.89,117.89,117.89,1
XRAY,train,PNEUMONIA,aug_1073_person1650_virus_2854.jpeg,1120,680,761600,1.647,102.03,55.47,255,0,255,102.03,102.03,102.03,1
XRAY,train,PNEUMONIA,aug_1074_person1651_bacteria_4381.jpeg,1176,816,959616,1.441,122.35,71.38,255,0,255,122.35,122.35,122.35,1
XRAY,train,PNEUMONIA,aug_1075_person1652_bacteria_4383.jpeg,1232,624,768768,1.974,95.32,67.64,247,0,247,95.32,95.32,95.32,1
XRAY,train,PNEUMONIA,aug_1076_person1653_virus_2858.jpeg,1008,592,596736,1.703,127.27,68.97,255,0,255,127.27,127.27,127.27,1
XRAY,train,PNEUMONIA,aug_1077_person1653_virus_2859.jpeg,1096,760,832960,1.442,103.52,65.83,243,0,243,103.52,103.52,103.52,1
XRAY,train,PNEUMONIA,aug_1078_person1655_virus_2861.jpeg,1544,1264,1951616,1.222,159.57,59.3,255,0,255,159.57,159.57,159.57,1
XRAY,train,PNEUMONIA,aug_1079_person1657_bacteria_4398.jpeg,1552,1120,1738240,1.386,83.13,53.74,255,0,255,83.13,83.13,83.13,1
XRAY,train,PNEUMONIA,aug_107_person1082_bacteria_3022.jpeg,1280,984,1259520,1.301,111.63,48.11,255,0,255,111.63,111.63,111.63,1
XRAY,train,PNEUMONIA,aug_1080_person1657_bacteria_4399.jpeg,1456,1160,1688960,1.255,100.1,57.73,255,0,255,100.1,100.1,100.1,1
XRAY,train,PNEUMONIA,aug_1081_person1660_bacteria_4404.jpeg,1032,552,569664,1.87,132.93,68.68,255,0,255,132.93,132.93,132.93,1
XRAY,train,PNEUMONIA,aug_1082_person1660_virus_2869.jpeg,1024,568,581632,1.803,84.63,58.15,236,0,236,84.63,84.63,84.63,1
XRAY,train,PNEUMONIA,aug_1083_person1661_bacteria_4406.jpeg,607,347,210629,1.749,122.27,48.85,202,0,202,122.27,122.27,122.27,1
XRAY,train,PNEUMONIA,aug_1084_person1661_virus_2872.jpeg,1600,992,1587200,1.613,72.58,43.88,241,0,241,72.58,72.58,72.58,1
XRAY,train,PNEUMONIA,aug_1085_person1663_bacteria_4411.jpeg,1416,864,1223424,1.639,124.42,57.03,255,0,255,124.42,124.42,124.42,1
XRAY,train,PNEUMONIA,aug_1086_person1665_bacteria_4415.jpeg,1160,784,909440,1.48,117.7,62.62,252,0,252,117.7,117.7,117.7,1
XRAY,train,PNEUMONIA,aug_1087_person1665_virus_2878.jpeg,1432,1024,1466368,1.398,140.44,59.78,255,0,255,140.44,140.44,140.44,1
XRAY,train,PNEUMONIA,aug_1088_person1667_bacteria_4417.jpeg,1024,648,663552,1.58,126.81,45.73,255,0,255,126.81,126.81,126.81,1
XRAY,train,PNEUMONIA,aug_1089_person1668_bacteria_4420.jpeg,571,310,177010,1.842,137.18,45.67,211,0,211,137.18,137.18,137.18,1
XRAY,train,PNEUMONIA,aug_108_person1082_virus_1794.jpeg,1232,688,847616,1.791,106.22,62.28,255,0,255,106.22,106.22,106.22,1
XRAY,train,PNEUMONIA,aug_1090_person1669_virus_2885.jpeg,1248,728,908544,1.714,131.7,57.93,255,0,255,131.7,131.7,131.7,1
XRAY,train,PNEUMONIA,aug_1091_person1670_bacteria_4426.jpeg,444,262,116328,1.695,142.3,49.84,204,0,204,142.3,142.3,142.3,1
XRAY,train,PNEUMONIA,aug_1092_person1670_bacteria_4427.jpeg,1488,1088,1618944,1.368,118.99,62.15,244,0,244,118.99,118.99,118.99,1
XRAY,train,PNEUMONIA,aug_1093_person1670_bacteria_4429.jpeg,1288,976,1257088,1.32,133.69,50.35,247,0,247,133.69,133.69,133.69,1
XRAY,train,PNEUMONIA,aug_1094_person1670_bacteria_4430.jpeg,1464,1104,1616256,1.326,87.6,57.91,255,0,255,87.6,87.6,87.6,1
XRAY,train,PNEUMONIA,aug_1095_person1670_bacteria_4431.jpeg,1568,832,1304576,1.885,114.3,64.47,255,0,255,114.3,114.3,114.3,1
XRAY,train,PNEUMONIA,aug_1096_person1671_bacteria_4432.jpeg,1528,1024,1564672,1.492,138.38,64.87,255,0,255,138.38,138.38,138.38,1
XRAY,train,PNEUMONIA,aug_1097_person1671_virus_2887.jpeg,1512,888,1342656,1.703,125.56,81.49,255,0,255,125.56,125.56,125.56,1
XRAY,train,PNEUMONIA,aug_1098_person1672_virus_2888.jpeg,1456,1080,1572480,1.348,137.93,56.57,255,0,255,137.93,137.93,137.93,1
XRAY,train,PNEUMONIA,aug_1099_person1673_virus_2889.jpeg,1168,840,981120,1.39,134.61,65.19,255,0,255,134.61,134.61,134.61,1
XRAY,train,PNEUMONIA,aug_109_person1084_bacteria_3024.jpeg,1096,776,850496,1.412,137.1,52.67,255,0,255,137.1,137.1,137.1,1
XRAY,train,PNEUMONIA,aug_10_person100_bacteria_475.jpeg,1106,762,842772,1.451,117.85,59.52,255,0,255,117.85,117.85,117.85,1
XRAY,train,PNEUMONIA,aug_1100_person1674_bacteria_4437.jpeg,1160,936,1085760,1.239,79.45,57.72,255,0,255,79.45,79.45,79.45,1
XRAY,train,PNEUMONIA,aug_1101_person1674_virus_2890.jpeg,1960,1416,2775360,1.384,159.86,62.69,255,0,255,159.86,159.86,159.86,1
XRAY,train,PNEUMONIA,aug_1102_person1675_virus_2891.jpeg,952,520,495040,1.831,104.86,75.19,255,0,255,104.86,104.86,104.86,1
XRAY,train,PNEUMONIA,aug_1103_person1676_bacteria_4441.jpeg,407,178,72446,2.287,153.41,37.84,232,0,232,153.41,153.41,153.41,1
XRAY,train,PNEUMONIA,aug_1104_person1677_bacteria_4443.jpeg,499,261,130239,1.912,118.05,49.79,191,0,191,118.05,118.05,118.05,1
XRAY,train,PNEUMONIA,aug_1105_person1677_bacteria_4444.jpeg,500,198,99000,2.525,143.35,56.27,211,11,222,143.35,143.35,143.35,1
XRAY,train,PNEUMONIA,aug_1106_person1678_bacteria_4446.jpeg,1144,928,1061632,1.233,130.94,61.07,248,0,248,130.94,130.94,130.94,1
XRAY,train,PNEUMONIA,aug_1107_person1678_virus_2895.jpeg,1408,840,1182720,1.676,129.7,81.26,255,0,255,129.7,129.7,129.7,1
XRAY,train,PNEUMONIA,aug_1108_person1679_bacteria_4448.jpeg,480,167,80160,2.874,148.12,58.72,209,0,209,148.12,148.12,148.12,1
XRAY,train,PNEUMONIA,aug_1109_person1679_bacteria_4449.jpeg,438,168,73584,2.607,137.82,45.9,192,0,192,137.82,137.82,137.82,1
XRAY,train,PNEUMONIA,aug_110_person1084_virus_1796.jpeg,1544,1080,1667520,1.43,136.0,70.31,255,0,255,136.0,136.0,136.0,1
XRAY,train,PNEUMONIA,aug_1110_person1679_bacteria_4450.jpeg,549,229,125721,2.397,143.78,56.85,222,0,222,143.78,143.78,143.78,1
XRAY,train,PNEUMONIA,aug_1111_person1680_bacteria_4455.jpeg,984,544,535296,1.809,111.43,61.57,255,0,255,111.43,111.43,111.43,1
XRAY,train,PNEUMONIA,aug_1112_person1680_virus_2897.jpeg,1624,968,1572032,1.678,113.98,72.28,255,0,255,113.98,113.98,113.98,1
XRAY,train,PNEUMONIA,aug_1113_person1682_bacteria_4459.jpeg,1120,744,833280,1.505,108.91,66.63,255,0,255,108.91,108.91,108.91,1
XRAY,train,PNEUMONIA,aug_1114_person1682_virus_2899.jpeg,1712,1392,2383104,1.23,147.28,51.04,255,0,255,147.28,147.28,147.28,1
XRAY,train,PNEUMONIA,aug_1115_person1683_bacteria_4460.jpeg,2072,1440,2983680,1.439,135.87,65.9,255,0,255,135.87,135.87,135.87,1
XRAY,train,PNEUMONIA,aug_1116_person1684_bacteria_4461.jpeg,499,188,93812,2.654,135.04,35.18,195,0,195,135.04,135.04,135.04,1
XRAY,train,PNEUMONIA,aug_1117_person1684_bacteria_4462.jpeg,494,151,74594,3.272,110.59,49.29,187,0,187,110.59,110.59,110.59,1
XRAY,train,PNEUMONIA,aug_1118_person1684_bacteria_4463.jpeg,984,568,558912,1.732,121.85,54.35,255,0,255,121.85,121.85,121.85,1
XRAY,train,PNEUMONIA,aug_1119_person1685_virus_2903.jpeg,792,560,443520,1.414,140.0,49.18,253,0,253,140.0,140.0,140.0,1
XRAY,train,PNEUMONIA,aug_111_person1085_virus_1797.jpeg,1320,776,1024320,1.701,131.21,59.99,255,0,255,131.21,131.21,131.21,1
XRAY,train,PNEUMONIA,aug_1120_person1686_bacteria_4466.jpeg,503,260,130780,1.935,120.3,54.6,203,0,203,120.3,120.3,120.3,1
XRAY,train,PNEUMONIA,aug_1121_person1687_bacteria_4468.jpeg,1096,784,859264,1.398,103.68,62.84,237,0,237,103.68,103.68,103.68,1
XRAY,train,PNEUMONIA,aug_1122_person1689_bacteria_4472.jpeg,1024,632,647168,1.62,106.74,68.87,242,0,242,106.74,106.74,106.74,1
XRAY,train,PNEUMONIA,aug_1123_person1689_bacteria_4473.jpeg,567,258,146286,2.198,127.77,42.53,216,0,216,127.77,127.77,127.77,1
XRAY,train,PNEUMONIA,aug_1124_person1689_bacteria_4474.jpeg,437,144,62928,3.035,127.78,48.05,208,0,208,127.78,127.78,127.78,1
XRAY,train,PNEUMONIA,aug_1125_person1690_bacteria_4475.jpeg,1664,1472,2449408,1.13,161.46,43.75,255,0,255,161.46,161.46,161.46,1
XRAY,train,PNEUMONIA,aug_1126_person1693_bacteria_4485.jpeg,399,164,65436,2.433,133.78,42.3,204,1,205,133.78,133.78,133.78,1
XRAY,train,PNEUMONIA,aug_1127_person1696_bacteria_4495.jpeg,1072,648,694656,1.654,133.57,41.49,239,0,239,133.57,133.57,133.57,1
XRAY,train,PNEUMONIA,aug_1128_person1698_bacteria_4497.jpeg,1152,696,801792,1.655,104.68,50.02,239,0,239,104.68,104.68,104.68,1
XRAY,train,PNEUMONIA,aug_1129_person1699_bacteria_4498.jpeg,1384,808,1118272,1.713,114.24,61.04,255,0,255,114.24,114.24,114.24,1
XRAY,train,PNEUMONIA,aug_112_person1086_virus_1798.jpeg,1128,728,821184,1.549,111.75,64.19,255,0,255,111.75,111.75,111.75,1
XRAY,train,PNEUMONIA,aug_1130_person16_bacteria_53.jpeg,1470,1033,1518510,1.423,103.11,59.87,235,0,235,103.11,103.11,103.11,1
XRAY,train,PNEUMONIA,aug_1131_person16_bacteria_54.jpeg,1460,924,1349040,1.58,124.46,56.18,255,0,255,124.46,124.46,124.46,1
XRAY,train,PNEUMONIA,aug_1132_person1700_bacteria_4500.jpeg,1168,864,1009152,1.352,98.34,58.99,255,0,255,98.34,98.34,98.34,1
XRAY,train,PNEUMONIA,aug_1133_person1701_bacteria_4504.jpeg,1408,864,1216512,1.63,137.81,73.07,255,0,255,137.81,137.81,137.81,1
XRAY,train,PNEUMONIA,aug_1134_person1702_bacteria_4508.jpeg,1048,816,855168,1.284,144.26,63.72,255,0,255,144.26,144.26,144.26,1
XRAY,train,PNEUMONIA,aug_1135_person1707_bacteria_4520.jpeg,514,269,138266,1.911,99.87,50.15,184,0,184,99.87,99.87,99.87,1
XRAY,train,PNEUMONIA,aug_1136_person1708_bacteria_4521.jpeg,1616,1328,2146048,1.217,137.21,70.71,255,0,255,137.21,137.21,137.21,1
XRAY,train,PNEUMONIA,aug_1137_person1709_bacteria_4522.jpeg,1288,848,1092224,1.519,114.77,51.05,255,0,255,114.77,114.77,114.77,1
XRAY,train,PNEUMONIA,aug_1138_person1709_bacteria_4524.jpeg,1168,1016,1186688,1.15,140.61,53.43,255,0,255,140.61,140.61,140.61,1
XRAY,train,PNEUMONIA,aug_1139_person1710_bacteria_4526.jpeg,450,230,103500,1.957,169.01,43.72,237,0,237,169.01,169.01,169.01,1
XRAY,train,PNEUMONIA,aug_113_person1087_bacteria_3027.jpeg,1160,752,872320,1.543,126.59,49.91,255,0,255,126.59,126.59,126.59,1
XRAY,train,PNEUMONIA,aug_1140_person1711_bacteria_4527.jpeg,1168,784,915712,1.49,96.57,59.14,255,0,255,96.57,96.57,96.57,1
XRAY,train,PNEUMONIA,aug_1141_person1715_bacteria_4532.jpeg,1216,984,1196544,1.236,147.91,67.0,255,0,255,147.91,147.91,147.91,1
XRAY,train,PNEUMONIA,aug_1142_person1717_bacteria_4534.jpeg,1184,816,966144,1.451,155.29,46.46,255,0,255,155.29,155.29,155.29,1
XRAY,train,PNEUMONIA,aug_1143_person1717_bacteria_4536.jpeg,1352,680,919360,1.988,116.27,60.57,255,0,255,116.27,116.27,116.27,1
XRAY,train,PNEUMONIA,aug_1144_person1718_bacteria_4540.jpeg,1800,1256,2260800,1.433,148.55,47.43,255,0,255,148.55,148.55,148.55,1
XRAY,train,PNEUMONIA,aug_1145_person1719_bacteria_4541.jpeg,557,177,98589,3.147,132.8,58.73,200,12,212,132.8,132.8,132.8,1
XRAY,train,PNEUMONIA,aug_1146_person1719_bacteria_4542.jpeg,481,234,112554,2.056,117.62,40.4,185,3,188,117.62,117.62,117.62,1
XRAY,train,PNEUMONIA,aug_1147_person1720_bacteria_4545.jpeg,1152,648,746496,1.778,113.61,68.95,255,0,255,113.61,113.61,113.61,1
XRAY,train,PNEUMONIA,aug_1148_person1721_bacteria_4546.jpeg,1160,816,946560,1.422,118.37,46.29,255,0,255,118.37,118.37,118.37,1
XRAY,train,PNEUMONIA,aug_1149_person1723_bacteria_4548.jpeg,457,295,134815,1.549,150.68,36.86,220,1,221,150.68,150.68,150.68,1
XRAY,train,PNEUMONIA,aug_114_person1087_virus_1799.jpeg,904,472,426688,1.915,123.22,53.98,255,0,255,123.22,123.22,123.22,1
XRAY,train,PNEUMONIA,aug_1150_person1725_bacteria_4550.jpeg,514,275,141350,1.869,150.19,43.7,226,11,237,150.19,150.19,150.19,1
XRAY,train,PNEUMONIA,aug_1151_person1725_bacteria_4551.jpeg,450,250,112500,1.8,100.44,42.9,176,0,176,100.44,100.44,100.44,1
XRAY,train,PNEUMONIA,aug_1152_person1726_bacteria_4552.jpeg,1136,792,899712,1.434,126.26,57.51,255,0,255,126.26,126.26,126.26,1
XRAY,train,PNEUMONIA,aug_1153_person1728_bacteria_4555.jpeg,486,186,90396,2.613,131.2,58.61,201,0,201,131.2,131.2,131.2,1
XRAY,train,PNEUMONIA,aug_1154_person172_bacteria_827.jpeg,1088,752,818176,1.447,123.79,48.84,255,0,255,123.79,123.79,123.79,1
XRAY,train,PNEUMONIA,aug_1155_person172_bacteria_828.jpeg,1458,990,1443420,1.473,94.69,53.34,255,0,255,94.69,94.69,94.69,1
XRAY,train,PNEUMONIA,aug_1156_person1730_bacteria_4558.jpeg,872,560,488320,1.557,86.22,59.8,255,0,255,86.22,86.22,86.22,1
XRAY,train,PNEUMONIA,aug_1157_person1731_bacteria_4563.jpeg,1184,704,833536,1.682,108.84,51.99,255,0,255,108.84,108.84,108.84,1
XRAY,train,PNEUMONIA,aug_1158_person1732_bacteria_4564.jpeg,492,156,76752,3.154,138.36,49.83,200,10,210,138.36,138.36,138.36,1
XRAY,train,PNEUMONIA,aug_1159_person1735_bacteria_4570.jpeg,1656,1048,1735488,1.58,147.87,76.36,255,0,255,147.87,147.87,147.87,1
XRAY,train,PNEUMONIA,aug_115_person1088_bacteria_3028.jpeg,1000,824,824000,1.214,127.79,44.32,236,0,236,127.79,127.79,127.79,1
XRAY,train,PNEUMONIA,aug_1160_person1737_bacteria_4573.jpeg,2072,1768,3663296,1.172,135.02,58.06,255,0,255,135.02,135.02,135.02,1
XRAY,train,PNEUMONIA,aug_1161_person173_bacteria_829.jpeg,1192,992,1182464,1.202,114.11,51.63,255,0,255,114.11,114.11,114.11,1
XRAY,train,PNEUMONIA,aug_1162_person173_bacteria_830.jpeg,1208,792,956736,1.525,112.89,53.51,254,0,254,112.89,112.89,112.89,1
XRAY,train,PNEUMONIA,aug_1163_person1740_bacteria_4579.jpeg,1720,1328,2284160,1.295,164.69,28.96,255,0,255,164.69,164.69,164.69,1
XRAY,train,PNEUMONIA,aug_1164_person1744_bacteria_4583.jpeg,1416,1208,1710528,1.172,109.63,61.42,255,0,255,109.63,109.63,109.63,1
XRAY,train,PNEUMONIA,aug_1165_person1745_bacteria_4584.jpeg,1792,1280,2293760,1.4,162.72,55.36,255,0,255,162.72,162.72,162.72,1
XRAY,train,PNEUMONIA,aug_1166_person1746_bacteria_4585.jpeg,2072,1440,2983680,1.439,153.53,51.44,255,0,255,153.53,153.53,153.53,1
XRAY,train,PNEUMONIA,aug_1167_person1748_bacteria_4588.jpeg,1904,1744,3320576,1.092,152.72,74.43,255,0,255,152.72,152.72,152.72,1
XRAY,train,PNEUMONIA,aug_1168_person1749_bacteria_4590.jpeg,493,289,142477,1.706,171.08,38.23,219,0,219,171.08,171.08,171.08,1
XRAY,train,PNEUMONIA,aug_1169_person174_bacteria_832.jpeg,1365,1118,1526070,1.221,131.11,59.69,237,0,237,131.11,131.11,131.11,1
XRAY,train,PNEUMONIA,aug_116_person1088_virus_1800.jpeg,2080,1736,3610880,1.198,157.93,40.85,255,0,255,157.93,157.93,157.93,1
XRAY,train,PNEUMONIA,aug_1170_person1751_bacteria_4592.jpeg,462,241,111342,1.917,140.0,47.34,215,0,215,140.0,140.0,140.0,1
XRAY,train,PNEUMONIA,aug_1171_person1753_bacteria_4594.jpeg,1480,680,1006400,2.176,147.65,52.01,255,0,255,147.65,147.65,147.65,1
XRAY,train,PNEUMONIA,aug_1172_person1756_bacteria_4598.jpeg,1424,1128,1606272,1.262,109.39,56.32,246,0,246,109.39,109.39,109.39,1
XRAY,train,PNEUMONIA,aug_1173_person1757_bacteria_4599.jpeg,920,664,610880,1.386,96.19,37.47,239,0,239,96.19,96.19,96.19,1
XRAY,train,PNEUMONIA,aug_1174_person175_bacteria_833.jpeg,1096,880,964480,1.245,130.15,59.94,255,0,255,130.15,130.15,130.15,1
XRAY,train,PNEUMONIA,aug_1175_person175_bacteria_835.jpeg,1208,640,773120,1.887,114.41,61.48,255,0,255,114.41,114.41,114.41,1
XRAY,train,PNEUMONIA,aug_1176_person1760_bacteria_4602.jpeg,952,632,601664,1.506,122.79,62.49,255,0,255,122.79,122.79,122.79,1
XRAY,train,PNEUMONIA,aug_1177_person1763_bacteria_4606.jpeg,483,178,85974,2.713,112.6,51.62,188,0,188,112.6,112.6,112.6,1
XRAY,train,PNEUMONIA,aug_1178_person1765_bacteria_4608.jpeg,1256,856,1075136,1.467,165.24,48.96,255,0,255,165.24,165.24,165.24,1
XRAY,train,PNEUMONIA,aug_1179_person1771_bacteria_4615.jpeg,1760,1352,2379520,1.302,136.2,55.88,255,0,255,136.2,136.2,136.2,1
XRAY,train,PNEUMONIA,aug_117_person1089_bacteria_3029.jpeg,1136,688,781568,1.651,110.74,58.3,255,0,255,110.74,110.74,110.74,1
XRAY,train,PNEUMONIA,aug_1180_person1784_bacteria_4631.jpeg,888,632,561216,1.405,91.77,53.77,255,0,255,91.77,91.77,91.77,1
XRAY,train,PNEUMONIA,aug_1181_person1787_bacteria_4634.jpeg,984,520,511680,1.892,125.54,65.51,253,0,253,125.54,125.54,125.54,1
XRAY,train,PNEUMONIA,aug_1182_person1790_bacteria_4638.jpeg,1016,624,633984,1.628,122.78,49.89,253,0,253,122.78,122.78,122.78,1
XRAY,train,PNEUMONIA,aug_1183_person1796_bacteria_4644.jpeg,1080,712,768960,1.517,107.55,56.54,255,0,255,107.55,107.55,107.55,1
XRAY,train,PNEUMONIA,aug_1184_person1799_bacteria_4647.jpeg,1192,520,619840,2.292,99.83,47.66,243,0,243,99.83,99.83,99.83,1
XRAY,train,PNEUMONIA,aug_1185_person17_bacteria_56.jpeg,1256,932,1170592,1.348,118.57,64.75,255,0,255,118.57,118.57,118.57,1
XRAY,train,PNEUMONIA,aug_1186_person1803_bacteria_4651.jpeg,1056,672,709632,1.571,145.63,47.4,235,0,235,145.63,145.63,145.63,1
XRAY,train,PNEUMONIA,aug_1187_person1803_bacteria_4652.jpeg,976,672,655872,1.452,124.28,54.85,240,0,240,124.28,124.28,124.28,1
XRAY,train,PNEUMONIA,aug_1188_person1812_bacteria_4667.jpeg,976,560,546560,1.743,134.03,40.38,250,0,250,134.03,134.03,134.03,1
XRAY,train,PNEUMONIA,aug_1189_person1814_bacteria_4669.jpeg,912,576,525312,1.583,136.7,52.48,255,0,255,136.7,136.7,136.7,1
XRAY,train,PNEUMONIA,aug_118_person1089_virus_1808.jpeg,1064,576,612864,1.847,110.11,65.72,241,0,241,110.11,110.11,110.11,1
XRAY,train,PNEUMONIA,aug_1190_person1816_bacteria_4673.jpeg,1272,592,753024,2.149,159.75,48.12,255,0,255,159.75,159.75,159.75,1
XRAY,train,PNEUMONIA,aug_1191_person1816_bacteria_4674.jpeg,1240,728,902720,1.703,93.73,55.85,255,0,255,93.73,93.73,93.73,1
XRAY,train,PNEUMONIA,aug_1192_person1817_bacteria_4675.jpeg,1184,792,937728,1.495,119.0,61.04,244,0,244,119.0,119.0,119.0,1
XRAY,train,PNEUMONIA,aug_1193_person1823_bacteria_4682.jpeg,1080,784,846720,1.378,134.76,49.0,255,0,255,134.76,134.76,134.76,1
XRAY,train,PNEUMONIA,aug_1194_person1830_bacteria_4693.jpeg,1584,1104,1748736,1.435,113.56,70.23,255,0,255,113.56,113.56,113.56,1
XRAY,train,PNEUMONIA,aug_1195_person1835_bacteria_4699.jpeg,1064,672,715008,1.583,122.24,59.62,255,0,255,122.24,122.24,122.24,1
XRAY,train,PNEUMONIA,aug_1196_person1838_bacteria_4703.jpeg,1328,888,1179264,1.495,133.24,55.11,255,0,255,133.24,133.24,133.24,1
XRAY,train,PNEUMONIA,aug_1197_person1848_bacteria_4719.jpeg,1312,792,1039104,1.657,132.44,70.27,255,0,255,132.44,132.44,132.44,1
XRAY,train,PNEUMONIA,aug_1198_person1850_bacteria_4721.jpeg,880,520,457600,1.692,156.06,43.15,255,0,255,156.06,156.06,156.06,1
XRAY,train,PNEUMONIA,aug_1199_person1851_bacteria_4722.jpeg,1080,776,838080,1.392,129.24,57.2,255,0,255,129.24,129.24,129.24,1
XRAY,train,PNEUMONIA,aug_119_person108_bacteria_506.jpeg,1184,1032,1221888,1.147,135.61,50.32,236,0,236,135.61,135.61,135.61,1
XRAY,train,PNEUMONIA,aug_11_person100_bacteria_477.jpeg,1024,680,696320,1.506,73.19,40.7,255,0,255,73.19,73.19,73.19,1
XRAY,train,PNEUMONIA,aug_1200_person1855_bacteria_4727.jpeg,1048,664,695872,1.578,113.76,67.22,252,0,252,113.76,113.76,113.76,1
XRAY,train,PNEUMONIA,aug_1201_person1857_bacteria_4729.jpeg,1040,544,565760,1.912,109.76,62.19,245,0,245,109.76,109.76,109.76,1
XRAY,train,PNEUMONIA,aug_1202_person1858_bacteria_4730.jpeg,1416,800,1132800,1.77,113.46,71.79,247,0,247,113.46,113.46,113.46,1
XRAY,train,PNEUMONIA,aug_1203_person1859_bacteria_4731.jpeg,1520,952,1447040,1.597,138.79,67.53,255,0,255,138.79,138.79,138.79,1
XRAY,train,PNEUMONIA,aug_1204_person1863_bacteria_4735.jpeg,1072,720,771840,1.489,115.67,52.3,238,0,238,115.67,115.67,115.67,1
XRAY,train,PNEUMONIA,aug_1205_person1864_bacteria_4736.jpeg,984,552,543168,1.783,107.61,48.24,255,0,255,107.61,107.61,107.61,1
XRAY,train,PNEUMONIA,aug_1206_person1865_bacteria_4737.jpeg,1688,1488,2511744,1.134,163.27,76.28,255,0,255,163.27,163.27,163.27,1
XRAY,train,PNEUMONIA,aug_1207_person1865_bacteria_4739.jpeg,1824,1384,2524416,1.318,107.7,66.06,255,0,255,107.7,107.7,107.7,1
XRAY,train,PNEUMONIA,aug_1208_person1867_bacteria_4741.jpeg,1592,1352,2152384,1.178,152.99,66.13,255,0,255,152.99,152.99,152.99,1
XRAY,train,PNEUMONIA,aug_1209_person1868_bacteria_4743.jpeg,912,456,415872,2.0,104.95,61.84,248,0,248,104.95,104.95,104.95,1
XRAY,train,PNEUMONIA,aug_120_person108_bacteria_511.jpeg,1438,1260,1811880,1.141,121.61,63.25,251,0,251,121.61,121.61,121.61,1
XRAY,train,PNEUMONIA,aug_1210_person1869_bacteria_4745.jpeg,1184,808,956672,1.465,118.38,67.69,255,0,255,118.38,118.38,118.38,1
XRAY,train,PNEUMONIA,aug_1211_person1872_bacteria_4750.jpeg,1704,1616,2753664,1.054,154.65,42.5,255,0,255,154.65,154.65,154.65,1
XRAY,train,PNEUMONIA,aug_1212_person1876_bacteria_4760.jpeg,1216,720,875520,1.689,113.84,69.04,255,0,255,113.84,113.84,113.84,1
XRAY,train,PNEUMONIA,aug_1213_person1879_bacteria_4764.jpeg,1312,848,1112576,1.547,99.56,56.48,255,0,255,99.56,99.56,99.56,1
XRAY,train,PNEUMONIA,aug_1214_person1880_bacteria_4765.jpeg,1136,768,872448,1.479,132.85,70.47,255,0,255,132.85,132.85,132.85,1
XRAY,train,PNEUMONIA,aug_1215_person1881_bacteria_4767.jpeg,1224,776,949824,1.577,116.08,58.38,238,0,238,116.08,116.08,116.08,1
XRAY,train,PNEUMONIA,aug_1216_person1883_bacteria_4769.jpeg,1904,1560,2970240,1.221,135.71,53.95,255,0,255,135.71,135.71,135.71,1
XRAY,train,PNEUMONIA,aug_1217_person1884_bacteria_4771.jpeg,1040,648,673920,1.605,144.15,50.45,255,0,255,144.15,144.15,144.15,1
XRAY,train,PNEUMONIA,aug_1218_person1885_bacteria_4772.jpeg,1152,832,958464,1.385,135.48,71.27,255,0,255,135.48,135.48,135.48,1
XRAY,train,PNEUMONIA,aug_1219_person1886_bacteria_4773.jpeg,1368,944,1291392,1.449,108.86,56.91,255,0,255,108.86,108.86,108.86,1
XRAY,train,PNEUMONIA,aug_121_person108_virus_201.jpeg,1968,1688,3321984,1.166,139.08,38.13,255,0,255,139.08,139.08,139.08,1
XRAY,train,PNEUMONIA,aug_1220_person1888_bacteria_4775.jpeg,1568,1272,1994496,1.233,154.03,62.83,255,0,255,154.03,154.03,154.03,1
XRAY,train,PNEUMONIA,aug_1221_person1893_bacteria_4781.jpeg,1008,568,572544,1.775,111.61,60.83,255,0,255,111.61,111.61,111.61,1
XRAY,train,PNEUMONIA,aug_1222_person1896_bacteria_4788.jpeg,1184,808,956672,1.465,141.68,50.31,244,0,244,141.68,141.68,141.68,1
XRAY,train,PNEUMONIA,aug_1223_person1897_bacteria_4789.jpeg,1192,728,867776,1.637,137.61,51.94,255,0,255,137.61,137.61,137.61,1
XRAY,train,PNEUMONIA,aug_1224_person1901_bacteria_4795.jpeg,896,568,508928,1.577,145.01,50.79,255,0,255,145.01,145.01,145.01,1
XRAY,train,PNEUMONIA,aug_1225_person1903_bacteria_4797.jpeg,1640,936,1535040,1.752,119.27,72.99,255,0,255,119.27,119.27,119.27,1
XRAY,train,PNEUMONIA,aug_1226_person1904_bacteria_4798.jpeg,1024,560,573440,1.829,125.08,58.35,255,0,255,125.08,125.08,125.08,1
XRAY,train,PNEUMONIA,aug_1227_person1906_bacteria_4803.jpeg,1256,680,854080,1.847,140.04,63.4,255,0,255,140.04,140.04,140.04,1
XRAY,train,PNEUMONIA,aug_1228_person1907_bacteria_4806.jpeg,984,656,645504,1.5,99.86,51.84,255,0,255,99.86,99.86,99.86,1
XRAY,train,PNEUMONIA,aug_1229_person1910_bacteria_4814.jpeg,952,520,495040,1.831,122.72,65.23,255,0,255,122.72,122.72,122.72,1
XRAY,train,PNEUMONIA,aug_122_person1091_bacteria_3031.jpeg,1112,784,871808,1.418,100.94,50.07,255,0,255,100.94,100.94,100.94,1
XRAY,train,PNEUMONIA,aug_1230_person1911_bacteria_4815.jpeg,1272,664,844608,1.916,125.75,64.78,255,0,255,125.75,125.75,125.75,1
XRAY,train,PNEUMONIA,aug_1231_person1912_bacteria_4816.jpeg,1520,920,1398400,1.652,99.69,50.21,255,0,255,99.69,99.69,99.69,1
XRAY,train,PNEUMONIA,aug_1232_person1912_bacteria_4817.jpeg,1720,992,1706240,1.734,89.24,50.64,255,0,255,89.24,89.24,89.24,1
XRAY,train,PNEUMONIA,aug_1233_person1916_bacteria_4821.jpeg,1480,872,1290560,1.697,129.77,48.23,255,0,255,129.77,129.77,129.77,1
XRAY,train,PNEUMONIA,aug_1234_person1917_bacteria_4823.jpeg,1360,856,1164160,1.589,175.37,53.72,255,0,255,175.37,175.37,175.37,1
XRAY,train,PNEUMONIA,aug_1235_person1918_bacteria_4825.jpeg,1384,1024,1417216,1.352,130.63,58.49,255,0,255,130.63,130.63,130.63,1
XRAY,train,PNEUMONIA,aug_1236_person1926_bacteria_4835.jpeg,1096,784,859264,1.398,114.94,62.92,255,0,255,114.94,114.94,114.94,1
XRAY,train,PNEUMONIA,aug_1237_person1927_bacteria_4836.jpeg,1416,912,1291392,1.553,167.9,43.95,255,0,255,167.9,167.9,167.9,1
XRAY,train,PNEUMONIA,aug_1238_person1927_bacteria_4837.jpeg,1288,792,1020096,1.626,139.13,34.05,255,0,255,139.13,139.13,139.13,1
XRAY,train,PNEUMONIA,aug_1239_person1932_bacteria_4843.jpeg,1368,888,1214784,1.541,93.88,68.91,244,0,244,93.88,93.88,93.88,1
XRAY,train,PNEUMONIA,aug_123_person1092_bacteria_3032.jpeg,1216,760,924160,1.6,126.02,52.46,249,0,249,126.02,126.02,126.02,1
XRAY,train,PNEUMONIA,aug_1240_person1933_bacteria_4844.jpeg,1728,1224,2115072,1.412,109.89,59.32,255,0,255,109.89,109.89,109.89,1
XRAY,train,PNEUMONIA,aug_1241_person1934_bacteria_4846.jpeg,1552,1200,1862400,1.293,103.74,61.64,255,0,255,103.74,103.74,103.74,1
XRAY,train,PNEUMONIA,aug_1242_person1935_bacteria_4848.jpeg,1736,1136,1972096,1.528,110.99,63.04,255,0,255,110.99,110.99,110.99,1
XRAY,train,PNEUMONIA,aug_1243_person1935_bacteria_4849.jpeg,1504,1152,1732608,1.306,132.23,66.67,255,0,255,132.23,132.23,132.23,1
XRAY,train,PNEUMONIA,aug_1244_person1935_bacteria_4850.jpeg,1648,1280,2109440,1.288,106.91,68.82,235,0,235,106.91,106.91,106.91,1
XRAY,train,PNEUMONIA,aug_1245_person1936_bacteria_4852.jpeg,1064,552,587328,1.928,114.61,54.34,255,0,255,114.61,114.61,114.61,1
XRAY,train,PNEUMONIA,aug_1246_person1937_bacteria_4853.jpeg,1160,904,1048640,1.283,121.8,70.81,255,0,255,121.8,121.8,121.8,1
XRAY,train,PNEUMONIA,aug_1247_person1938_bacteria_4854.jpeg,1392,912,1269504,1.526,105.7,53.32,255,0,255,105.7,105.7,105.7,1
XRAY,train,PNEUMONIA,aug_1248_person1940_bacteria_4859.jpeg,1328,936,1243008,1.419,107.95,45.52,255,0,255,107.95,107.95,107.95,1
XRAY,train,PNEUMONIA,aug_1249_person1940_bacteria_4862.jpeg,1416,984,1393344,1.439,133.08,51.08,255,0,255,133.08,133.08,133.08,1
XRAY,train,PNEUMONIA,aug_124_person1096_virus_1816.jpeg,1000,608,608000,1.645,101.85,63.84,255,0,255,101.85,101.85,101.85,1
XRAY,train,PNEUMONIA,aug_1250_person1942_bacteria_4865.jpeg,1192,928,1106176,1.284,151.64,57.86,255,0,255,151.64,151.64,151.64,1
XRAY,train,PNEUMONIA,aug_1251_person1944_bacteria_4869.jpeg,1352,824,1114048,1.641,107.39,86.34,255,0,255,107.39,107.39,107.39,1
XRAY,train,PNEUMONIA,aug_1252_person1946_bacteria_4874.jpeg,968,592,573056,1.635,114.95,54.55,255,0,255,114.95,114.95,114.95,1
XRAY,train,PNEUMONIA,aug_1253_person1946_bacteria_4875.jpeg,1072,712,763264,1.506,90.78,51.0,243,0,243,90.78,90.78,90.78,1
XRAY,train,PNEUMONIA,aug_1254_person1947_bacteria_4876.jpeg,1152,664,764928,1.735,135.51,59.74,255,0,255,135.51,135.51,135.51,1
XRAY,train,PNEUMONIA,aug_1255_person1951_bacteria_4882.jpeg,1016,656,666496,1.549,140.82,54.67,255,0,255,140.82,140.82,140.82,1
XRAY,train,PNEUMONIA,aug_1256_person1952_bacteria_4883.jpeg,1192,952,1134784,1.252,142.82,55.4,255,0,255,142.82,142.82,142.82,1
XRAY,train,PNEUMONIA,aug_1257_person1954_bacteria_4886.jpeg,1664,1128,1876992,1.475,107.21,77.29,255,0,255,107.21,107.21,107.21,1
XRAY,train,PNEUMONIA,aug_1258_person19_bacteria_60.jpeg,856,632,540992,1.354,146.95,47.75,255,0,255,146.95,146.95,146.95,1
XRAY,train,PNEUMONIA,aug_1259_person19_bacteria_61.jpeg,832,504,419328,1.651,146.18,53.0,255,0,255,146.18,146.18,146.18,1
XRAY,train,PNEUMONIA,aug_125_person1097_bacteria_3038.jpeg,936,792,741312,1.182,112.21,52.49,255,0,255,112.21,112.21,112.21,1
XRAY,train,PNEUMONIA,aug_1260_person19_bacteria_62.jpeg,952,560,533120,1.7,158.51,47.28,255,0,255,158.51,158.51,158.51,1
XRAY,train,PNEUMONIA,aug_1261_person19_bacteria_63.jpeg,1064,627,667128,1.697,122.91,62.81,255,0,255,122.91,122.91,122.91,1
XRAY,train,PNEUMONIA,aug_1262_person19_virus_50.jpeg,1462,1010,1476620,1.448,87.77,57.22,255,0,255,87.77,87.77,87.77,1
XRAY,train,PNEUMONIA,aug_1263_person1_bacteria_2.jpeg,1240,840,1041600,1.476,147.69,53.44,255,0,255,147.69,147.69,147.69,1
XRAY,train,PNEUMONIA,aug_1264_person1_virus_11.jpeg,872,560,488320,1.557,128.88,47.92,255,0,255,128.88,128.88,128.88,1
XRAY,train,PNEUMONIA,aug_1265_person1_virus_12.jpeg,1080,624,673920,1.731,105.0,52.58,255,0,255,105.0,105.0,105.0,1
XRAY,train,PNEUMONIA,aug_1266_person1_virus_6.jpeg,944,640,604160,1.475,114.91,50.57,251,0,251,114.91,114.91,114.91,1
XRAY,train,PNEUMONIA,aug_1267_person1_virus_7.jpeg,1000,544,544000,1.838,136.06,54.09,244,0,244,136.06,136.06,136.06,1
XRAY,train,PNEUMONIA,aug_1268_person1_virus_8.jpeg,960,544,522240,1.765,107.36,47.47,255,0,255,107.36,107.36,107.36,1
XRAY,train,PNEUMONIA,aug_1269_person20_bacteria_64.jpeg,824,656,540544,1.256,129.96,45.77,238,0,238,129.96,129.96,129.96,1
XRAY,train,PNEUMONIA,aug_126_person1097_virus_1817.jpeg,1288,840,1081920,1.533,131.06,69.74,255,0,255,131.06,131.06,131.06,1
XRAY,train,PNEUMONIA,aug_1270_person20_bacteria_66.jpeg,1048,736,771328,1.424,132.64,56.29,255,0,255,132.64,132.64,132.64,1
XRAY,train,PNEUMONIA,aug_1271_person20_bacteria_69.jpeg,1118,740,827320,1.511,111.96,69.57,255,0,255,111.96,111.96,111.96,1
XRAY,train,PNEUMONIA,aug_1272_person20_virus_51.jpeg,1320,1208,1594560,1.093,139.97,49.08,255,0,255,139.97,139.97,139.97,1
XRAY,train,PNEUMONIA,aug_1273_person21_bacteria_72.jpeg,1848,1632,3015936,1.132,152.42,61.98,255,0,255,152.42,152.42,152.42,1
XRAY,train,PNEUMONIA,aug_1274_person21_virus_53.jpeg,2000,1456,2912000,1.374,148.93,58.63,255,0,255,148.93,148.93,148.93,1
XRAY,train,PNEUMONIA,aug_1275_person22_bacteria_74.jpeg,1232,968,1192576,1.273,114.05,52.57,255,0,255,114.05,114.05,114.05,1
XRAY,train,PNEUMONIA,aug_1276_person22_bacteria_77.jpeg,1168,1072,1252096,1.09,124.98,52.77,255,0,255,124.98,124.98,124.98,1
XRAY,train,PNEUMONIA,aug_1277_person22_virus_55.jpeg,1096,712,780352,1.539,139.52,62.44,255,0,255,139.52,139.52,139.52,1
XRAY,train,PNEUMONIA,aug_1278_person23_bacteria_100.jpeg,984,648,637632,1.519,113.63,44.88,255,0,255,113.63,113.63,113.63,1
XRAY,train,PNEUMONIA,aug_1279_person23_bacteria_101.jpeg,1120,880,985600,1.273,133.49,55.04,248,0,248,133.49,133.49,133.49,1
XRAY,train,PNEUMONIA,aug_127_person1098_bacteria_3039.jpeg,1480,1137,1682760,1.302,109.55,70.93,255,0,255,109.55,109.55,109.55,1
XRAY,train,PNEUMONIA,aug_1280_person23_bacteria_102.jpeg,1152,688,792576,1.674,130.86,59.04,255,0,255,130.86,130.86,130.86,1
XRAY,train,PNEUMONIA,aug_1281_person23_bacteria_103.jpeg,1152,784,903168,1.469,157.25,63.13,255,0,255,157.25,157.25,157.25,1
XRAY,train,PNEUMONIA,aug_1282_person23_bacteria_104.jpeg,1256,728,914368,1.725,132.74,57.73,255,0,255,132.74,132.74,132.74,1
XRAY,train,PNEUMONIA,aug_1283_person23_bacteria_106.jpeg,1000,656,656000,1.524,127.0,43.83,255,0,255,127.0,127.0,127.0,1
XRAY,train,PNEUMONIA,aug_1284_person23_bacteria_78.jpeg,1120,640,716800,1.75,115.74,53.7,255,0,255,115.74,115.74,115.74,1
XRAY,train,PNEUMONIA,aug_1285_person23_bacteria_80.jpeg,1264,1072,1355008,1.179,123.48,59.14,255,0,255,123.48,123.48,123.48,1
XRAY,train,PNEUMONIA,aug_1286_person23_bacteria_81.jpeg,1056,656,692736,1.61,130.81,40.68,237,0,237,130.81,130.81,130.81,1
XRAY,train,PNEUMONIA,aug_1287_person23_bacteria_82.jpeg,1272,896,1139712,1.42,116.69,62.17,255,0,255,116.69,116.69,116.69,1
XRAY,train,PNEUMONIA,aug_1288_person23_bacteria_83.jpeg,1016,824,837184,1.233,150.35,47.49,255,0,255,150.35,150.35,150.35,1
XRAY,train,PNEUMONIA,aug_1289_person23_bacteria_84.jpeg,1136,824,936064,1.379,117.97,52.94,255,0,255,117.97,117.97,117.97,1
XRAY,train,PNEUMONIA,aug_128_person1099_bacteria_3040.jpeg,1662,1099,1826538,1.512,121.22,66.0,255,0,255,121.22,121.22,121.22,1
XRAY,train,PNEUMONIA,aug_1290_person23_bacteria_85.jpeg,1024,656,671744,1.561,154.41,46.08,255,0,255,154.41,154.41,154.41,1
XRAY,train,PNEUMONIA,aug_1291_person23_bacteria_87.jpeg,1272,736,936192,1.728,129.57,52.98,255,0,255,129.57,129.57,129.57,1
XRAY,train,PNEUMONIA,aug_1292_person23_bacteria_89.jpeg,944,632,596608,1.494,147.58,43.35,253,0,253,147.58,147.58,147.58,1
XRAY,train,PNEUMONIA,aug_1293_person23_bacteria_90.jpeg,1160,736,853760,1.576,128.77,59.95,255,0,255,128.77,128.77,128.77,1
XRAY,train,PNEUMONIA,aug_1294_person23_bacteria_93.jpeg,1064,632,672448,1.684,116.7,58.93,255,0,255,116.7,116.7,116.7,1
XRAY,train,PNEUMONIA,aug_1295_person23_bacteria_94.jpeg,1208,728,879424,1.659,126.89,60.56,255,0,255,126.89,126.89,126.89,1
XRAY,train,PNEUMONIA,aug_1296_person23_bacteria_97.jpeg,1064,760,808640,1.4,137.68,51.48,255,0,255,137.68,137.68,137.68,1
XRAY,train,PNEUMONIA,aug_1297_person23_bacteria_98.jpeg,1152,736,847872,1.565,119.84,54.81,237,0,237,119.84,119.84,119.84,1
XRAY,train,PNEUMONIA,aug_1298_person23_bacteria_99.jpeg,1152,816,940032,1.412,113.24,56.48,255,0,255,113.24,113.24,113.24,1
XRAY,train,PNEUMONIA,aug_1299_person23_virus_56.jpeg,1520,872,1325440,1.743,133.5,71.35,255,0,255,133.5,133.5,133.5,1
XRAY,train,PNEUMONIA,aug_129_person1099_virus_1819.jpeg,759,504,382536,1.506,162.52,33.47,243,0,243,162.52,162.52,162.52,1
XRAY,train,PNEUMONIA,aug_12_person100_bacteria_480.jpeg,880,536,471680,1.642,114.5,48.68,255,0,255,114.5,114.5,114.5,1
XRAY,train,PNEUMONIA,aug_1300_person24_bacteria_110.jpeg,1056,680,718080,1.553,122.41,48.54,255,0,255,122.41,122.41,122.41,1
XRAY,train,PNEUMONIA,aug_1301_person24_bacteria_112.jpeg,1510,1002,1513020,1.507,121.01,72.25,255,0,255,121.01,121.01,121.01,1
XRAY,train,PNEUMONIA,aug_1302_person24_virus_58.jpeg,1352,792,1070784,1.707,129.47,51.23,255,0,255,129.47,129.47,129.47,1
XRAY,train,PNEUMONIA,aug_1303_person253_bacteria_1152.jpeg,920,544,500480,1.691,94.38,39.43,255,0,255,94.38,94.38,94.38,1
XRAY,train,PNEUMONIA,aug_1304_person253_bacteria_1153.jpeg,968,576,557568,1.681,120.26,49.85,255,0,255,120.26,120.26,120.26,1
XRAY,train,PNEUMONIA,aug_1305_person253_bacteria_1155.jpeg,1032,592,610944,1.743,106.9,49.24,255,0,255,106.9,106.9,106.9,1
XRAY,train,PNEUMONIA,aug_1306_person253_bacteria_1156.jpeg,856,544,465664,1.574,130.68,43.32,255,0,255,130.68,130.68,130.68,1
XRAY,train,PNEUMONIA,aug_1307_person253_bacteria_1157.jpeg,1106,674,745444,1.641,104.86,54.82,244,0,244,104.86,104.86,104.86,1
XRAY,train,PNEUMONIA,aug_1308_person255_bacteria_1161.jpeg,952,632,601664,1.506,142.91,45.32,255,0,255,142.91,142.91,142.91,1
XRAY,train,PNEUMONIA,aug_1309_person255_bacteria_1162.jpeg,920,544,500480,1.691,108.98,45.58,255,0,255,108.98,108.98,108.98,1
XRAY,train,PNEUMONIA,aug_130_person109_bacteria_517.jpeg,1024,752,770048,1.362,102.14,52.65,255,0,255,102.14,102.14,102.14,1
XRAY,train,PNEUMONIA,aug_1310_person255_bacteria_1165.jpeg,1096,560,613760,1.957,142.45,57.91,255,0,255,142.45,142.45,142.45,1
XRAY,train,PNEUMONIA,aug_1311_person255_bacteria_1175.jpeg,1088,616,670208,1.766,84.01,35.26,255,0,255,84.01,84.01,84.01,1
XRAY,train,PNEUMONIA,aug_1312_person255_virus_531.jpeg,960,712,683520,1.348,77.46,56.19,235,0,235,77.46,77.46,77.46,1
XRAY,train,PNEUMONIA,aug_1313_person256_virus_537.jpeg,1544,1288,1988672,1.199,122.54,56.56,239,0,239,122.54,122.54,122.54,1
XRAY,train,PNEUMONIA,aug_1314_person257_bacteria_1194.jpeg,1008,720,725760,1.4,126.71,53.24,255,0,255,126.71,126.71,126.71,1
XRAY,train,PNEUMONIA,aug_1315_person257_bacteria_1195.jpeg,1016,768,780288,1.323,113.58,48.92,244,0,244,113.58,113.58,113.58,1
XRAY,train,PNEUMONIA,aug_1316_person257_bacteria_1196.jpeg,928,656,608768,1.415,75.93,30.68,252,0,252,75.93,75.93,75.93,1
XRAY,train,PNEUMONIA,aug_1317_person257_bacteria_1199.jpeg,992,760,753920,1.305,136.45,61.92,255,0,255,136.45,136.45,136.45,1
XRAY,train,PNEUMONIA,aug_1318_person257_bacteria_1200.jpeg,928,608,564224,1.526,72.26,33.4,239,0,239,72.26,72.26,72.26,1
XRAY,train,PNEUMONIA,aug_1319_person258_bacteria_1205.jpeg,1200,1008,1209600,1.19,156.53,63.52,255,0,255,156.53,156.53,156.53,1
XRAY,train,PNEUMONIA,aug_131_person109_bacteria_519.jpeg,1080,776,838080,1.392,105.62,51.93,255,0,255,105.62,105.62,105.62,1
XRAY,train,PNEUMONIA,aug_1320_person258_bacteria_1206.jpeg,1072,928,994816,1.155,139.06,55.27,255,0,255,139.06,139.06,139.06,1
XRAY,train,PNEUMONIA,aug_1321_person258_bacteria_1214.jpeg,1088,840,913920,1.295,133.76,59.99,255,0,255,133.76,133.76,133.76,1
XRAY,train,PNEUMONIA,aug_1322_person258_bacteria_1215.jpeg,1072,800,857600,1.34,112.77,50.85,255,0,255,112.77,112.77,112.77,1
XRAY,train,PNEUMONIA,aug_1323_person258_bacteria_1216.jpeg,1202,882,1060164,1.363,117.6,59.71,255,0,255,117.6,117.6,117.6,1
XRAY,train,PNEUMONIA,aug_1324_person258_virus_539.jpeg,904,664,600256,1.361,124.46,62.17,253,0,253,124.46,124.46,124.46,1
XRAY,train,PNEUMONIA,aug_1325_person259_bacteria_1217.jpeg,936,496,464256,1.887,85.76,38.23,255,0,255,85.76,85.76,85.76,1
XRAY,train,PNEUMONIA,aug_1326_person259_bacteria_1219.jpeg,864,672,580608,1.286,115.77,48.79,255,0,255,115.77,115.77,115.77,1
XRAY,train,PNEUMONIA,aug_1327_person259_bacteria_1220.jpeg,760,488,370880,1.557,129.62,39.82,255,0,255,129.62,129.62,129.62,1
XRAY,train,PNEUMONIA,aug_1328_person259_virus_540.jpeg,1272,752,956544,1.691,134.09,66.27,255,0,255,134.09,134.09,134.09,1
XRAY,train,PNEUMONIA,aug_1329_person25_bacteria_113.jpeg,1024,712,729088,1.438,146.74,51.58,255,0,255,146.74,146.74,146.74,1
XRAY,train,PNEUMONIA,aug_132_person109_bacteria_523.jpeg,952,640,609280,1.488,123.29,51.29,255,0,255,123.29,123.29,123.29,1
XRAY,train,PNEUMONIA,aug_1330_person25_bacteria_114.jpeg,1040,664,690560,1.566,120.7,49.13,242,0,242,120.7,120.7,120.7,1
XRAY,train,PNEUMONIA,aug_1331_person25_bacteria_115.jpeg,1112,856,951872,1.299,127.06,50.37,241,0,241,127.06,127.06,127.06,1
XRAY,train,PNEUMONIA,aug_1332_person25_bacteria_117.jpeg,1184,832,985088,1.423,83.03,50.05,255,0,255,83.03,83.03,83.03,1
XRAY,train,PNEUMONIA,aug_1333_person25_virus_59.jpeg,960,616,591360,1.558,136.01,69.42,241,0,241,136.01,136.01,136.01,1
XRAY,train,PNEUMONIA,aug_1334_person260_bacteria_1224.jpeg,1072,760,814720,1.411,99.32,41.53,234,0,234,99.32,99.32,99.32,1
XRAY,train,PNEUMONIA,aug_1335_person261_bacteria_1225.jpeg,1102,585,644670,1.884,113.36,57.77,255,0,255,113.36,113.36,113.36,1
XRAY,train,PNEUMONIA,aug_1336_person261_virus_543.jpeg,1192,568,677056,2.099,130.38,65.63,255,0,255,130.38,130.38,130.38,1
XRAY,train,PNEUMONIA,aug_1337_person262_bacteria_1226.jpeg,1218,840,1023120,1.45,100.88,62.37,251,0,251,100.88,100.88,100.88,1
XRAY,train,PNEUMONIA,aug_1338_person262_virus_545.jpeg,1712,1256,2150272,1.363,120.54,54.52,255,0,255,120.54,120.54,120.54,1
XRAY,train,PNEUMONIA,aug_1339_person263_bacteria_1227.jpeg,1364,998,1361272,1.367,97.93,60.72,255,0,255,97.93,97.93,97.93,1
XRAY,train,PNEUMONIA,aug_133_person109_bacteria_526.jpeg,1088,576,626688,1.889,115.53,59.6,255,0,255,115.53,115.53,115.53,1
XRAY,train,PNEUMONIA,aug_1340_person263_virus_546.jpeg,1168,768,897024,1.521,151.12,69.47,255,0,255,151.12,151.12,151.12,1
XRAY,train,PNEUMONIA,aug_1341_person264_bacteria_1228.jpeg,1088,760,826880,1.432,126.05,52.2,255,0,255,126.05,126.05,126.05,1
XRAY,train,PNEUMONIA,aug_1342_person264_bacteria_1229.jpeg,1088,712,774656,1.528,118.68,49.21,255,0,255,118.68,118.68,118.68,1
XRAY,train,PNEUMONIA,aug_1343_person264_bacteria_1233.jpeg,1064,696,740544,1.529,103.5,46.95,255,0,255,103.5,103.5,103.5,1
XRAY,train,PNEUMONIA,aug_1344_person264_bacteria_1234.jpeg,1214,1069,1297766,1.136,102.33,49.98,242,0,242,102.33,102.33,102.33,1
XRAY,train,PNEUMONIA,aug_1345_person264_virus_547.jpeg,1216,728,885248,1.67,116.99,65.94,255,0,255,116.99,116.99,116.99,1
XRAY,train,PNEUMONIA,aug_1346_person265_bacteria_1235.jpeg,1128,728,821184,1.549,105.47,41.51,255,0,255,105.47,105.47,105.47,1
XRAY,train,PNEUMONIA,aug_1347_person265_bacteria_1236.jpeg,1272,825,1049400,1.542,119.07,55.6,255,0,255,119.07,119.07,119.07,1
XRAY,train,PNEUMONIA,aug_1348_person266_bacteria_1237.jpeg,952,688,654976,1.384,129.55,48.76,255,0,255,129.55,129.55,129.55,1
XRAY,train,PNEUMONIA,aug_1349_person266_bacteria_1239.jpeg,992,664,658688,1.494,129.77,50.1,255,0,255,129.77,129.77,129.77,1
XRAY,train,PNEUMONIA,aug_134_person109_bacteria_527.jpeg,968,536,518848,1.806,139.65,55.37,255,0,255,139.65,139.65,139.65,1
XRAY,train,PNEUMONIA,aug_1350_person266_bacteria_1241.jpeg,1072,720,771840,1.489,82.21,39.54,255,0,255,82.21,82.21,82.21,1
XRAY,train,PNEUMONIA,aug_1351_person266_bacteria_1244.jpeg,992,672,666624,1.476,118.89,47.44,254,0,254,118.89,118.89,118.89,1
XRAY,train,PNEUMONIA,aug_1352_person266_bacteria_1247.jpeg,1024,600,614400,1.707,123.07,53.83,255,0,255,123.07,123.07,123.07,1
XRAY,train,PNEUMONIA,aug_1353_person266_bacteria_1248.jpeg,1008,600,604800,1.68,133.4,50.66,255,0,255,133.4,133.4,133.4,1
XRAY,train,PNEUMONIA,aug_1354_person266_virus_549.jpeg,1632,800,1305600,2.04,127.74,75.05,255,0,255,127.74,127.74,127.74,1
XRAY,train,PNEUMONIA,aug_1355_person267_bacteria_1252.jpeg,1300,890,1157000,1.461,142.41,54.71,255,0,255,142.41,142.41,142.41,1
XRAY,train,PNEUMONIA,aug_1356_person267_bacteria_1253.jpeg,1260,971,1223460,1.298,116.18,47.5,222,0,222,116.18,116.18,116.18,1
XRAY,train,PNEUMONIA,aug_1357_person269_virus_554.jpeg,1472,1176,1731072,1.252,147.91,58.62,255,0,255,147.91,147.91,147.91,1
XRAY,train,PNEUMONIA,aug_1358_person26_bacteria_122.jpeg,1200,552,662400,2.174,134.8,58.41,255,0,255,134.8,134.8,134.8,1
XRAY,train,PNEUMONIA,aug_1359_person26_bacteria_123.jpeg,920,680,625600,1.353,118.54,52.41,255,0,255,118.54,118.54,118.54,1
XRAY,train,PNEUMONIA,aug_135_person109_bacteria_528.jpeg,1322,736,972992,1.796,78.2,64.75,255,0,255,78.2,78.2,78.2,1
XRAY,train,PNEUMONIA,aug_1360_person26_bacteria_124.jpeg,1136,872,990592,1.303,131.8,63.81,255,0,255,131.8,131.8,131.8,1
XRAY,train,PNEUMONIA,aug_1361_person26_bacteria_126.jpeg,1024,704,720896,1.455,120.02,57.13,255,0,255,120.02,120.02,120.02,1
XRAY,train,PNEUMONIA,aug_1362_person26_bacteria_127.jpeg,880,584,513920,1.507,125.0,46.77,251,0,251,125.0,125.0,125.0,1
XRAY,train,PNEUMONIA,aug_1363_person26_bacteria_128.jpeg,960,648,622080,1.481,139.13,52.8,255,0,255,139.13,139.13,139.13,1
XRAY,train,PNEUMONIA,aug_1364_person26_bacteria_130.jpeg,968,512,495616,1.891,92.65,47.08,255,0,255,92.65,92.65,92.65,1
XRAY,train,PNEUMONIA,aug_1365_person26_bacteria_131.jpeg,1024,568,581632,1.803,134.0,56.48,255,0,255,134.0,134.0,134.0,1
XRAY,train,PNEUMONIA,aug_1366_person26_bacteria_132.jpeg,1072,632,677504,1.696,84.18,42.34,252,0,252,84.18,84.18,84.18,1
XRAY,train,PNEUMONIA,aug_1367_person26_virus_60.jpeg,1152,720,829440,1.6,131.85,61.83,255,0,255,131.85,131.85,131.85,1
XRAY,train,PNEUMONIA,aug_1368_person270_virus_555.jpeg,1624,1264,2052736,1.285,138.32,71.18,255,0,255,138.32,138.32,138.32,1
XRAY,train,PNEUMONIA,aug_1369_person273_virus_561.jpeg,1272,994,1264368,1.28,118.96,61.47,255,0,255,118.96,118.96,118.96,1
XRAY,train,PNEUMONIA,aug_136_person109_virus_203.jpeg,1380,844,1164720,1.635,104.76,63.2,255,0,255,104.76,104.76,104.76,1
XRAY,train,PNEUMONIA,aug_1370_person274_bacteria_1288.jpeg,1280,1088,1392640,1.176,110.82,49.61,253,0,253,110.82,110.82,110.82,1
XRAY,train,PNEUMONIA,aug_1371_person274_bacteria_1289.jpeg,1344,1072,1440768,1.254,134.11,52.87,255,0,255,134.11,134.11,134.11,1
XRAY,train,PNEUMONIA,aug_1372_person274_virus_563.jpeg,468,242,113256,1.934,130.96,36.78,206,0,206,130.96,130.96,130.96,1
XRAY,train,PNEUMONIA,aug_1373_person275_bacteria_1293.jpeg,1136,920,1045120,1.235,110.16,52.47,255,0,255,110.16,110.16,110.16,1
XRAY,train,PNEUMONIA,aug_1374_person275_virus_565.jpeg,1748,1377,2406996,1.269,118.53,58.59,255,0,255,118.53,118.53,118.53,1
XRAY,train,PNEUMONIA,aug_1375_person276_bacteria_1296.jpeg,944,584,551296,1.616,87.68,41.47,240,0,240,87.68,87.68,87.68,1
XRAY,train,PNEUMONIA,aug_1376_person276_bacteria_1297.jpeg,824,512,421888,1.609,127.03,53.26,255,0,255,127.03,127.03,127.03,1
XRAY,train,PNEUMONIA,aug_1377_person276_bacteria_1299.jpeg,1064,712,757568,1.494,108.95,65.72,247,0,247,108.95,108.95,108.95,1
XRAY,train,PNEUMONIA,aug_1378_person276_virus_569.jpeg,546,219,119574,2.493,69.8,31.37,150,0,150,69.8,69.8,69.8,1
XRAY,train,PNEUMONIA,aug_1379_person277_bacteria_1300.jpeg,968,472,456896,2.051,117.28,47.14,255,0,255,117.28,117.28,117.28,1
XRAY,train,PNEUMONIA,aug_137_person10_bacteria_43.jpeg,1028,650,668200,1.582,95.95,58.94,255,0,255,95.95,95.95,95.95,1
XRAY,train,PNEUMONIA,aug_1380_person277_bacteria_1301.jpeg,1000,496,496000,2.016,125.09,46.45,255,0,255,125.09,125.09,125.09,1
XRAY,train,PNEUMONIA,aug_1381_person277_bacteria_1302.jpeg,1008,576,580608,1.75,120.29,56.84,255,0,255,120.29,120.29,120.29,1
XRAY,train,PNEUMONIA,aug_1382_person277_bacteria_1304.jpeg,896,576,516096,1.556,130.38,44.52,255,0,255,130.38,130.38,130.38,1
XRAY,train,PNEUMONIA,aug_1383_person277_bacteria_1305.jpeg,1224,688,842112,1.779,104.58,56.12,255,0,255,104.58,104.58,104.58,1
XRAY,train,PNEUMONIA,aug_1384_person277_bacteria_1306.jpeg,896,528,473088,1.697,126.25,49.3,255,0,255,126.25,126.25,126.25,1
XRAY,train,PNEUMONIA,aug_1385_person277_bacteria_1307.jpeg,1024,624,638976,1.641,83.78,38.89,255,0,255,83.78,83.78,83.78,1
XRAY,train,PNEUMONIA,aug_1386_person277_virus_571.jpeg,2080,1731,3600480,1.202,119.15,44.31,238,0,238,119.15,119.15,119.15,1
XRAY,train,PNEUMONIA,aug_1387_person278_bacteria_1309.jpeg,1298,812,1053976,1.599,106.69,58.89,255,0,255,106.69,106.69,106.69,1
XRAY,train,PNEUMONIA,aug_1388_person278_bacteria_1311.jpeg,1040,712,740480,1.461,117.49,54.84,255,0,255,117.49,117.49,117.49,1
XRAY,train,PNEUMONIA,aug_1389_person278_bacteria_1313.jpeg,1096,624,683904,1.756,121.48,54.75,250,0,250,121.48,121.48,121.48,1
XRAY,train,PNEUMONIA,aug_138_person1100_bacteria_3041.jpeg,1256,816,1024896,1.539,113.2,66.08,255,0,255,113.2,113.2,113.2,1
XRAY,train,PNEUMONIA,aug_1390_person278_bacteria_1314.jpeg,1172,778,911816,1.506,134.49,60.35,255,0,255,134.49,134.49,134.49,1
XRAY,train,PNEUMONIA,aug_1391_person278_virus_572.jpeg,1448,1040,1505920,1.392,72.82,48.91,250,0,250,72.82,72.82,72.82,1
XRAY,train,PNEUMONIA,aug_1392_person278_virus_573.jpeg,1296,1072,1389312,1.209,136.61,54.8,255,0,255,136.61,136.61,136.61,1
XRAY,train,PNEUMONIA,aug_1393_person278_virus_574.jpeg,1208,1104,1333632,1.094,79.11,40.8,255,0,255,79.11,79.11,79.11,1
XRAY,train,PNEUMONIA,aug_1394_person279_virus_576.jpeg,1848,1500,2772000,1.232,120.14,63.3,255,0,255,120.14,120.14,120.14,1
XRAY,train,PNEUMONIA,aug_1395_person27_bacteria_136.jpeg,1088,560,609280,1.943,88.02,43.72,255,0,255,88.02,88.02,88.02,1
XRAY,train,PNEUMONIA,aug_1396_person27_bacteria_137.jpeg,840,544,456960,1.544,145.07,51.49,255,0,255,145.07,145.07,145.07,1
XRAY,train,PNEUMONIA,aug_1397_person280_bacteria_1321.jpeg,1040,696,723840,1.494,123.24,52.44,255,0,255,123.24,123.24,123.24,1
XRAY,train,PNEUMONIA,aug_1398_person281_bacteria_1325.jpeg,920,632,581440,1.456,122.94,51.82,255,0,255,122.94,122.94,122.94,1
XRAY,train,PNEUMONIA,aug_1399_person281_bacteria_1326.jpeg,936,616,576576,1.519,117.84,48.91,255,0,255,117.84,117.84,117.84,1
XRAY,train,PNEUMONIA,aug_139_person1100_virus_1820.jpeg,1152,616,709632,1.87,103.99,45.89,245,0,245,103.99,103.99,103.99,1
XRAY,train,PNEUMONIA,aug_13_person100_bacteria_481.jpeg,952,624,594048,1.526,116.29,51.73,255,0,255,116.29,116.29,116.29,1
XRAY,train,PNEUMONIA,aug_1400_person281_bacteria_1327.jpeg,904,648,585792,1.395,118.04,51.41,255,0,255,118.04,118.04,118.04,1
XRAY,train,PNEUMONIA,aug_1401_person281_bacteria_1328.jpeg,920,720,662400,1.278,141.7,53.26,255,0,255,141.7,141.7,141.7,1
XRAY,train,PNEUMONIA,aug_1402_person281_bacteria_1329.jpeg,976,600,585600,1.627,132.72,58.94,255,0,255,132.72,132.72,132.72,1
XRAY,train,PNEUMONIA,aug_1403_person281_bacteria_1330.jpeg,1008,632,637056,1.595,117.73,58.1,255,0,255,117.73,117.73,117.73,1
XRAY,train,PNEUMONIA,aug_1404_person281_bacteria_1331.jpeg,1000,680,680000,1.471,82.4,42.93,255,0,255,82.4,82.4,82.4,1
XRAY,train,PNEUMONIA,aug_1405_person281_bacteria_1332.jpeg,992,616,611072,1.61,122.5,51.92,255,0,255,122.5,122.5,122.5,1
XRAY,train,PNEUMONIA,aug_1406_person281_bacteria_1333.jpeg,1016,728,739648,1.396,141.17,68.35,255,0,255,141.17,141.17,141.17,1
XRAY,train,PNEUMONIA,aug_1407_person282_virus_579.jpeg,428,256,109568,1.672,166.6,32.68,199,15,214,166.6,166.6,166.6,1
XRAY,train,PNEUMONIA,aug_1408_person286_virus_585.jpeg,1338,1079,1443702,1.24,121.7,56.65,249,0,249,121.7,121.7,121.7,1
XRAY,train,PNEUMONIA,aug_1409_person288_virus_587.jpeg,904,560,506240,1.614,158.57,55.5,255,0,255,158.57,158.57,158.57,1
XRAY,train,PNEUMONIA,aug_140_person1101_bacteria_3042.jpeg,1072,624,668928,1.718,112.43,46.76,255,0,255,112.43,112.43,112.43,1
XRAY,train,PNEUMONIA,aug_1410_person28_bacteria_139.jpeg,976,648,632448,1.506,95.96,50.89,255,0,255,95.96,95.96,95.96,1
XRAY,train,PNEUMONIA,aug_1411_person28_bacteria_141.jpeg,848,544,461312,1.559,131.96,43.8,254,0,254,131.96,131.96,131.96,1
XRAY,train,PNEUMONIA,aug_1412_person28_virus_62.jpeg,1216,872,1060352,1.394,109.04,61.76,255,0,255,109.04,109.04,109.04,1
XRAY,train,PNEUMONIA,aug_1413_person290_bacteria_1372.jpeg,1008,512,516096,1.969,137.97,46.24,255,0,255,137.97,137.97,137.97,1
XRAY,train,PNEUMONIA,aug_1414_person290_virus_594.jpeg,1768,1712,3026816,1.033,82.37,44.26,255,0,255,82.37,82.37,82.37,1
XRAY,train,PNEUMONIA,aug_1415_person291_bacteria_1374.jpeg,1200,960,1152000,1.25,133.37,48.63,255,0,255,133.37,133.37,133.37,1
XRAY,train,PNEUMONIA,aug_1416_person291_bacteria_1376.jpeg,1264,936,1183104,1.35,108.59,58.38,255,0,255,108.59,108.59,108.59,1
XRAY,train,PNEUMONIA,aug_1417_person291_virus_596.jpeg,525,282,148050,1.862,128.45,46.21,196,0,196,128.45,128.45,128.45,1
XRAY,train,PNEUMONIA,aug_1418_person292_bacteria_1378.jpeg,1176,616,724416,1.909,110.5,54.46,255,0,255,110.5,110.5,110.5,1
XRAY,train,PNEUMONIA,aug_1419_person292_virus_597.jpeg,1512,1216,1838592,1.243,77.78,42.61,255,0,255,77.78,77.78,77.78,1
XRAY,train,PNEUMONIA,aug_141_person1102_bacteria_3043.jpeg,976,616,601216,1.584,120.02,46.2,255,0,255,120.02,120.02,120.02,1
XRAY,train,PNEUMONIA,aug_1420_person292_virus_598.jpeg,1456,1232,1793792,1.182,131.63,53.57,255,0,255,131.63,131.63,131.63,1
XRAY,train,PNEUMONIA,aug_1421_person292_virus_599.jpeg,1520,1192,1811840,1.275,128.8,47.94,255,0,255,128.8,128.8,128.8,1
XRAY,train,PNEUMONIA,aug_1422_person293_virus_605.jpeg,1216,744,904704,1.634,75.68,31.52,255,0,255,75.68,75.68,75.68,1
XRAY,train,PNEUMONIA,aug_1423_person294_bacteria_1380.jpeg,1000,680,680000,1.471,121.18,52.85,255,0,255,121.18,121.18,121.18,1
XRAY,train,PNEUMONIA,aug_1424_person294_bacteria_1381.jpeg,1336,768,1026048,1.74,94.42,52.99,255,0,255,94.42,94.42,94.42,1
XRAY,train,PNEUMONIA,aug_1425_person294_bacteria_1383.jpeg,1224,816,998784,1.5,110.71,53.79,242,0,242,110.71,110.71,110.71,1
XRAY,train,PNEUMONIA,aug_1426_person294_bacteria_1388.jpeg,1234,778,960052,1.586,106.97,59.29,255,0,255,106.97,106.97,106.97,1
XRAY,train,PNEUMONIA,aug_1427_person294_virus_606.jpeg,1024,751,769024,1.364,127.3,68.38,240,0,240,127.3,127.3,127.3,1
XRAY,train,PNEUMONIA,aug_1428_person294_virus_610.jpeg,920,600,552000,1.533,83.47,41.19,255,0,255,83.47,83.47,83.47,1
XRAY,train,PNEUMONIA,aug_1429_person294_virus_611.jpeg,952,576,548352,1.653,116.86,55.4,255,0,255,116.86,116.86,116.86,1
XRAY,train,PNEUMONIA,aug_142_person1102_virus_1822.jpeg,1096,664,727744,1.651,89.94,71.51,255,0,255,89.94,89.94,89.94,1
XRAY,train,PNEUMONIA,aug_1430_person295_bacteria_1389.jpeg,1168,696,812928,1.678,113.05,47.87,255,0,255,113.05,113.05,113.05,1
XRAY,train,PNEUMONIA,aug_1431_person295_bacteria_1390.jpeg,1354,759,1027686,1.784,118.45,59.3,255,0,255,118.45,118.45,118.45,1
XRAY,train,PNEUMONIA,aug_1432_person295_virus_612.jpeg,1546,1230,1901580,1.257,114.21,59.03,248,0,248,114.21,114.21,114.21,1
XRAY,train,PNEUMONIA,aug_1433_person296_bacteria_1392.jpeg,1256,840,1055040,1.495,120.88,61.08,255,0,255,120.88,120.88,120.88,1
XRAY,train,PNEUMONIA,aug_1434_person296_bacteria_1393.jpeg,1272,792,1007424,1.606,122.21,59.82,255,0,255,122.21,122.21,122.21,1
XRAY,train,PNEUMONIA,aug_1435_person296_bacteria_1397.jpeg,1160,872,1011520,1.33,117.18,60.34,255,0,255,117.18,117.18,117.18,1
XRAY,train,PNEUMONIA,aug_1436_person296_virus_613.jpeg,456,280,127680,1.629,146.97,36.95,208,0,208,146.97,146.97,146.97,1
XRAY,train,PNEUMONIA,aug_1437_person297_bacteria_1400.jpeg,1104,736,812544,1.5,99.96,58.6,255,0,255,99.96,99.96,99.96,1
XRAY,train,PNEUMONIA,aug_1438_person297_bacteria_1404.jpeg,736,432,317952,1.704,103.51,54.04,255,0,255,103.51,103.51,103.51,1
XRAY,train,PNEUMONIA,aug_1439_person297_virus_614.jpeg,1990,1419,2823810,1.402,97.08,50.93,255,0,255,97.08,97.08,97.08,1
XRAY,train,PNEUMONIA,aug_143_person1106_virus_1829.jpeg,1624,1208,1961792,1.344,112.1,56.29,237,0,237,112.1,112.1,112.1,1
XRAY,train,PNEUMONIA,aug_1440_person298_bacteria_1408.jpeg,1216,856,1040896,1.421,76.11,37.25,236,0,236,76.11,76.11,76.11,1
XRAY,train,PNEUMONIA,aug_1441_person298_bacteria_1410.jpeg,1184,856,1013504,1.383,122.86,46.71,255,0,255,122.86,122.86,122.86,1
XRAY,train,PNEUMONIA,aug_1442_person298_bacteria_1411.jpeg,1064,696,740544,1.529,133.22,45.8,255,0,255,133.22,133.22,133.22,1
XRAY,train,PNEUMONIA,aug_144_person1107_bacteria_3048.jpeg,1482,1044,1547208,1.42,108.89,74.47,255,0,255,108.89,108.89,108.89,1
XRAY,train,PNEUMONIA,aug_145_person1107_virus_1831.jpeg,1024,744,761856,1.376,131.07,58.34,255,0,255,131.07,131.07,131.07,1
XRAY,train,PNEUMONIA,aug_146_person1107_virus_1832.jpeg,1392,832,1158144,1.673,101.35,80.0,255,0,255,101.35,101.35,101.35,1
XRAY,train,PNEUMONIA,aug_147_person1108_bacteria_3049.jpeg,1467,1044,1531548,1.405,110.0,75.62,255,0,255,110.0,110.0,110.0,1
XRAY,train,PNEUMONIA,aug_148_person1108_virus_1833.jpeg,869,563,489247,1.544,129.93,54.27,237,0,237,129.93,129.93,129.93,1
XRAY,train,PNEUMONIA,aug_149_person1109_bacteria_3050.jpeg,1128,752,848256,1.5,149.49,46.74,255,0,255,149.49,149.49,149.49,1
XRAY,train,PNEUMONIA,aug_14_person100_bacteria_482.jpeg,1040,696,723840,1.494,106.63,55.76,255,0,255,106.63,106.63,106.63,1
XRAY,train,PNEUMONIA,aug_150_person110_bacteria_531.jpeg,1160,688,798080,1.686,113.07,45.5,248,0,248,113.07,113.07,113.07,1
XRAY,val,NORMAL,IM-0001-0001.jpeg,1857,1317,2445669,1.41,131.0,57.1,255,0,255,131.0,131.0,131.0,0
XRAY,val,NORMAL,IM-0011-0001-0001.jpeg,2144,1916,4107904,1.119,137.07,52.95,255,0,255,137.07,137.07,137.07,0
XRAY,val,NORMAL,IM-0013-0001.jpeg,2444,2155,5266820,1.134,136.05,56.19,255,0,255,136.05,136.05,136.05,0
XRAY,val,NORMAL,IM-0039-0001.jpeg,2153,1793,3860329,1.201,134.2,57.44,255,0,255,134.2,134.2,134.2,0
XRAY,val,NORMAL,IM-0065-0001.jpeg,1562,1021,1594802,1.53,106.42,63.56,248,0,248,106.42,106.42,106.42,0
XRAY,val,NORMAL,IM-0077-0001.jpeg,1740,1246,2168040,1.396,130.08,57.26,255,0,255,130.08,130.08,130.08,0
XRAY,val,NORMAL,IM-0084-0001.jpeg,1754,1187,2081998,1.478,129.79,64.37,255,0,255,129.79,129.79,129.79,0
XRAY,val,NORMAL,IM-0089-0001.jpeg,2426,2076,5036376,1.169,136.24,61.8,255,0,255,136.24,136.24,136.24,0
XRAY,val,NORMAL,IM-0093-0001.jpeg,1788,1282,2292216,1.395,148.22,54.85,255,0,255,148.22,148.22,148.22,0
XRAY,val,NORMAL,IM-0095-0001.jpeg,1866,1311,2446326,1.423,119.66,68.99,255,0,255,119.66,119.66,119.66,0
XRAY,val,NORMAL,IM-0111-0001.jpeg,1910,1303,2488730,1.466,127.8,57.01,255,0,255,127.8,127.8,127.8,0
XRAY,val,NORMAL,IM-0128-0001.jpeg,1528,1013,1547864,1.508,97.2,58.82,255,0,255,97.2,97.2,97.2,0
XRAY,val,NORMAL,IM-0140-0001.jpeg,1156,1237,1429972,0.935,148.88,52.51,255,0,255,148.88,148.88,148.88,0
XRAY,val,NORMAL,IM-0147-0001.jpeg,2102,1974,4149348,1.065,117.02,65.04,255,0,255,117.02,117.02,117.02,0
XRAY,val,NORMAL,IM-0177-0001.jpeg,2172,1615,3507780,1.345,90.13,71.33,255,0,255,90.13,90.13,90.13,0
XRAY,val,NORMAL,IM-0178-0001.jpeg,1646,1124,1850104,1.464,142.17,58.88,255,0,255,142.17,142.17,142.17,0
XRAY,val,NORMAL,IM-0217-0001.jpeg,1654,1275,2108850,1.297,98.54,66.7,255,0,255,98.54,98.54,98.54,0
XRAY,val,NORMAL,IM-0230-0001.jpeg,1624,1256,2039744,1.293,124.55,63.02,255,0,255,124.55,124.55,124.55,0
XRAY,val,NORMAL,IM-0273-0001.jpeg,1522,1093,1663546,1.392,113.94,57.66,255,0,255,113.94,113.94,113.94,0
XRAY,val,NORMAL,IM-0275-0001.jpeg,1866,1595,2976270,1.17,105.89,64.87,255,0,255,105.89,105.89,105.89,0
XRAY,val,NORMAL,IM-0276-0001.jpeg,1828,1654,3023512,1.105,139.42,61.09,255,0,255,139.42,139.42,139.42,0
XRAY,val,NORMAL,IM-0290-0001.jpeg,1708,1434,2449272,1.191,91.91,67.55,255,0,255,91.91,91.91,91.91,0
XRAY,val,NORMAL,IM-0303-0001.jpeg,1762,1264,2227168,1.394,99.21,71.3,255,0,255,99.21,99.21,99.21,0
XRAY,val,NORMAL,IM-0315-0001.jpeg,1268,959,1216012,1.322,138.07,49.03,255,0,255,138.07,138.07,138.07,0
XRAY,val,NORMAL,IM-0316-0001.jpeg,1368,1009,1380312,1.356,120.23,51.7,255,0,255,120.23,120.23,120.23,0
XRAY,val,NORMAL,IM-0317-0001.jpeg,2106,1719,3620214,1.225,116.18,67.11,255,0,255,116.18,116.18,116.18,0
XRAY,val,NORMAL,IM-0320-0001.jpeg,1700,1271,2160700,1.338,112.59,62.9,255,0,255,112.59,112.59,112.59,0
XRAY,val,NORMAL,IM-0326-0001.jpeg,1520,1306,1985120,1.164,119.51,53.43,255,0,255,119.51,119.51,119.51,0
XRAY,val,NORMAL,IM-0329-0001.jpeg,1196,974,1164904,1.228,127.16,47.89,255,0,255,127.16,127.16,127.16,0
XRAY,val,NORMAL,IM-0337-0001.jpeg,1584,1237,1959408,1.281,127.94,60.3,255,0,255,127.94,127.94,127.94,0
XRAY,val,NORMAL,IM-0345-0001.jpeg,1310,1071,1403010,1.223,134.59,52.94,255,0,255,134.59,134.59,134.59,0
XRAY,val,NORMAL,IM-0354-0001.jpeg,1538,986,1516468,1.56,112.95,72.84,255,0,255,112.95,112.95,112.95,0
XRAY,val,NORMAL,IM-0359-0001.jpeg,1634,1272,2078448,1.285,118.15,64.33,255,0,255,118.15,118.15,118.15,0
XRAY,val,NORMAL,IM-0363-0001.jpeg,1580,1402,2215160,1.127,108.34,65.61,255,0,255,108.34,108.34,108.34,0
XRAY,val,NORMAL,IM-0384-0001.jpeg,1608,1226,1971408,1.312,131.39,73.47,255,0,255,131.39,131.39,131.39,0
XRAY,val,NORMAL,IM-0409-0001.jpeg,1090,793,864370,1.375,144.56,47.72,255,0,255,144.56,144.56,144.56,0
XRAY,val,NORMAL,IM-0420-0001.jpeg,1558,1352,2106416,1.152,119.28,49.51,255,0,255,119.28,119.28,119.28,0
XRAY,val,NORMAL,IM-0437-0001-0001.jpeg,2022,1445,2921790,1.399,134.47,57.81,255,0,255,134.47,134.47,134.47,0
XRAY,val,NORMAL,IM-0441-0001.jpeg,1472,1171,1723712,1.257,110.4,63.5,255,0,255,110.4,110.4,110.4,0
XRAY,val,NORMAL,IM-0455-0001.jpeg,1364,1148,1565872,1.188,134.73,56.95,255,0,255,134.73,134.73,134.73,0
XRAY,val,NORMAL,IM-0458-0001.jpeg,1226,955,1170830,1.284,123.56,59.69,255,0,255,123.56,123.56,123.56,0
XRAY,val,NORMAL,IM-0459-0001.jpeg,2338,1970,4605860,1.187,136.13,64.31,255,0,255,136.13,136.13,136.13,0
XRAY,val,NORMAL,IM-0491-0001.jpeg,2304,2086,4806144,1.105,105.37,60.19,255,0,255,105.37,105.37,105.37,0
XRAY,val,NORMAL,IM-0495-0001.jpeg,2064,1750,3612000,1.179,122.13,68.16,255,0,255,122.13,122.13,122.13,0
XRAY,val,NORMAL,IM-0501-0001-0002.jpeg,1562,1059,1654158,1.475,100.34,48.16,255,0,255,100.34,100.34,100.34,0
XRAY,val,NORMAL,IM-0519-0001-0002.jpeg,2014,1577,3176078,1.277,113.81,67.97,255,0,255,113.81,113.81,113.81,0
XRAY,val,NORMAL,IM-0524-0001.jpeg,1964,1611,3164004,1.219,140.06,61.22,255,0,255,140.06,140.06,140.06,0
XRAY,val,NORMAL,IM-0525-0001-0001.jpeg,1268,1017,1289556,1.247,132.86,49.54,255,0,255,132.86,132.86,132.86,0
XRAY,val,NORMAL,IM-0530-0001.jpeg,1458,1128,1644624,1.293,128.72,57.51,255,0,255,128.72,128.72,128.72,0
XRAY,val,NORMAL,IM-0533-0001-0001.jpeg,1908,1476,2816208,1.293,112.86,60.31,255,0,255,112.86,112.86,112.86,0
XRAY,val,NORMAL,IM-0538-0001.jpeg,1902,1595,3033690,1.192,121.9,63.9,255,0,255,121.9,121.9,121.9,0
XRAY,val,NORMAL,IM-0540-0001.jpeg,1496,1333,1994168,1.122,125.31,66.12,255,0,255,125.31,125.31,125.31,0
XRAY,val,NORMAL,IM-0553-0001-0001.jpeg,1632,1206,1968192,1.353,113.58,60.09,255,0,255,113.58,113.58,113.58,0
XRAY,val,NORMAL,IM-0555-0001-0002.jpeg,1446,1171,1693266,1.235,127.03,60.05,255,0,255,127.03,127.03,127.03,0
XRAY,val,NORMAL,IM-0579-0001.jpeg,1604,1117,1791668,1.436,117.0,67.03,255,0,255,117.0,117.0,117.0,0
XRAY,val,NORMAL,IM-0588-0001.jpeg,1488,1017,1513296,1.463,118.8,64.1,255,0,255,118.8,118.8,118.8,0
XRAY,val,NORMAL,IM-0595-0001.jpeg,1924,2102,4044248,0.915,117.14,61.73,255,0,255,117.14,117.14,117.14,0
XRAY,val,NORMAL,IM-0601-0001.jpeg,1858,1680,3121440,1.106,125.86,60.38,255,0,255,125.86,125.86,125.86,0
XRAY,val,NORMAL,IM-0607-0001.jpeg,1518,1121,1701678,1.354,109.8,65.42,255,0,255,109.8,109.8,109.8,0
XRAY,val,NORMAL,IM-0614-0001.jpeg,1750,1480,2590000,1.182,109.93,64.94,255,0,255,109.93,109.93,109.93,0
XRAY,val,NORMAL,IM-0625-0001.jpeg,1678,1229,2062262,1.365,133.52,58.56,255,0,255,133.52,133.52,133.52,0
XRAY,val,NORMAL,IM-0640-0001.jpeg,1642,1221,2004882,1.345,131.38,61.92,255,0,255,131.38,131.38,131.38,0
XRAY,val,NORMAL,IM-0641-0001.jpeg,1858,1480,2749840,1.255,132.38,61.02,255,0,255,132.38,132.38,132.38,0
XRAY,val,NORMAL,IM-0642-0001.jpeg,1508,1052,1586416,1.433,130.12,61.32,255,0,255,130.12,130.12,130.12,0
XRAY,val,NORMAL,IM-0643-0001.jpeg,2348,1851,4346148,1.269,131.94,72.39,255,0,255,131.94,131.94,131.94,0
XRAY,val,NORMAL,IM-0644-0001-0001.jpeg,1284,1020,1309680,1.259,129.85,61.37,255,0,255,129.85,129.85,129.85,0
XRAY,val,NORMAL,IM-0646-0001.jpeg,1630,1179,1921770,1.383,130.14,65.15,255,0,255,130.14,130.14,130.14,0
XRAY,val,NORMAL,IM-0655-0001.jpeg,2134,1827,3898818,1.168,120.0,68.31,255,0,255,120.0,120.0,120.0,0
XRAY,val,NORMAL,IM-0679-0001.jpeg,1368,1151,1574568,1.189,112.72,62.39,255,0,255,112.72,112.72,112.72,0
XRAY,val,NORMAL,IM-0691-0001.jpeg,1284,893,1146612,1.438,126.11,59.68,255,0,255,126.11,126.11,126.11,0
XRAY,val,NORMAL,IM-0705-0001.jpeg,1734,1426,2472684,1.216,115.28,65.65,255,0,255,115.28,115.28,115.28,0
XRAY,val,NORMAL,IM-0709-0001.jpeg,1570,1272,1997040,1.234,126.47,64.58,255,0,255,126.47,126.47,126.47,0
XRAY,val,NORMAL,IM-0712-0001.jpeg,1882,1557,2930274,1.209,119.29,64.49,255,0,255,119.29,119.29,119.29,0
XRAY,val,NORMAL,IM-0721-0001.jpeg,1434,1310,1878540,1.095,121.6,57.78,255,0,255,121.6,121.6,121.6,0
XRAY,val,NORMAL,IM-0751-0001.jpeg,1488,1136,1690368,1.31,119.11,60.02,255,0,255,119.11,119.11,119.11,0
XRAY,val,NORMAL,IM-0761-0001.jpeg,1348,1028,1385744,1.311,123.17,54.85,255,0,255,123.17,123.17,123.17,0
XRAY,val,NORMAL,NORMAL2-IM-0023-0001.jpeg,2071,1296,2684016,1.598,105.98,62.2,255,0,255,105.98,105.98,105.98,0
XRAY,val,NORMAL,NORMAL2-IM-0045-0001.jpeg,1733,1044,1809252,1.66,105.17,67.72,255,0,255,105.17,105.17,105.17,0
XRAY,val,NORMAL,NORMAL2-IM-0086-0001.jpeg,2474,2224,5502176,1.112,140.43,77.67,255,0,255,140.43,140.43,140.43,0
XRAY,val,NORMAL,NORMAL2-IM-0095-0001.jpeg,2517,1979,4981143,1.272,130.28,67.36,255,0,255,130.28,130.28,130.28,0
XRAY,val,NORMAL,NORMAL2-IM-0201-0001.jpeg,1800,1456,2620800,1.236,147.51,63.14,255,0,255,147.51,147.51,147.51,0
XRAY,val,NORMAL,NORMAL2-IM-0213-0001.jpeg,1952,1600,3123200,1.22,159.42,56.96,255,0,255,159.42,159.42,159.42,0
XRAY,val,NORMAL,NORMAL2-IM-0276-0001.jpeg,1604,1334,2139736,1.202,128.86,55.3,255,0,255,128.86,128.86,128.86,0
XRAY,val,NORMAL,NORMAL2-IM-0289-0001.jpeg,1894,1597,3024718,1.186,129.13,61.2,255,0,255,129.13,129.13,129.13,0
XRAY,val,NORMAL,NORMAL2-IM-0302-0001.jpeg,1596,1087,1734852,1.468,107.76,62.68,255,0,255,107.76,107.76,107.76,0
XRAY,val,NORMAL,NORMAL2-IM-0305-0001.jpeg,1612,1179,1900548,1.367,122.32,58.31,255,0,255,122.32,122.32,122.32,0
XRAY,val,NORMAL,NORMAL2-IM-0307-0001.jpeg,1816,1435,2605960,1.266,129.51,63.51,255,0,255,129.51,129.51,129.51,0
XRAY,val,NORMAL,NORMAL2-IM-0316-0001.jpeg,1464,925,1354200,1.583,108.95,55.92,255,0,255,108.95,108.95,108.95,0
XRAY,val,NORMAL,NORMAL2-IM-0325-0001.jpeg,1612,1164,1876368,1.385,113.67,66.94,255,0,255,113.67,113.67,113.67,0
XRAY,val,NORMAL,NORMAL2-IM-0335-0001.jpeg,1300,821,1067300,1.583,124.72,54.6,255,0,255,124.72,124.72,124.72,0
XRAY,val,NORMAL,NORMAL2-IM-0336-0001.jpeg,1612,941,1516892,1.713,102.62,62.62,255,0,255,102.62,102.62,102.62,0
XRAY,val,NORMAL,NORMAL2-IM-0340-0001.jpeg,1292,751,970292,1.72,113.44,58.34,255,0,255,113.44,113.44,113.44,0
XRAY,val,NORMAL,NORMAL2-IM-0393-0001.jpeg,1410,1106,1559460,1.275,113.38,56.5,255,0,255,113.38,113.38,113.38,0
XRAY,val,NORMAL,NORMAL2-IM-0394-0001.jpeg,1588,1144,1816672,1.388,132.41,54.48,255,0,255,132.41,132.41,132.41,0
XRAY,val,NORMAL,NORMAL2-IM-0399-0001.jpeg,1546,1399,2162854,1.105,135.02,55.99,255,0,255,135.02,135.02,135.02,0
XRAY,val,NORMAL,NORMAL2-IM-0401-0001.jpeg,1898,1854,3518892,1.024,131.89,61.78,255,0,255,131.89,131.89,131.89,0
XRAY,val,NORMAL,NORMAL2-IM-0402-0001.jpeg,1666,1252,2085832,1.331,106.0,63.42,255,0,255,106.0,106.0,106.0,0
XRAY,val,NORMAL,NORMAL2-IM-0406-0001.jpeg,1470,1043,1533210,1.409,90.75,48.24,255,0,255,90.75,90.75,90.75,0
XRAY,val,NORMAL,NORMAL2-IM-0408-0001.jpeg,1978,1766,3493148,1.12,115.08,67.51,255,0,255,115.08,115.08,115.08,0
XRAY,val,NORMAL,NORMAL2-IM-0416-0001-0002.jpeg,1844,1272,2345568,1.45,116.39,51.31,255,0,255,116.39,116.39,116.39,0
XRAY,val,NORMAL,NORMAL2-IM-0449-0001.jpeg,1284,1013,1300692,1.268,112.16,59.8,255,0,255,112.16,112.16,112.16,0
XRAY,val,NORMAL,NORMAL2-IM-0456-0001.jpeg,1368,1079,1476072,1.268,112.3,56.59,255,0,255,112.3,112.3,112.3,0
XRAY,val,NORMAL,NORMAL2-IM-0464-0001.jpeg,1662,1214,2017668,1.369,124.9,63.79,255,0,255,124.9,124.9,124.9,0
XRAY,val,NORMAL,NORMAL2-IM-0473-0001.jpeg,1418,1121,1589578,1.265,115.8,66.76,255,0,255,115.8,115.8,115.8,0
XRAY,val,NORMAL,NORMAL2-IM-0491-0001.jpeg,1808,1604,2900032,1.127,111.31,66.43,255,0,255,111.31,111.31,111.31,0
XRAY,val,NORMAL,NORMAL2-IM-0496-0001.jpeg,1716,1202,2062632,1.428,119.86,62.97,255,0,255,119.86,119.86,119.86,0
XRAY,val,NORMAL,NORMAL2-IM-0502-0001.jpeg,1454,1183,1720082,1.229,124.14,60.19,255,0,255,124.14,124.14,124.14,0
XRAY,val,NORMAL,NORMAL2-IM-0506-0001.jpeg,1762,1399,2465038,1.259,138.82,59.54,255,0,255,138.82,138.82,138.82,0
XRAY,val,NORMAL,NORMAL2-IM-0513-0001.jpeg,1986,1604,3185544,1.238,128.6,63.09,255,0,255,128.6,128.6,128.6,0
XRAY,val,NORMAL,NORMAL2-IM-0521-0001.jpeg,1952,1496,2920192,1.305,110.2,65.53,255,0,255,110.2,110.2,110.2,0
XRAY,val,NORMAL,NORMAL2-IM-0536-0001.jpeg,1400,1120,1568000,1.25,132.01,64.95,255,0,255,132.01,132.01,132.01,0
XRAY,val,NORMAL,NORMAL2-IM-0537-0001.jpeg,2458,1870,4596460,1.314,115.3,68.71,255,0,255,115.3,115.3,115.3,0
XRAY,val,NORMAL,NORMAL2-IM-0564-0001.jpeg,1554,1198,1861692,1.297,113.33,62.51,255,0,255,113.33,113.33,113.33,0
XRAY,val,NORMAL,NORMAL2-IM-0576-0001.jpeg,1688,1422,2400336,1.187,125.79,56.99,255,0,255,125.79,125.79,125.79,0
XRAY,val,NORMAL,NORMAL2-IM-0587-0001.jpeg,1504,1206,1813824,1.247,130.82,57.0,255,0,255,130.82,130.82,130.82,0
XRAY,val,NORMAL,NORMAL2-IM-0603-0001.jpeg,2234,1843,4117262,1.212,116.84,53.71,255,0,255,116.84,116.84,116.84,0
XRAY,val,NORMAL,NORMAL2-IM-0620-0001.jpeg,1736,1785,3098760,0.973,130.42,64.04,255,0,255,130.42,130.42,130.42,0
XRAY,val,NORMAL,NORMAL2-IM-0630-0001.jpeg,1600,1329,2126400,1.204,122.12,64.0,255,0,255,122.12,122.12,122.12,0
XRAY,val,NORMAL,NORMAL2-IM-0648-0001.jpeg,1462,1245,1820190,1.174,112.16,62.5,255,0,255,112.16,112.16,112.16,0
XRAY,val,NORMAL,NORMAL2-IM-0659-0001.jpeg,1438,1187,1706906,1.211,137.57,54.9,255,0,255,137.57,137.57,137.57,0
XRAY,val,NORMAL,NORMAL2-IM-0665-0001.jpeg,1186,769,912034,1.542,99.62,57.15,255,0,255,99.62,99.62,99.62,0
XRAY,val,NORMAL,NORMAL2-IM-0694-0001.jpeg,2018,1881,3795858,1.073,135.16,59.28,255,0,255,135.16,135.16,135.16,0
XRAY,val,NORMAL,NORMAL2-IM-0699-0001.jpeg,1920,1920,3686400,1.0,122.38,61.11,255,0,255,122.38,122.38,122.38,0
XRAY,val,NORMAL,NORMAL2-IM-0730-0001.jpeg,1672,1328,2220416,1.259,148.06,64.03,255,0,255,148.06,148.06,148.06,0
XRAY,val,NORMAL,NORMAL2-IM-0741-0001.jpeg,1240,1064,1319360,1.165,127.45,65.65,255,0,255,127.45,127.45,127.45,0
XRAY,val,NORMAL,NORMAL2-IM-0744-0001.jpeg,1416,1296,1835136,1.093,119.11,55.4,255,0,255,119.11,119.11,119.11,0
XRAY,val,NORMAL,NORMAL2-IM-0753-0001.jpeg,1088,968,1053184,1.124,104.45,50.16,255,0,255,104.45,104.45,104.45,0
XRAY,val,NORMAL,NORMAL2-IM-0776-0001.jpeg,1744,1769,3085136,0.986,106.98,62.91,255,0,255,106.98,106.98,106.98,0
XRAY,val,NORMAL,NORMAL2-IM-0781-0001.jpeg,2276,2221,5054996,1.025,130.62,62.73,255,0,255,130.62,130.62,130.62,0
XRAY,val,NORMAL,NORMAL2-IM-0821-0001.jpeg,1836,1487,2730132,1.235,113.86,59.46,255,0,255,113.86,113.86,113.86,0
XRAY,val,NORMAL,NORMAL2-IM-0843-0001.jpeg,1708,1468,2507344,1.163,141.34,52.16,255,0,255,141.34,141.34,141.34,0
XRAY,val,NORMAL,NORMAL2-IM-0851-0001.jpeg,1442,1229,1772218,1.173,126.22,60.19,255,0,255,126.22,126.22,126.22,0
XRAY,val,NORMAL,NORMAL2-IM-0854-0001.jpeg,1662,1194,1984428,1.392,141.72,62.82,255,0,255,141.72,141.72,141.72,0
XRAY,val,NORMAL,NORMAL2-IM-0855-0001.jpeg,1675,1428,2391900,1.173,153.01,62.29,255,0,255,153.01,153.01,153.01,0
XRAY,val,NORMAL,NORMAL2-IM-0863-0001.jpeg,1770,1472,2605440,1.202,120.59,54.63,255,0,255,120.59,120.59,120.59,0
XRAY,val,NORMAL,NORMAL2-IM-0886-0001.jpeg,1816,1607,2918312,1.13,119.9,64.7,255,0,255,119.9,119.9,119.9,0
XRAY,val,NORMAL,NORMAL2-IM-0890-0001.jpeg,1744,1532,2671808,1.138,156.15,59.82,255,0,255,156.15,156.15,156.15,0
XRAY,val,NORMAL,NORMAL2-IM-0919-0001.jpeg,2148,1773,3808404,1.212,122.8,66.09,255,0,255,122.8,122.8,122.8,0
XRAY,val,NORMAL,NORMAL2-IM-0929-0001.jpeg,1906,1627,3101062,1.171,113.98,62.57,255,0,255,113.98,113.98,113.98,0
XRAY,val,NORMAL,NORMAL2-IM-0939-0001.jpeg,2342,2399,5618458,0.976,125.18,67.08,255,0,255,125.18,125.18,125.18,0
XRAY,val,NORMAL,NORMAL2-IM-0950-0001.jpeg,1802,1437,2589474,1.254,94.09,67.89,255,0,255,94.09,94.09,94.09,0
XRAY,val,NORMAL,NORMAL2-IM-0955-0001.jpeg,1770,1325,2345250,1.336,119.13,69.21,255,0,255,119.13,119.13,119.13,0
XRAY,val,NORMAL,NORMAL2-IM-0961-0001.jpeg,1840,1642,3021280,1.121,133.51,59.81,255,0,255,133.51,133.51,133.51,0
XRAY,val,NORMAL,NORMAL2-IM-0969-0001.jpeg,1790,1472,2634880,1.216,131.72,63.19,255,0,255,131.72,131.72,131.72,0
XRAY,val,NORMAL,NORMAL2-IM-0970-0001.jpeg,1546,1294,2000524,1.195,129.93,54.05,255,0,255,129.93,129.93,129.93,0
XRAY,val,NORMAL,NORMAL2-IM-0980-0001.jpeg,1236,1013,1252068,1.22,121.99,59.71,255,0,255,121.99,121.99,121.99,0
XRAY,val,NORMAL,NORMAL2-IM-1002-0001.jpeg,1364,1090,1486760,1.251,93.44,65.11,255,0,255,93.44,93.44,93.44,0
XRAY,val,NORMAL,NORMAL2-IM-1016-0001.jpeg,1458,1233,1797714,1.182,129.95,61.66,255,0,255,129.95,129.95,129.95,0
XRAY,val,NORMAL,NORMAL2-IM-1023-0001.jpeg,1974,1627,3211698,1.213,147.82,52.74,255,0,255,147.82,147.82,147.82,0
XRAY,val,NORMAL,NORMAL2-IM-1056-0001.jpeg,1422,1067,1517274,1.333,115.71,56.84,255,0,255,115.71,115.71,115.71,0
XRAY,val,NORMAL,NORMAL2-IM-1067-0001-0001.jpeg,1304,968,1262272,1.347,116.96,57.1,255,0,255,116.96,116.96,116.96,0
XRAY,val,NORMAL,NORMAL2-IM-1084-0001.jpeg,1360,1128,1534080,1.206,139.02,72.2,255,0,255,139.02,139.02,139.02,0
XRAY,val,NORMAL,NORMAL2-IM-1089-0001.jpeg,1350,1152,1555200,1.172,120.51,62.36,255,0,255,120.51,120.51,120.51,0
XRAY,val,NORMAL,NORMAL2-IM-1096-0001.jpeg,1580,1329,2099820,1.189,109.94,58.04,255,0,255,109.94,109.94,109.94,0
XRAY,val,NORMAL,NORMAL2-IM-1102-0001-0001.jpeg,2114,1758,3716412,1.203,140.26,55.73,255,0,255,140.26,140.26,140.26,0
XRAY,val,NORMAL,NORMAL2-IM-1102-0001.jpeg,1790,1441,2579390,1.242,131.7,59.0,255,0,255,131.7,131.7,131.7,0
XRAY,val,NORMAL,NORMAL2-IM-1110-0001.jpeg,1902,1665,3166830,1.142,89.07,66.38,255,0,255,89.07,89.07,89.07,0
XRAY,val,NORMAL,NORMAL2-IM-1111-0001.jpeg,1496,1201,1796696,1.246,110.0,60.26,255,0,255,110.0,110.0,110.0,0
XRAY,val,NORMAL,NORMAL2-IM-1116-0001-0001.jpeg,2272,1989,4519008,1.142,123.03,61.22,255,0,255,123.03,123.03,123.03,0
XRAY,val,NORMAL,NORMAL2-IM-1130-0001.jpeg,2056,1793,3686408,1.147,123.96,61.12,255,0,255,123.96,123.96,123.96,0
XRAY,val,NORMAL,NORMAL2-IM-1176-0001.jpeg,2362,2187,5165694,1.08,129.6,66.85,255,0,255,129.6,129.6,129.6,0
XRAY,val,NORMAL,NORMAL2-IM-1191-0001.jpeg,1616,1187,1918192,1.361,114.87,66.11,255,0,255,114.87,114.87,114.87,0
XRAY,val,NORMAL,NORMAL2-IM-1198-0001.jpeg,2040,2059,4200360,0.991,125.6,62.43,255,0,255,125.6,125.6,125.6,0
XRAY,val,NORMAL,NORMAL2-IM-1206-0001.jpeg,1692,1245,2106540,1.359,109.93,65.6,255,0,255,109.93,109.93,109.93,0
XRAY,val,NORMAL,NORMAL2-IM-1221-0001.jpeg,1500,1206,1809000,1.244,118.53,61.7,255,0,255,118.53,118.53,118.53,0
XRAY,val,NORMAL,NORMAL2-IM-1231-0001.jpeg,1414,1167,1650138,1.212,132.43,54.48,255,0,255,132.43,132.43,132.43,0
XRAY,val,NORMAL,NORMAL2-IM-1240-0001.jpeg,1570,1460,2292200,1.075,126.83,62.54,255,0,255,126.83,126.83,126.83,0
XRAY,val,NORMAL,NORMAL2-IM-1241-0001.jpeg,1056,792,836352,1.333,108.89,56.04,255,0,255,108.89,108.89,108.89,0
XRAY,val,NORMAL,NORMAL2-IM-1247-0001.jpeg,1316,1067,1404172,1.233,147.4,51.11,255,0,255,147.4,147.4,147.4,0
XRAY,val,NORMAL,NORMAL2-IM-1250-0001.jpeg,1416,992,1404672,1.427,123.22,71.67,255,0,255,123.22,123.22,123.22,0
XRAY,val,NORMAL,NORMAL2-IM-1260-0001.jpeg,1854,1495,2771730,1.24,111.49,68.97,255,0,255,111.49,111.49,111.49,0
XRAY,val,NORMAL,NORMAL2-IM-1273-0001.jpeg,1484,993,1473612,1.494,130.62,65.47,255,0,255,130.62,130.62,130.62,0
XRAY,val,NORMAL,NORMAL2-IM-1281-0001.jpeg,1766,1468,2592488,1.203,115.05,65.26,255,0,255,115.05,115.05,115.05,0
XRAY,val,NORMAL,NORMAL2-IM-1294-0001-0002.jpeg,1400,1260,1764000,1.111,137.24,66.73,255,0,255,137.24,137.24,137.24,0
XRAY,val,NORMAL,NORMAL2-IM-1296-0001.jpeg,1462,1171,1712002,1.249,127.59,59.91,255,0,255,127.59,127.59,127.59,0
XRAY,val,NORMAL,NORMAL2-IM-1310-0001.jpeg,1608,1468,2360544,1.095,138.87,57.41,255,0,255,138.87,138.87,138.87,0
XRAY,val,NORMAL,NORMAL2-IM-1326-0001.jpeg,1188,885,1051380,1.342,110.65,56.98,255,0,255,110.65,110.65,110.65,0
XRAY,val,NORMAL,NORMAL2-IM-1327-0001.jpeg,1456,1264,1840384,1.152,130.31,57.02,255,0,255,130.31,130.31,130.31,0
XRAY,val,NORMAL,NORMAL2-IM-1328-0001.jpeg,2176,1658,3607808,1.312,130.9,63.01,255,0,255,130.9,130.9,130.9,0
XRAY,val,NORMAL,NORMAL2-IM-1333-0001.jpeg,1364,1456,1985984,0.937,113.6,52.31,255,0,255,113.6,113.6,113.6,0
XRAY,val,NORMAL,NORMAL2-IM-1337-0001.jpeg,1360,1097,1491920,1.24,109.93,59.67,255,0,255,109.93,109.93,109.93,0
XRAY,val,NORMAL,NORMAL2-IM-1342-0001.jpeg,1284,1078,1384152,1.191,129.96,56.43,255,0,255,129.96,129.96,129.96,0
XRAY,val,NORMAL,NORMAL2-IM-1345-0001.jpeg,1464,1183,1731912,1.238,117.26,52.27,255,0,255,117.26,117.26,117.26,0
XRAY,val,NORMAL,NORMAL2-IM-1371-0001.jpeg,1496,1304,1950784,1.147,121.67,66.99,255,0,255,121.67,121.67,121.67,0
XRAY,val,NORMAL,NORMAL2-IM-1385-0001.jpeg,1288,1080,1391040,1.193,111.78,59.61,255,0,255,111.78,111.78,111.78,0
XRAY,val,NORMAL,NORMAL2-IM-1400-0001.jpeg,1440,992,1428480,1.452,124.92,71.76,255,0,255,124.92,124.92,124.92,0
XRAY,val,NORMAL,NORMAL2-IM-1412-0001.jpeg,1784,1216,2169344,1.467,113.85,65.12,255,0,255,113.85,113.85,113.85,0
XRAY,val,NORMAL,NORMAL2-IM-1422-0001.jpeg,1460,951,1388460,1.535,123.65,63.4,255,0,255,123.65,123.65,123.65,0
XRAY,val,NORMAL,NORMAL2-IM-1437-0001.jpeg,1240,1104,1368960,1.123,130.46,64.56,255,0,255,130.46,130.46,130.46,0
XRAY,val,PNEUMONIA,person1001_bacteria_2932.jpeg,1244,863,1073572,1.441,111.98,56.05,255,0,255,111.98,111.98,111.98,0
XRAY,val,PNEUMONIA,person1004_virus_1686.jpeg,856,480,410880,1.783,101.97,59.67,255,0,255,101.97,101.97,101.97,0
XRAY,val,PNEUMONIA,person1019_virus_1707.jpeg,1752,1408,2466816,1.244,134.91,62.27,255,0,255,134.91,134.91,134.91,0
XRAY,val,PNEUMONIA,person101_bacteria_485.jpeg,1032,752,776064,1.372,113.45,43.65,255,0,255,113.45,113.45,113.45,0
XRAY,val,PNEUMONIA,person1035_virus_1729.jpeg,1248,840,1048320,1.486,111.83,51.35,255,0,255,111.83,111.83,111.83,0
XRAY,val,PNEUMONIA,person1036_virus_1730.jpeg,1136,840,954240,1.352,134.97,54.43,255,0,255,134.97,134.97,134.97,0
XRAY,val,PNEUMONIA,person1044_virus_1740.jpeg,1488,1088,1618944,1.368,130.02,65.93,255,0,255,130.02,130.02,130.02,0
XRAY,val,PNEUMONIA,person1048_bacteria_2982.jpeg,976,608,593408,1.605,115.68,49.12,255,0,255,115.68,115.68,115.68,0
XRAY,val,PNEUMONIA,person104_virus_191.jpeg,1644,1138,1870872,1.445,96.32,60.85,255,0,255,96.32,96.32,96.32,0
XRAY,val,PNEUMONIA,person1052_bacteria_2986.jpeg,1048,856,897088,1.224,130.82,55.14,255,0,255,130.82,130.82,130.82,0
XRAY,val,PNEUMONIA,person1056_virus_1755.jpeg,1816,1184,2150144,1.534,128.59,67.78,255,0,255,128.59,128.59,128.59,0
XRAY,val,PNEUMONIA,person1059_bacteria_2993.jpeg,1088,688,748544,1.581,96.1,48.67,255,0,255,96.1,96.1,96.1,0
XRAY,val,PNEUMONIA,person1063_virus_1765.jpeg,1072,728,780416,1.473,135.45,49.33,255,0,255,135.45,135.45,135.45,0
XRAY,val,PNEUMONIA,person1073_bacteria_3008.jpeg,978,626,612228,1.562,133.19,56.76,224,4,228,133.19,133.19,133.19,0
XRAY,val,PNEUMONIA,person1077_bacteria_3017.jpeg,1048,640,670720,1.637,140.38,41.38,255,0,255,140.38,140.38,140.38,0
XRAY,val,PNEUMONIA,person1077_virus_1787.jpeg,1696,1320,2238720,1.285,139.56,73.27,255,0,255,139.56,139.56,139.56,0
XRAY,val,PNEUMONIA,person107_virus_197.jpeg,1616,1024,1654784,1.578,131.48,54.83,255,0,255,131.48,131.48,131.48,0
XRAY,val,PNEUMONIA,person1080_virus_1791.jpeg,1568,1016,1593088,1.543,117.78,74.94,255,0,255,117.78,117.78,117.78,0
XRAY,val,PNEUMONIA,person1081_virus_1793.jpeg,976,576,562176,1.694,114.72,63.73,255,0,255,114.72,114.72,114.72,0
XRAY,val,PNEUMONIA,person1083_bacteria_3023.jpeg,1104,752,830208,1.468,151.27,44.01,255,0,255,151.27,151.27,151.27,0
XRAY,val,PNEUMONIA,person1086_bacteria_3026.jpeg,1468,821,1205228,1.788,120.23,58.42,255,0,255,120.23,120.23,120.23,0
XRAY,val,PNEUMONIA,person108_bacteria_507.jpeg,1176,1032,1213632,1.14,125.71,57.95,255,0,255,125.71,125.71,125.71,0
XRAY,val,PNEUMONIA,person1090_virus_1809.jpeg,1136,656,745216,1.732,124.66,64.91,255,0,255,124.66,124.66,124.66,0
XRAY,val,PNEUMONIA,person1093_bacteria_3033.jpeg,1208,856,1034048,1.411,161.93,39.77,255,0,255,161.93,161.93,161.93,0
XRAY,val,PNEUMONIA,person1094_virus_1814.jpeg,952,584,555968,1.63,103.64,54.96,255,0,255,103.64,103.64,103.64,0
XRAY,val,PNEUMONIA,person1095_virus_1815.jpeg,1088,712,774656,1.528,112.28,67.0,255,0,255,112.28,112.28,112.28,0
XRAY,val,PNEUMONIA,person1096_bacteria_3037.jpeg,1088,672,731136,1.619,118.77,52.91,255,0,255,118.77,118.77,118.77,0
XRAY,val,PNEUMONIA,person1098_virus_1818.jpeg,1000,488,488000,2.049,104.65,59.91,255,0,255,104.65,104.65,104.65,0
XRAY,val,PNEUMONIA,person109_bacteria_512.jpeg,1256,808,1014848,1.554,149.11,66.04,255,0,255,149.11,149.11,149.11,0
XRAY,val,PNEUMONIA,person1103_bacteria_3044.jpeg,1336,848,1132928,1.575,170.07,52.84,255,0,255,170.07,170.07,170.07,0
XRAY,val,PNEUMONIA,person1104_virus_1826.jpeg,858,522,447876,1.644,132.68,47.18,196,0,196,132.68,132.68,132.68,0
XRAY,val,PNEUMONIA,person1105_bacteria_3046.jpeg,1136,760,863360,1.495,93.53,49.37,255,0,255,93.53,93.53,93.53,0
XRAY,val,PNEUMONIA,person110_virus_205.jpeg,1192,864,1029888,1.38,89.75,47.03,255,0,255,89.75,89.75,89.75,0
XRAY,val,PNEUMONIA,person110_virus_206.jpeg,1192,840,1001280,1.419,101.19,48.93,255,0,255,101.19,101.19,101.19,0
XRAY,val,PNEUMONIA,person1111_virus_1836.jpeg,1072,664,711808,1.614,140.18,64.74,255,0,255,140.18,140.18,140.18,0
XRAY,val,PNEUMONIA,person1112_virus_1837.jpeg,1352,792,1070784,1.707,123.55,57.34,255,0,255,123.55,123.55,123.55,0
XRAY,val,PNEUMONIA,person111_virus_209.jpeg,1520,1376,2091520,1.105,152.09,59.77,255,0,255,152.09,152.09,152.09,0
XRAY,val,PNEUMONIA,person1123_virus_1848.jpeg,1208,864,1043712,1.398,131.91,68.9,255,0,255,131.91,131.91,131.91,0
XRAY,val,PNEUMONIA,person1127_virus_1854.jpeg,1072,712,763264,1.506,115.24,61.39,255,0,255,115.24,115.24,115.24,0
XRAY,val,PNEUMONIA,person1133_bacteria_3075.jpeg,1048,528,553344,1.985,126.77,53.32,255,0,255,126.77,126.77,126.77,0
XRAY,val,PNEUMONIA,person1135_bacteria_3077.jpeg,1597,1231,1965907,1.297,117.82,80.02,255,0,255,117.82,117.82,117.82,0
XRAY,val,PNEUMONIA,person1141_virus_1886.jpeg,1152,712,820224,1.618,90.09,41.05,255,0,255,90.09,90.09,90.09,0
XRAY,val,PNEUMONIA,person1141_virus_1890.jpeg,1164,735,855540,1.584,134.47,58.09,255,0,255,134.47,134.47,134.47,0
XRAY,val,PNEUMONIA,person1149_bacteria_3094.jpeg,1008,712,717696,1.416,148.92,40.21,255,0,255,148.92,148.92,148.92,0
XRAY,val,PNEUMONIA,person114_bacteria_546.jpeg,1080,696,751680,1.552,122.08,49.17,255,0,255,122.08,122.08,122.08,0
XRAY,val,PNEUMONIA,person1155_virus_1934.jpeg,1078,639,688842,1.687,113.25,56.33,255,0,255,113.25,113.25,113.25,0
XRAY,val,PNEUMONIA,person1162_virus_1950.jpeg,1056,642,677952,1.645,138.61,47.51,255,0,255,138.61,138.61,138.61,0
XRAY,val,PNEUMONIA,person1170_virus_1970.jpeg,828,525,434700,1.577,136.54,48.64,216,0,216,136.54,136.54,136.54,0
XRAY,val,PNEUMONIA,person1178_virus_2004.jpeg,1516,910,1379560,1.666,117.22,54.87,255,0,255,117.22,117.22,117.22,0
XRAY,val,PNEUMONIA,person1186_bacteria_3135.jpeg,1168,808,943744,1.446,152.75,49.66,255,0,255,152.75,152.75,152.75,0
XRAY,val,PNEUMONIA,person118_bacteria_559.jpeg,952,680,647360,1.4,104.5,46.51,255,0,255,104.5,104.5,104.5,0
XRAY,val,PNEUMONIA,person118_virus_224.jpeg,1256,784,984704,1.602,127.11,55.78,255,0,255,127.11,127.11,127.11,0
XRAY,val,PNEUMONIA,person1197_bacteria_3147.jpeg,1216,768,933888,1.583,113.94,52.56,255,0,255,113.94,113.94,113.94,0
XRAY,val,PNEUMONIA,person119_bacteria_568.jpeg,1222,878,1072916,1.392,101.59,62.84,255,0,255,101.59,101.59,101.59,0
XRAY,val,PNEUMONIA,person1203_bacteria_3154.jpeg,1040,720,748800,1.444,128.29,59.57,255,0,255,128.29,128.29,128.29,0
XRAY,val,PNEUMONIA,person1206_bacteria_3158.jpeg,1096,656,718976,1.671,99.89,47.08,255,0,255,99.89,99.89,99.89,0
XRAY,val,PNEUMONIA,person1212_virus_2057.jpeg,1368,912,1247616,1.5,166.7,60.83,255,0,255,166.7,166.7,166.7,0
XRAY,val,PNEUMONIA,person1213_virus_2058.jpeg,1208,656,792448,1.841,145.58,60.43,255,0,255,145.58,145.58,145.58,0
XRAY,val,PNEUMONIA,person1219_virus_2067.jpeg,1288,768,989184,1.677,127.3,67.24,255,0,255,127.3,127.3,127.3,0
XRAY,val,PNEUMONIA,person1222_bacteria_3177.jpeg,1192,712,848704,1.674,94.58,44.42,255,0,255,94.58,94.58,94.58,0
XRAY,val,PNEUMONIA,person1228_virus_2079.jpeg,1000,600,600000,1.667,115.35,67.57,255,0,255,115.35,115.35,115.35,0
XRAY,val,PNEUMONIA,person1229_virus_2080.jpeg,1160,824,955840,1.408,143.6,75.25,255,0,255,143.6,143.6,143.6,0
XRAY,val,PNEUMONIA,person1235_bacteria_3191.jpeg,1232,1088,1340416,1.132,170.97,51.21,255,0,255,170.97,170.97,170.97,0
XRAY,val,PNEUMONIA,person123_bacteria_587.jpeg,1232,808,995456,1.525,105.54,51.5,255,0,255,105.54,105.54,105.54,0
XRAY,val,PNEUMONIA,person1244_virus_2111.jpeg,1248,816,1018368,1.529,137.58,72.93,255,0,255,137.58,137.58,137.58,0
XRAY,val,PNEUMONIA,person1247_virus_2115.jpeg,1232,808,995456,1.525,134.96,64.65,255,0,255,134.96,134.96,134.96,0
XRAY,val,PNEUMONIA,person1249_bacteria_3205.jpeg,1064,544,578816,1.956,112.81,42.42,255,0,255,112.81,112.81,112.81,0
XRAY,val,PNEUMONIA,person124_virus_244.jpeg,1416,864,1223424,1.639,115.21,49.12,255,0,255,115.21,115.21,115.21,0
XRAY,val,PNEUMONIA,person125_virus_254.jpeg,1400,1088,1523200,1.287,143.51,65.19,255,0,255,143.51,143.51,143.51,0
XRAY,val,PNEUMONIA,person1264_virus_2155.jpeg,1072,568,608896,1.887,103.33,68.32,255,0,255,103.33,103.33,103.33,0
XRAY,val,PNEUMONIA,person1268_virus_2161.jpeg,1208,984,1188672,1.228,138.32,69.53,255,0,255,138.32,138.32,138.32,0
XRAY,val,PNEUMONIA,person126_bacteria_598.jpeg,912,648,590976,1.407,122.73,54.89,255,0,255,122.73,122.73,122.73,0
XRAY,val,PNEUMONIA,person1276_virus_2198.jpeg,856,608,520448,1.408,107.97,56.12,255,0,255,107.97,107.97,107.97,0
XRAY,val,PNEUMONIA,person1283_virus_2206.jpeg,1408,784,1103872,1.796,135.78,72.0,255,0,255,135.78,135.78,135.78,0
XRAY,val,PNEUMONIA,person128_bacteria_606.jpeg,1160,736,853760,1.576,103.09,56.45,255,0,255,103.09,103.09,103.09,0
XRAY,val,PNEUMONIA,person128_virus_261.jpeg,1312,960,1259520,1.367,137.74,64.75,255,0,255,137.74,137.74,137.74,0
XRAY,val,PNEUMONIA,person1290_virus_2215.jpeg,1392,1264,1759488,1.101,162.12,59.38,255,0,255,162.12,162.12,162.12,0
XRAY,val,PNEUMONIA,person1290_virus_2216.jpeg,1392,1056,1469952,1.318,155.11,61.64,255,0,255,155.11,155.11,155.11,0
XRAY,val,PNEUMONIA,person1291_virus_2217.jpeg,1264,760,960640,1.663,124.88,70.38,255,0,255,124.88,124.88,124.88,0
XRAY,val,PNEUMONIA,person1296_virus_2224.jpeg,1592,1056,1681152,1.508,107.07,80.22,255,0,255,107.07,107.07,107.07,0
XRAY,val,PNEUMONIA,person1298_bacteria_3261.jpeg,984,584,574656,1.685,147.98,53.01,255,0,255,147.98,147.98,147.98,0
XRAY,val,PNEUMONIA,person1308_bacteria_3292.jpeg,482,209,100738,2.306,147.75,67.58,240,0,240,147.75,147.75,147.75,0
XRAY,val,PNEUMONIA,person130_virus_263.jpeg,1568,1144,1793792,1.371,142.54,54.77,255,0,255,142.54,142.54,142.54,0
XRAY,val,PNEUMONIA,person1311_virus_2259.jpeg,1200,840,1008000,1.429,122.41,60.92,255,0,255,122.41,122.41,122.41,0
XRAY,val,PNEUMONIA,person1315_bacteria_3322.jpeg,1160,776,900160,1.495,114.3,71.98,255,0,255,114.3,114.3,114.3,0
XRAY,val,PNEUMONIA,person1320_bacteria_3344.jpeg,1456,1056,1537536,1.379,137.14,55.73,255,0,255,137.14,137.14,137.14,0
XRAY,val,PNEUMONIA,person1320_bacteria_3348.jpeg,1544,824,1272256,1.874,162.66,60.11,255,0,255,162.66,162.66,162.66,0
XRAY,val,PNEUMONIA,person1323_bacteria_3361.jpeg,1792,1592,2852864,1.126,158.72,56.97,255,0,255,158.72,158.72,158.72,0
XRAY,val,PNEUMONIA,person1323_virus_2282.jpeg,1056,592,625152,1.784,124.06,69.72,255,0,255,124.06,124.06,124.06,0
XRAY,val,PNEUMONIA,person1328_virus_2293.jpeg,1208,768,927744,1.573,138.78,56.09,255,0,255,138.78,138.78,138.78,0
XRAY,val,PNEUMONIA,person1333_bacteria_3384.jpeg,1256,752,944512,1.67,120.68,47.42,255,0,255,120.68,120.68,120.68,0
XRAY,val,PNEUMONIA,person1340_virus_2311.jpeg,1032,744,767808,1.387,112.15,64.53,255,0,255,112.15,112.15,112.15,0
XRAY,val,PNEUMONIA,person1341_virus_2313.jpeg,1056,728,768768,1.451,101.15,67.45,255,0,255,101.15,101.15,101.15,0
XRAY,val,PNEUMONIA,person1343_virus_2317.jpeg,1280,872,1116160,1.468,130.58,69.39,255,0,255,130.58,130.58,130.58,0
XRAY,val,PNEUMONIA,person1345_bacteria_3425.jpeg,1552,840,1303680,1.848,163.78,59.36,255,0,255,163.78,163.78,163.78,0
XRAY,val,PNEUMONIA,person1353_bacteria_3446.jpeg,1296,904,1171584,1.434,125.02,78.48,255,0,255,125.02,125.02,125.02,0
XRAY,val,PNEUMONIA,person1361_bacteria_3476.jpeg,1240,920,1140800,1.348,153.03,59.6,255,0,255,153.03,153.03,153.03,0
XRAY,val,PNEUMONIA,person1363_bacteria_3483.jpeg,1320,944,1246080,1.398,169.61,56.65,255,0,255,169.61,169.61,169.61,0
XRAY,val,PNEUMONIA,person1363_virus_2346.jpeg,1504,1056,1588224,1.424,147.1,66.94,255,0,255,147.1,147.1,147.1,0
XRAY,val,PNEUMONIA,person1368_virus_2354.jpeg,1296,928,1202688,1.397,138.17,71.46,255,0,255,138.17,138.17,138.17,0
XRAY,val,PNEUMONIA,person1369_virus_2355.jpeg,852,444,378288,1.919,136.19,47.86,255,0,255,136.19,136.19,136.19,0
XRAY,val,PNEUMONIA,person1372_bacteria_3498.jpeg,1856,1312,2435072,1.415,152.37,73.96,255,0,255,152.37,152.37,152.37,0
XRAY,val,PNEUMONIA,person1375_virus_2366.jpeg,1512,1056,1596672,1.432,145.17,67.34,255,0,255,145.17,145.17,145.17,0
XRAY,val,PNEUMONIA,person1377_virus_2369.jpeg,1584,720,1140480,2.2,85.12,75.78,255,0,255,85.12,85.12,85.12,0
XRAY,val,PNEUMONIA,person1380_bacteria_3515.jpeg,1064,688,732032,1.547,123.12,66.54,255,0,255,123.12,123.12,123.12,0
XRAY,val,PNEUMONIA,person1388_bacteria_3529.jpeg,1128,680,767040,1.659,112.67,72.28,255,0,255,112.67,112.67,112.67,0
XRAY,val,PNEUMONIA,person1405_bacteria_3573.jpeg,1352,944,1276288,1.432,103.8,67.15,255,0,255,103.8,103.8,103.8,0
XRAY,val,PNEUMONIA,person1406_bacteria_3575.jpeg,1240,848,1051520,1.462,115.5,53.55,255,0,255,115.5,115.5,115.5,0
XRAY,val,PNEUMONIA,person1408_virus_2411.jpeg,1392,1120,1559040,1.243,156.33,66.12,255,0,255,156.33,156.33,156.33,0
XRAY,val,PNEUMONIA,person1409_virus_2413.jpeg,984,672,661248,1.464,135.84,49.19,255,0,255,135.84,135.84,135.84,0
XRAY,val,PNEUMONIA,person1413_bacteria_3620.jpeg,1408,800,1126400,1.76,77.75,33.71,255,0,255,77.75,77.75,77.75,0
XRAY,val,PNEUMONIA,person1413_virus_2423.jpeg,1336,1056,1410816,1.265,135.49,62.87,255,0,255,135.49,135.49,135.49,0
XRAY,val,PNEUMONIA,person141_bacteria_670.jpeg,944,536,505984,1.761,129.42,59.75,255,0,255,129.42,129.42,129.42,0
XRAY,val,PNEUMONIA,person1422_bacteria_3649.jpeg,880,424,373120,2.075,113.59,61.42,255,0,255,113.59,113.59,113.59,0
XRAY,val,PNEUMONIA,person1430_bacteria_3695.jpeg,1144,792,906048,1.444,139.12,70.69,255,0,255,139.12,139.12,139.12,0
XRAY,val,PNEUMONIA,person1432_bacteria_3699.jpeg,976,632,616832,1.544,117.22,58.14,255,0,255,117.22,117.22,117.22,0
XRAY,val,PNEUMONIA,person1439_bacteria_3722.jpeg,1168,760,887680,1.537,121.59,54.73,255,0,255,121.59,121.59,121.59,0
XRAY,val,PNEUMONIA,person1441_virus_2457.jpeg,1760,1280,2252800,1.375,167.12,59.89,255,0,255,167.12,167.12,167.12,0
XRAY,val,PNEUMONIA,person1446_bacteria_3740.jpeg,1248,792,988416,1.576,109.75,68.47,255,0,255,109.75,109.75,109.75,0
XRAY,val,PNEUMONIA,person1455_virus_2487.jpeg,896,536,480256,1.672,121.93,49.11,255,0,255,121.93,121.93,121.93,0
XRAY,val,PNEUMONIA,person1459_virus_2506.jpeg,1426,947,1350422,1.506,111.25,60.86,255,0,255,111.25,111.25,111.25,0
XRAY,val,PNEUMONIA,person145_virus_294.jpeg,904,600,542400,1.507,121.11,52.5,255,0,255,121.11,121.11,121.11,0
XRAY,val,PNEUMONIA,person1463_bacteria_3809.jpeg,1448,928,1343744,1.56,131.22,61.93,255,0,255,131.22,131.22,131.22,0
XRAY,val,PNEUMONIA,person146_bacteria_704.jpeg,1410,720,1015200,1.958,95.44,52.98,255,0,255,95.44,95.44,95.44,0
XRAY,val,PNEUMONIA,person1482_virus_2569.jpeg,1168,672,784896,1.738,117.25,41.59,255,0,255,117.25,117.25,117.25,0
XRAY,val,PNEUMONIA,person1482_virus_2572.jpeg,1056,664,701184,1.59,126.96,43.68,255,0,255,126.96,126.96,126.96,0
XRAY,val,PNEUMONIA,person1488_virus_2589.jpeg,1520,904,1374080,1.681,137.05,50.54,255,0,255,137.05,137.05,137.05,0
XRAY,val,PNEUMONIA,person1493_bacteria_3896.jpeg,1416,856,1212096,1.654,138.69,57.56,255,0,255,138.69,138.69,138.69,0
XRAY,val,PNEUMONIA,person1499_bacteria_3915.jpeg,1120,744,833280,1.505,120.48,60.51,255,0,255,120.48,120.48,120.48,0
XRAY,val,PNEUMONIA,person149_virus_299.jpeg,1528,1032,1576896,1.481,119.72,70.24,255,0,255,119.72,119.72,119.72,0
XRAY,val,PNEUMONIA,person1502_virus_2612.jpeg,1656,1008,1669248,1.643,138.7,72.1,255,0,255,138.7,138.7,138.7,0
XRAY,val,PNEUMONIA,person150_bacteria_716.jpeg,992,608,603136,1.632,116.48,44.13,255,0,255,116.48,116.48,116.48,0
XRAY,val,PNEUMONIA,person150_bacteria_717.jpeg,1260,816,1028160,1.544,110.42,63.39,255,0,255,110.42,110.42,110.42,0
XRAY,val,PNEUMONIA,person1510_virus_2628.jpeg,1264,880,1112320,1.436,193.69,28.32,255,0,255,193.69,193.69,193.69,0
XRAY,val,PNEUMONIA,person1513_bacteria_3962.jpeg,1304,800,1043200,1.63,128.05,61.44,255,0,255,128.05,128.05,128.05,0
XRAY,val,PNEUMONIA,person1513_virus_2632.jpeg,1376,1208,1662208,1.139,148.21,70.19,255,0,255,148.21,148.21,148.21,0
XRAY,val,PNEUMONIA,person1514_virus_2633.jpeg,1200,784,940800,1.531,134.93,72.8,255,0,255,134.93,134.93,134.93,0
XRAY,val,PNEUMONIA,person1517_bacteria_3968.jpeg,1328,984,1306752,1.35,138.85,60.68,255,0,255,138.85,138.85,138.85,0
XRAY,val,PNEUMONIA,person1518_virus_2645.jpeg,1464,1056,1545984,1.386,137.3,72.4,255,0,255,137.3,137.3,137.3,0
XRAY,val,PNEUMONIA,person1519_bacteria_3970.jpeg,1256,984,1235904,1.276,126.16,55.18,255,0,255,126.16,126.16,126.16,0
XRAY,val,PNEUMONIA,person1519_virus_2646.jpeg,1248,808,1008384,1.545,127.75,77.41,255,0,255,127.75,127.75,127.75,0
XRAY,val,PNEUMONIA,person151_bacteria_718.jpeg,824,424,349376,1.943,112.77,46.06,255,0,255,112.77,112.77,112.77,0
XRAY,val,PNEUMONIA,person151_virus_302.jpeg,1264,704,889856,1.795,113.31,65.81,255,0,255,113.31,113.31,113.31,0
XRAY,val,PNEUMONIA,person1528_virus_2662.jpeg,1352,840,1135680,1.61,120.24,78.99,255,0,255,120.24,120.24,120.24,0
XRAY,val,PNEUMONIA,person152_bacteria_722.jpeg,1120,648,725760,1.728,138.4,46.09,255,0,255,138.4,138.4,138.4,0
XRAY,val,PNEUMONIA,person1539_bacteria_4022.jpeg,1392,864,1202688,1.611,125.67,67.94,255,0,255,125.67,125.67,125.67,0
XRAY,val,PNEUMONIA,person1539_virus_2678.jpeg,1112,624,693888,1.782,126.51,70.9,255,0,255,126.51,126.51,126.51,0
XRAY,val,PNEUMONIA,person153_virus_304.jpeg,1160,752,872320,1.543,135.35,74.24,255,0,255,135.35,135.35,135.35,0
XRAY,val,PNEUMONIA,person1541_virus_2681.jpeg,1400,1080,1512000,1.296,131.1,78.86,255,0,255,131.1,131.1,131.1,0
XRAY,val,PNEUMONIA,person1544_bacteria_4035.jpeg,2056,2104,4325824,0.977,160.91,61.47,255,0,255,160.91,160.91,160.91,0
XRAY,val,PNEUMONIA,person1545_bacteria_4042.jpeg,920,544,500480,1.691,108.01,50.08,255,0,255,108.01,108.01,108.01,0
XRAY,val,PNEUMONIA,person1551_bacteria_4053.jpeg,1376,952,1309952,1.445,131.55,58.37,255,0,255,131.55,131.55,131.55,0
XRAY,val,PNEUMONIA,person1566_bacteria_4099.jpeg,888,440,390720,2.018,118.74,54.61,255,0,255,118.74,118.74,118.74,0
XRAY,val,PNEUMONIA,person156_virus_308.jpeg,1264,800,1011200,1.58,134.21,65.86,255,0,255,134.21,134.21,134.21,0
XRAY,val,PNEUMONIA,person1574_bacteria_4118.jpeg,1096,600,657600,1.827,118.86,67.05,255,0,255,118.86,118.86,118.86,0
XRAY,val,PNEUMONIA,person1576_bacteria_4126.jpeg,1416,1056,1495296,1.341,116.73,52.33,255,0,255,116.73,116.73,116.73,0
XRAY,val,PNEUMONIA,person1576_bacteria_4128.jpeg,1536,1176,1806336,1.306,99.65,62.12,255,0,255,99.65,99.65,99.65,0
XRAY,val,PNEUMONIA,person1588_virus_2762.jpeg,1376,832,1144832,1.654,117.42,67.28,255,0,255,117.42,117.42,117.42,0
XRAY,val,PNEUMONIA,person1589_bacteria_4171.jpeg,1136,712,808832,1.596,122.55,73.3,255,0,255,122.55,122.55,122.55,0
XRAY,val,PNEUMONIA,person1590_bacteria_4175.jpeg,2000,1896,3792000,1.055,148.16,49.56,255,0,255,148.16,148.16,148.16,0
XRAY,val,PNEUMONIA,person1597_bacteria_4190.jpeg,1664,1456,2422784,1.143,148.8,50.77,255,0,255,148.8,148.8,148.8,0
XRAY,val,PNEUMONIA,person1597_bacteria_4193.jpeg,1736,1368,2374848,1.269,164.74,44.51,255,0,255,164.74,164.74,164.74,0
XRAY,val,PNEUMONIA,person1597_bacteria_4194.jpeg,1768,1560,2758080,1.133,144.94,49.8,255,0,255,144.94,144.94,144.94,0
XRAY,val,PNEUMONIA,person1599_virus_2775.jpeg,1136,888,1008768,1.279,117.84,66.28,255,0,255,117.84,117.84,117.84,0
XRAY,val,PNEUMONIA,person1607_virus_2785.jpeg,1056,568,599808,1.859,89.57,69.78,255,0,255,89.57,89.57,89.57,0
XRAY,val,PNEUMONIA,person1609_bacteria_4239.jpeg,1480,1008,1491840,1.468,121.85,69.0,255,0,255,121.85,121.85,121.85,0
XRAY,val,PNEUMONIA,person160_virus_316.jpeg,1536,1120,1720320,1.371,138.04,68.43,255,0,255,138.04,138.04,138.04,0
XRAY,val,PNEUMONIA,person1619_bacteria_4271.jpeg,1504,912,1371648,1.649,91.49,56.23,255,0,255,91.49,91.49,91.49,0
XRAY,val,PNEUMONIA,person161_bacteria_762.jpeg,1164,801,932364,1.453,78.8,55.11,255,0,255,78.8,78.8,78.8,0
XRAY,val,PNEUMONIA,person1628_bacteria_4294.jpeg,1328,1000,1328000,1.328,83.17,48.85,255,0,255,83.17,83.17,83.17,0
XRAY,val,PNEUMONIA,person1629_bacteria_4299.jpeg,1792,1216,2179072,1.474,132.88,52.48,255,0,255,132.88,132.88,132.88,0
XRAY,val,PNEUMONIA,person162_virus_319.jpeg,1576,1112,1752512,1.417,134.13,74.38,255,0,255,134.13,134.13,134.13,0
XRAY,val,PNEUMONIA,person1630_bacteria_4303.jpeg,1552,1096,1700992,1.416,130.08,51.88,255,0,255,130.08,130.08,130.08,0
XRAY,val,PNEUMONIA,person1634_bacteria_4334.jpeg,1824,976,1780224,1.869,136.15,69.98,255,0,255,136.15,136.15,136.15,0
XRAY,val,PNEUMONIA,person1635_bacteria_4335.jpeg,1224,848,1037952,1.443,120.04,64.04,255,0,255,120.04,120.04,120.04,0
XRAY,val,PNEUMONIA,person1639_bacteria_4347.jpeg,809,476,385084,1.7,130.47,50.11,209,0,209,130.47,130.47,130.47,0
XRAY,val,PNEUMONIA,person1643_bacteria_4354.jpeg,1088,664,722432,1.639,107.79,63.49,255,0,255,107.79,107.79,107.79,0
XRAY,val,PNEUMONIA,person1644_bacteria_4362.jpeg,1048,680,712640,1.541,115.75,61.15,255,0,255,115.75,115.75,115.75,0
XRAY,val,PNEUMONIA,person1649_bacteria_4377.jpeg,1040,728,757120,1.429,83.45,62.07,255,0,255,83.45,83.45,83.45,0
XRAY,val,PNEUMONIA,person1649_bacteria_4379.jpeg,1152,832,958464,1.385,126.19,71.86,255,0,255,126.19,126.19,126.19,0
XRAY,val,PNEUMONIA,person1651_virus_2855.jpeg,888,464,412032,1.914,84.03,53.77,255,0,255,84.03,84.03,84.03,0
XRAY,val,PNEUMONIA,person1656_virus_2862.jpeg,1160,960,1113600,1.208,146.09,60.7,255,0,255,146.09,146.09,146.09,0
XRAY,val,PNEUMONIA,person1658_bacteria_4402.jpeg,1680,1168,1962240,1.438,117.67,58.53,255,0,255,117.67,117.67,117.67,0
XRAY,val,PNEUMONIA,person1659_virus_2867.jpeg,1264,744,940416,1.699,119.58,71.32,255,0,255,119.58,119.58,119.58,0
XRAY,val,PNEUMONIA,person1664_virus_2877.jpeg,1280,984,1259520,1.301,117.59,71.92,255,0,255,117.59,117.59,117.59,0
XRAY,val,PNEUMONIA,person1666_bacteria_4416.jpeg,1824,1040,1896960,1.754,116.88,65.48,255,0,255,116.88,116.88,116.88,0
XRAY,val,PNEUMONIA,person1670_bacteria_4425.jpeg,1328,928,1232384,1.431,145.29,65.11,255,0,255,145.29,145.29,145.29,0
XRAY,val,PNEUMONIA,person1676_virus_2892.jpeg,1624,1104,1792896,1.471,145.76,59.32,255,0,255,145.76,145.76,145.76,0
XRAY,val,PNEUMONIA,person1679_bacteria_4453.jpeg,1160,632,733120,1.835,70.15,36.49,255,0,255,70.15,70.15,70.15,0
XRAY,val,PNEUMONIA,person1679_virus_2896.jpeg,1248,840,1048320,1.486,117.66,65.53,255,0,255,117.66,117.66,117.66,0
XRAY,val,PNEUMONIA,person1685_bacteria_4465.jpeg,1248,744,928512,1.677,157.43,51.35,255,0,255,157.43,157.43,157.43,0
XRAY,val,PNEUMONIA,person1691_bacteria_4481.jpeg,1320,1016,1341120,1.299,131.16,62.55,255,0,255,131.16,131.16,131.16,0
XRAY,val,PNEUMONIA,person1695_bacteria_4492.jpeg,824,640,527360,1.288,118.17,39.78,255,0,255,118.17,118.17,118.17,0
XRAY,val,PNEUMONIA,person16_bacteria_55.jpeg,1488,936,1392768,1.59,131.15,70.24,255,0,255,131.15,131.15,131.15,0
XRAY,val,PNEUMONIA,person1702_bacteria_4506.jpeg,438,179,78402,2.447,121.98,40.13,189,0,189,121.98,121.98,121.98,0
XRAY,val,PNEUMONIA,person1710_bacteria_4525.jpeg,968,584,565312,1.658,107.56,48.94,255,0,255,107.56,107.56,107.56,0
XRAY,val,PNEUMONIA,person1716_bacteria_4533.jpeg,564,194,109416,2.907,122.47,63.43,255,0,255,122.47,122.47,122.47,0
XRAY,val,PNEUMONIA,person1718_bacteria_4538.jpeg,1664,1248,2076672,1.333,127.73,49.69,255,0,255,127.73,127.73,127.73,0
XRAY,val,PNEUMONIA,person1724_bacteria_4549.jpeg,1160,736,853760,1.576,84.55,49.43,255,0,255,84.55,84.55,84.55,0
XRAY,val,PNEUMONIA,person1733_bacteria_4566.jpeg,912,456,415872,2.0,132.23,61.33,255,0,255,132.23,132.23,132.23,0
XRAY,val,PNEUMONIA,person1739_bacteria_4576.jpeg,1016,672,682752,1.512,121.33,44.32,255,0,255,121.33,121.33,121.33,0
XRAY,val,PNEUMONIA,person1758_bacteria_4600.jpeg,1728,1392,2405376,1.241,142.45,57.02,255,0,255,142.45,142.45,142.45,0
XRAY,val,PNEUMONIA,person175_bacteria_834.jpeg,1184,960,1136640,1.233,109.55,58.59,255,0,255,109.55,109.55,109.55,0
XRAY,val,PNEUMONIA,person1770_bacteria_4613.jpeg,984,608,598272,1.618,148.81,57.63,255,0,255,148.81,148.81,148.81,0
XRAY,val,PNEUMONIA,person1770_bacteria_4614.jpeg,485,229,111065,2.118,121.34,57.14,196,0,196,121.34,121.34,121.34,0
XRAY,val,PNEUMONIA,person1777_bacteria_4622.jpeg,952,584,555968,1.63,78.0,48.73,255,0,255,78.0,78.0,78.0,0
XRAY,val,PNEUMONIA,person1779_bacteria_4626.jpeg,984,544,535296,1.809,138.93,57.87,255,0,255,138.93,138.93,138.93,0
XRAY,val,PNEUMONIA,person1810_bacteria_4664.jpeg,944,672,634368,1.405,141.47,37.15,255,0,255,141.47,141.47,141.47,0
XRAY,val,PNEUMONIA,person1818_bacteria_4676.jpeg,1320,768,1013760,1.719,88.6,45.36,255,0,255,88.6,88.6,88.6,0
XRAY,val,PNEUMONIA,person1841_bacteria_4708.jpeg,1216,1040,1264640,1.169,142.52,58.83,255,0,255,142.52,142.52,142.52,0
XRAY,val,PNEUMONIA,person1847_bacteria_4716.jpeg,1344,824,1107456,1.631,126.05,68.39,255,0,255,126.05,126.05,126.05,0
XRAY,val,PNEUMONIA,person1852_bacteria_4724.jpeg,1712,1224,2095488,1.399,107.93,53.97,255,0,255,107.93,107.93,107.93,0
XRAY,val,PNEUMONIA,person1872_bacteria_4751.jpeg,1848,1392,2572416,1.328,152.94,43.24,255,0,255,152.94,152.94,152.94,0
XRAY,val,PNEUMONIA,person1877_bacteria_4761.jpeg,1544,1096,1692224,1.409,137.3,53.39,255,0,255,137.3,137.3,137.3,0
XRAY,val,PNEUMONIA,person18_virus_49.jpeg,1198,654,783492,1.832,109.3,57.26,255,0,255,109.3,109.3,109.3,0
XRAY,val,PNEUMONIA,person1905_bacteria_4801.jpeg,1512,1192,1802304,1.268,99.92,58.33,255,0,255,99.92,99.92,99.92,0
XRAY,val,PNEUMONIA,person1921_bacteria_4828.jpeg,1120,776,869120,1.443,126.52,57.52,255,0,255,126.52,126.52,126.52,0
XRAY,val,PNEUMONIA,person1924_bacteria_4832.jpeg,1160,920,1067200,1.261,119.08,56.57,255,0,255,119.08,119.08,119.08,0
XRAY,val,PNEUMONIA,person1929_bacteria_4839.jpeg,976,672,655872,1.452,107.56,56.17,255,0,255,107.56,107.56,107.56,0
XRAY,val,PNEUMONIA,person1935_bacteria_4847.jpeg,1464,1216,1780224,1.204,108.37,58.03,255,0,255,108.37,108.37,108.37,0
XRAY,val,PNEUMONIA,person1940_bacteria_4861.jpeg,1560,1056,1647360,1.477,123.64,60.5,255,0,255,123.64,123.64,123.64,0
XRAY,val,PNEUMONIA,person1941_bacteria_4863.jpeg,1360,816,1109760,1.667,120.85,58.61,255,0,255,120.85,120.85,120.85,0
XRAY,val,PNEUMONIA,person19_bacteria_58.jpeg,840,456,383040,1.842,122.39,48.02,255,0,255,122.39,122.39,122.39,0
XRAY,val,PNEUMONIA,person19_bacteria_59.jpeg,1024,736,753664,1.391,118.76,49.97,255,0,255,118.76,118.76,118.76,0
XRAY,val,PNEUMONIA,person1_bacteria_1.jpeg,712,439,312568,1.622,142.37,48.38,206,0,206,142.37,142.37,142.37,0
XRAY,val,PNEUMONIA,person1_virus_9.jpeg,856,552,472512,1.551,120.54,45.95,255,0,255,120.54,120.54,120.54,0
XRAY,val,PNEUMONIA,person21_bacteria_73.jpeg,1882,1608,3026256,1.17,124.98,59.39,255,0,255,124.98,124.98,124.98,0
XRAY,val,PNEUMONIA,person23_bacteria_105.jpeg,1136,792,899712,1.434,136.4,58.65,255,0,255,136.4,136.4,136.4,0
XRAY,val,PNEUMONIA,person23_bacteria_79.jpeg,1200,680,816000,1.765,109.0,50.78,255,0,255,109.0,109.0,109.0,0
XRAY,val,PNEUMONIA,person23_bacteria_88.jpeg,986,634,625124,1.555,113.95,44.17,190,0,190,113.95,113.95,113.95,0
XRAY,val,PNEUMONIA,person23_bacteria_91.jpeg,1008,640,645120,1.575,140.84,45.85,255,0,255,140.84,140.84,140.84,0
XRAY,val,PNEUMONIA,person23_bacteria_92.jpeg,1080,712,768960,1.517,139.58,59.9,255,0,255,139.58,139.58,139.58,0
XRAY,val,PNEUMONIA,person24_bacteria_111.jpeg,1048,856,897088,1.224,131.59,47.1,255,0,255,131.59,131.59,131.59,0
XRAY,val,PNEUMONIA,person258_bacteria_1212.jpeg,1216,872,1060352,1.394,107.22,57.56,255,0,255,107.22,107.22,107.22,0
XRAY,val,PNEUMONIA,person25_bacteria_120.jpeg,1152,760,875520,1.516,125.89,57.57,255,0,255,125.89,125.89,125.89,0
XRAY,val,PNEUMONIA,person25_bacteria_121.jpeg,1210,948,1147080,1.276,119.72,57.5,255,0,255,119.72,119.72,119.72,0
XRAY,val,PNEUMONIA,person260_virus_541.jpeg,1024,552,565248,1.855,116.61,59.01,255,0,255,116.61,116.61,116.61,0
XRAY,val,PNEUMONIA,person262_virus_544.jpeg,1416,1288,1823808,1.099,129.33,37.54,255,0,255,129.33,129.33,129.33,0
XRAY,val,PNEUMONIA,person264_bacteria_1232.jpeg,1240,784,972160,1.582,122.88,57.57,255,0,255,122.88,122.88,122.88,0
XRAY,val,PNEUMONIA,person265_virus_548.jpeg,1232,864,1064448,1.426,129.43,59.64,255,0,255,129.43,129.43,129.43,0
XRAY,val,PNEUMONIA,person266_bacteria_1245.jpeg,1080,680,734400,1.588,144.93,51.53,255,0,255,144.93,144.93,144.93,0
XRAY,val,PNEUMONIA,person267_bacteria_1250.jpeg,1280,1016,1300480,1.26,119.68,58.83,255,0,255,119.68,119.68,119.68,0
XRAY,val,PNEUMONIA,person267_bacteria_1251.jpeg,1032,696,718272,1.483,122.08,46.59,255,0,255,122.08,122.08,122.08,0
XRAY,val,PNEUMONIA,person268_virus_553.jpeg,1176,736,865536,1.598,129.62,59.33,255,0,255,129.62,129.62,129.62,0
XRAY,val,PNEUMONIA,person26_bacteria_129.jpeg,952,624,594048,1.526,148.6,66.08,255,0,255,148.6,148.6,148.6,0
XRAY,val,PNEUMONIA,person26_bacteria_133.jpeg,1068,620,662160,1.723,105.13,57.99,255,0,255,105.13,105.13,105.13,0
XRAY,val,PNEUMONIA,person274_bacteria_1290.jpeg,1686,1133,1910238,1.488,96.26,53.79,255,0,255,96.26,96.26,96.26,0
XRAY,val,PNEUMONIA,person275_bacteria_1291.jpeg,1396,1099,1534204,1.27,96.61,57.17,255,0,255,96.61,96.61,96.61,0
XRAY,val,PNEUMONIA,person275_bacteria_1294.jpeg,1292,1076,1390192,1.201,127.59,61.41,255,0,255,127.59,127.59,127.59,0
XRAY,val,PNEUMONIA,person276_bacteria_1295.jpeg,848,600,508800,1.413,107.85,51.63,255,0,255,107.85,107.85,107.85,0
XRAY,val,PNEUMONIA,person276_bacteria_1298.jpeg,872,536,467392,1.627,96.5,44.94,255,0,255,96.5,96.5,96.5,0
XRAY,val,PNEUMONIA,person277_bacteria_1303.jpeg,1008,648,653184,1.556,139.67,49.83,255,0,255,139.67,139.67,139.67,0
XRAY,val,PNEUMONIA,person280_bacteria_1322.jpeg,1330,936,1244880,1.421,110.05,67.54,255,0,255,110.05,110.05,110.05,0
XRAY,val,PNEUMONIA,person281_bacteria_1323.jpeg,1072,770,825440,1.392,117.05,55.76,255,0,255,117.05,117.05,117.05,0
XRAY,val,PNEUMONIA,person289_virus_593.jpeg,1304,789,1028856,1.653,100.6,54.15,255,0,255,100.6,100.6,100.6,0
XRAY,val,PNEUMONIA,person28_bacteria_142.jpeg,1024,576,589824,1.778,114.61,54.31,255,0,255,114.61,114.61,114.61,0
XRAY,val,PNEUMONIA,person28_bacteria_143.jpeg,1176,662,778512,1.776,119.23,62.29,255,0,255,119.23,119.23,119.23,0
XRAY,val,PNEUMONIA,person292_virus_600.jpeg,1440,1104,1589760,1.304,152.69,43.45,255,0,255,152.69,152.69,152.69,0
XRAY,val,PNEUMONIA,person293_bacteria_1379.jpeg,1770,1306,2311620,1.355,119.16,55.69,255,0,255,119.16,119.16,119.16,0
XRAY,val,PNEUMONIA,person294_bacteria_1384.jpeg,1024,688,704512,1.488,143.07,52.88,255,0,255,143.07,143.07,143.07,0
XRAY,val,PNEUMONIA,person294_bacteria_1385.jpeg,992,664,658688,1.494,115.99,50.43,255,0,255,115.99,115.99,115.99,0
XRAY,val,PNEUMONIA,person296_bacteria_1395.jpeg,1200,840,1008000,1.429,83.77,48.21,255,0,255,83.77,83.77,83.77,0
XRAY,val,PNEUMONIA,person299_bacteria_1417.jpeg,920,568,522560,1.62,112.6,47.99,255,0,255,112.6,112.6,112.6,0
XRAY,val,PNEUMONIA,person301_bacteria_1428.jpeg,968,648,627264,1.494,113.72,53.27,255,0,255,113.72,113.72,113.72,0
XRAY,val,PNEUMONIA,person301_virus_622.jpeg,2070,1550,3208500,1.335,122.59,68.63,255,0,255,122.59,122.59,122.59,0
XRAY,val,PNEUMONIA,person302_bacteria_1430.jpeg,1022,735,751170,1.39,132.08,55.17,255,0,255,132.08,132.08,132.08,0
XRAY,val,PNEUMONIA,person303_virus_624.jpeg,2022,1619,3273618,1.249,131.23,64.69,255,0,255,131.23,131.23,131.23,0
XRAY,val,PNEUMONIA,person305_bacteria_1437.jpeg,1008,624,628992,1.615,109.47,55.69,255,0,255,109.47,109.47,109.47,0
XRAY,val,PNEUMONIA,person306_bacteria_1439.jpeg,1226,882,1081332,1.39,105.71,61.7,255,0,255,105.71,105.71,105.71,0
XRAY,val,PNEUMONIA,person306_bacteria_1440.jpeg,1280,851,1089280,1.504,110.98,67.98,255,0,255,110.98,110.98,110.98,0
XRAY,val,PNEUMONIA,person309_virus_631.jpeg,494,196,96824,2.52,134.42,49.93,196,0,196,134.42,134.42,134.42,0
XRAY,val,PNEUMONIA,person30_bacteria_151.jpeg,952,616,586432,1.545,127.97,53.72,255,0,255,127.97,127.97,127.97,0
XRAY,val,PNEUMONIA,person30_bacteria_156.jpeg,1096,656,718976,1.671,60.69,31.07,255,0,255,60.69,60.69,60.69,0
XRAY,val,PNEUMONIA,person311_bacteria_1452.jpeg,1416,920,1302720,1.539,105.93,51.57,255,0,255,105.93,105.93,105.93,0
XRAY,val,PNEUMONIA,person312_bacteria_1456.jpeg,1608,1237,1989096,1.3,126.29,54.96,255,0,255,126.29,126.29,126.29,0
XRAY,val,PNEUMONIA,person318_bacteria_1474.jpeg,1518,1149,1744182,1.321,112.69,56.91,255,0,255,112.69,112.69,112.69,0
XRAY,val,PNEUMONIA,person318_virus_644.jpeg,2008,1448,2907584,1.387,136.56,70.58,255,0,255,136.56,136.56,136.56,0
XRAY,val,PNEUMONIA,person319_bacteria_1476.jpeg,1104,600,662400,1.84,69.8,30.97,255,0,255,69.8,69.8,69.8,0
XRAY,val,PNEUMONIA,person31_bacteria_162.jpeg,944,480,453120,1.967,109.99,52.12,255,0,255,109.99,109.99,109.99,0
XRAY,val,PNEUMONIA,person325_bacteria_1501.jpeg,1248,712,888576,1.753,97.37,57.7,255,0,255,97.37,97.37,97.37,0
XRAY,val,PNEUMONIA,person326_bacteria_1505.jpeg,1384,912,1262208,1.518,148.31,55.37,255,0,255,148.31,148.31,148.31,0
XRAY,val,PNEUMONIA,person326_virus_673.jpeg,1560,952,1485120,1.639,131.83,51.87,255,0,255,131.83,131.83,131.83,0
XRAY,val,PNEUMONIA,person328_virus_681.jpeg,1472,976,1436672,1.508,130.32,63.27,255,0,255,130.32,130.32,130.32,0
XRAY,val,PNEUMONIA,person32_bacteria_166.jpeg,1808,1448,2617984,1.249,160.3,45.64,255,0,255,160.3,160.3,160.3,0
XRAY,val,PNEUMONIA,person32_virus_71.jpeg,1288,952,1226176,1.353,145.88,68.93,255,0,255,145.88,145.88,145.88,0
XRAY,val,PNEUMONIA,person330_virus_683.jpeg,1104,824,909696,1.34,134.3,58.1,255,0,255,134.3,134.3,134.3,0
XRAY,val,PNEUMONIA,person337_bacteria_1565.jpeg,824,688,566912,1.198,127.51,53.88,255,0,255,127.51,127.51,127.51,0
XRAY,val,PNEUMONIA,person337_bacteria_1566.jpeg,856,616,527296,1.39,100.59,51.46,255,0,255,100.59,100.59,100.59,0
XRAY,val,PNEUMONIA,person340_bacteria_1575.jpeg,1328,968,1285504,1.372,102.31,47.02,255,0,255,102.31,102.31,102.31,0
XRAY,val,PNEUMONIA,person341_bacteria_1577.jpeg,831,529,439599,1.571,133.73,35.64,161,30,191,133.73,133.73,133.73,0
XRAY,val,PNEUMONIA,person343_virus_704.jpeg,640,317,202880,2.019,121.17,47.97,203,0,203,121.17,121.17,121.17,0
XRAY,val,PNEUMONIA,person344_virus_705.jpeg,1008,680,685440,1.482,110.0,64.01,255,0,255,110.0,110.0,110.0,0
XRAY,val,PNEUMONIA,person347_bacteria_1599.jpeg,967,683,660461,1.416,145.02,38.36,207,0,207,145.02,145.02,145.02,0
XRAY,val,PNEUMONIA,person348_bacteria_1601.jpeg,1136,768,872448,1.479,125.09,48.1,255,0,255,125.09,125.09,125.09,0
XRAY,val,PNEUMONIA,person348_virus_716.jpeg,1192,1088,1296896,1.096,118.86,56.45,255,0,255,118.86,118.86,118.86,0
XRAY,val,PNEUMONIA,person348_virus_717.jpeg,1224,1008,1233792,1.214,121.77,51.86,255,0,255,121.77,121.77,121.77,0
XRAY,val,PNEUMONIA,person349_bacteria_1607.jpeg,1136,824,936064,1.379,94.49,46.59,255,0,255,94.49,94.49,94.49,0
XRAY,val,PNEUMONIA,person34_bacteria_176.jpeg,1380,801,1105380,1.723,95.2,65.28,255,0,255,95.2,95.2,95.2,0
XRAY,val,PNEUMONIA,person351_bacteria_1621.jpeg,928,824,764672,1.126,131.85,53.63,255,0,255,131.85,131.85,131.85,0
XRAY,val,PNEUMONIA,person353_bacteria_1626.jpeg,752,592,445184,1.27,156.07,43.5,255,0,255,156.07,156.07,156.07,0
XRAY,val,PNEUMONIA,person353_bacteria_1628.jpeg,984,688,676992,1.43,104.49,54.05,255,0,255,104.49,104.49,104.49,0
XRAY,val,PNEUMONIA,person357_virus_736.jpeg,1192,888,1058496,1.342,137.19,62.57,255,0,255,137.19,137.19,137.19,0
XRAY,val,PNEUMONIA,person359_bacteria_1643.jpeg,1088,992,1079296,1.097,87.99,42.44,255,0,255,87.99,87.99,87.99,0
XRAY,val,PNEUMONIA,person359_bacteria_1644.jpeg,1072,856,917632,1.252,115.62,55.3,255,0,255,115.62,115.62,115.62,0
XRAY,val,PNEUMONIA,person35_virus_80.jpeg,1552,1016,1576832,1.528,127.27,70.62,255,0,255,127.27,127.27,127.27,0
XRAY,val,PNEUMONIA,person361_virus_740.jpeg,1632,888,1449216,1.838,99.19,68.89,255,0,255,99.19,99.19,99.19,0
XRAY,val,PNEUMONIA,person364_bacteria_1657.jpeg,1232,864,1064448,1.426,120.27,62.07,255,0,255,120.27,120.27,120.27,0
XRAY,val,PNEUMONIA,person364_virus_743.jpeg,1160,744,863040,1.559,128.25,55.87,255,0,255,128.25,128.25,128.25,0
XRAY,val,PNEUMONIA,person366_virus_746.jpeg,1280,904,1157120,1.416,121.03,76.63,255,0,255,121.03,121.03,121.03,0
XRAY,val,PNEUMONIA,person368_bacteria_1667.jpeg,832,504,419328,1.651,116.86,52.38,255,0,255,116.86,116.86,116.86,0
XRAY,val,PNEUMONIA,person36_bacteria_185.jpeg,1232,886,1091552,1.391,114.38,65.35,255,0,255,114.38,114.38,114.38,0
XRAY,val,PNEUMONIA,person373_bacteria_1707.jpeg,1216,944,1147904,1.288,165.42,43.21,255,0,255,165.42,165.42,165.42,0
XRAY,val,PNEUMONIA,person37_bacteria_187.jpeg,1240,720,892800,1.722,145.05,59.01,255,0,255,145.05,145.05,145.05,0
XRAY,val,PNEUMONIA,person383_bacteria_1749.jpeg,1184,1024,1212416,1.156,143.1,51.88,255,0,255,143.1,143.1,143.1,0
XRAY,val,PNEUMONIA,person383_bacteria_1751.jpeg,1320,1016,1341120,1.299,83.02,45.82,255,0,255,83.02,83.02,83.02,0
XRAY,val,PNEUMONIA,person384_bacteria_1755.jpeg,1530,1029,1574370,1.487,130.42,57.66,255,0,255,130.42,130.42,130.42,0
XRAY,val,PNEUMONIA,person388_virus_777.jpeg,907,513,465291,1.768,150.19,42.11,226,0,226,150.19,150.19,150.19,0
XRAY,val,PNEUMONIA,person392_bacteria_1786.jpeg,1000,592,592000,1.689,116.67,51.28,255,0,255,116.67,116.67,116.67,0
XRAY,val,PNEUMONIA,person394_bacteria_1792.jpeg,1136,664,754304,1.711,124.01,50.87,255,0,255,124.01,124.01,124.01,0
XRAY,val,PNEUMONIA,person399_virus_793.jpeg,1312,800,1049600,1.64,128.39,72.89,255,0,255,128.39,128.39,128.39,0
XRAY,val,PNEUMONIA,person39_virus_85.jpeg,1120,696,779520,1.609,112.05,59.76,255,0,255,112.05,112.05,112.05,0
XRAY,val,PNEUMONIA,person3_bacteria_11.jpeg,1200,952,1142400,1.261,141.19,46.52,255,0,255,141.19,141.19,141.19,0
XRAY,val,PNEUMONIA,person3_bacteria_13.jpeg,1736,1265,2196040,1.372,122.84,68.51,255,0,255,122.84,122.84,122.84,0
XRAY,val,PNEUMONIA,person3_virus_15.jpeg,1304,968,1262272,1.347,105.92,48.26,255,0,255,105.92,105.92,105.92,0
XRAY,val,PNEUMONIA,person400_bacteria_1807.jpeg,1234,813,1003242,1.518,90.5,52.28,255,0,255,90.5,90.5,90.5,0
XRAY,val,PNEUMONIA,person401_virus_795.jpeg,1424,1152,1640448,1.236,129.21,78.6,255,0,255,129.21,129.21,129.21,0
XRAY,val,PNEUMONIA,person401_virus_797.jpeg,1328,856,1136768,1.551,95.97,52.86,255,0,255,95.97,95.97,95.97,0
XRAY,val,PNEUMONIA,person403_bacteria_1814.jpeg,1640,920,1508800,1.783,117.8,48.44,255,0,255,117.8,117.8,117.8,0
XRAY,val,PNEUMONIA,person40_bacteria_204.jpeg,1344,920,1236480,1.461,139.92,60.12,255,0,255,139.92,139.92,139.92,0
XRAY,val,PNEUMONIA,person419_bacteria_1844.jpeg,992,776,769792,1.278,133.12,49.58,255,0,255,133.12,133.12,133.12,0
XRAY,val,PNEUMONIA,person41_virus_88.jpeg,1328,984,1306752,1.35,146.24,61.54,255,0,255,146.24,146.24,146.24,0
XRAY,val,PNEUMONIA,person426_bacteria_1862.jpeg,1272,1032,1312704,1.233,133.2,56.21,255,0,255,133.2,133.2,133.2,0
XRAY,val,PNEUMONIA,person426_virus_873.jpeg,508,206,104648,2.466,112.08,43.19,195,0,195,112.08,112.08,112.08,0
XRAY,val,PNEUMONIA,person427_bacteria_1864.jpeg,984,576,566784,1.708,97.71,46.03,255,0,255,97.71,97.71,97.71,0
XRAY,val,PNEUMONIA,person427_virus_875.jpeg,1298,763,990374,1.701,114.45,53.36,255,0,255,114.45,114.45,114.45,0
XRAY,val,PNEUMONIA,person429_bacteria_1870.jpeg,1096,808,885568,1.356,118.63,50.9,255,0,255,118.63,118.63,118.63,0
XRAY,val,PNEUMONIA,person430_virus_879.jpeg,1008,670,675360,1.504,84.71,36.22,175,0,175,84.71,84.71,84.71,0
XRAY,val,PNEUMONIA,person436_virus_886.jpeg,1118,708,791544,1.579,85.48,46.72,255,0,255,85.48,85.48,85.48,0
XRAY,val,PNEUMONIA,person43_bacteria_216.jpeg,1232,744,916608,1.656,89.27,43.19,255,0,255,89.27,89.27,89.27,0
XRAY,val,PNEUMONIA,person441_virus_897.jpeg,738,543,400734,1.359,124.87,34.91,155,34,189,124.87,124.87,124.87,0
XRAY,val,PNEUMONIA,person442_virus_898.jpeg,960,536,514560,1.791,122.67,51.5,255,0,255,122.67,122.67,122.67,0
XRAY,val,PNEUMONIA,person445_virus_912.jpeg,1870,1287,2406690,1.453,130.46,59.43,255,0,255,130.46,130.46,130.46,0
XRAY,val,PNEUMONIA,person452_bacteria_1943.jpeg,1256,767,963352,1.638,84.84,56.97,255,0,255,84.84,84.84,84.84,0
XRAY,val,PNEUMONIA,person457_bacteria_1949.jpeg,1697,1519,2577743,1.117,131.77,74.03,255,0,255,131.77,131.77,131.77,0
XRAY,val,PNEUMONIA,person465_bacteria_1979.jpeg,1112,704,782848,1.58,76.41,30.99,255,0,255,76.41,76.41,76.41,0
XRAY,val,PNEUMONIA,person467_virus_961.jpeg,2309,1915,4421735,1.206,110.12,62.87,255,0,255,110.12,110.12,110.12,0
XRAY,val,PNEUMONIA,person471_bacteria_2004.jpeg,1184,656,776704,1.805,94.08,48.57,255,0,255,94.08,94.08,94.08,0
XRAY,val,PNEUMONIA,person476_bacteria_2026.jpeg,1450,947,1373150,1.531,117.0,66.27,255,0,255,117.0,117.0,117.0,0
XRAY,val,PNEUMONIA,person477_bacteria_2031.jpeg,1662,1585,2634270,1.049,113.3,63.75,255,0,255,113.3,113.3,113.3,0
XRAY,val,PNEUMONIA,person478_bacteria_2035.jpeg,1318,936,1233648,1.408,123.01,66.53,255,0,255,123.01,123.01,123.01,0
XRAY,val,PNEUMONIA,person480_virus_981.jpeg,788,496,390848,1.589,139.2,47.55,255,0,255,139.2,139.2,139.2,0
XRAY,val,PNEUMONIA,person482_bacteria_2044.jpeg,992,576,571392,1.722,129.56,55.27,255,0,255,129.56,129.56,129.56,0
XRAY,val,PNEUMONIA,person487_bacteria_2055.jpeg,1360,1000,1360000,1.36,149.51,52.68,255,0,255,149.51,149.51,149.51,0
XRAY,val,PNEUMONIA,person488_virus_992.jpeg,1656,1120,1854720,1.479,124.59,69.8,255,0,255,124.59,124.59,124.59,0
XRAY,val,PNEUMONIA,person489_bacteria_2064.jpeg,1040,576,599040,1.806,76.45,33.75,255,0,255,76.45,76.45,76.45,0
XRAY,val,PNEUMONIA,person497_virus_1005.jpeg,1472,1192,1754624,1.235,141.79,63.66,255,0,255,141.79,141.79,141.79,0
XRAY,val,PNEUMONIA,person500_bacteria_2107.jpeg,666,441,293706,1.51,136.54,43.31,206,0,206,136.54,136.54,136.54,0
XRAY,val,PNEUMONIA,person500_bacteria_2108.jpeg,1152,744,857088,1.548,110.52,51.55,255,0,255,110.52,110.52,110.52,0
XRAY,val,PNEUMONIA,person502_bacteria_2122.jpeg,1024,744,761856,1.376,98.28,51.14,255,0,255,98.28,98.28,98.28,0
XRAY,val,PNEUMONIA,person502_bacteria_2123.jpeg,1140,786,896040,1.45,124.6,63.76,255,0,255,124.6,124.6,124.6,0
XRAY,val,PNEUMONIA,person507_bacteria_2140.jpeg,1200,816,979200,1.471,104.54,58.54,255,0,255,104.54,104.54,104.54,0
XRAY,val,PNEUMONIA,person50_virus_102.jpeg,1280,760,972800,1.684,111.02,60.98,255,0,255,111.02,111.02,111.02,0
XRAY,val,PNEUMONIA,person512_virus_1029.jpeg,1224,632,773568,1.937,127.87,64.92,255,0,255,127.87,127.87,127.87,0
XRAY,val,PNEUMONIA,person515_bacteria_2190.jpeg,998,747,745506,1.336,109.92,53.1,255,0,255,109.92,109.92,109.92,0
XRAY,val,PNEUMONIA,person516_bacteria_2192.jpeg,667,322,214774,2.071,125.19,33.65,201,0,201,125.19,125.19,125.19,0
XRAY,val,PNEUMONIA,person516_virus_1033.jpeg,1120,648,725760,1.728,129.4,59.41,255,0,255,129.4,129.4,129.4,0
XRAY,val,PNEUMONIA,person51_bacteria_246.jpeg,1016,752,764032,1.351,145.63,42.82,255,0,255,145.63,145.63,145.63,0
XRAY,val,PNEUMONIA,person520_bacteria_2205.jpeg,1260,863,1087380,1.46,107.03,60.59,255,0,255,107.03,107.03,107.03,0
XRAY,val,PNEUMONIA,person529_virus_1050.jpeg,1296,816,1057536,1.588,102.77,61.39,255,0,255,102.77,102.77,102.77,0
XRAY,val,PNEUMONIA,person52_bacteria_251.jpeg,1494,1044,1559736,1.431,120.79,66.06,255,0,255,120.79,120.79,120.79,0
XRAY,val,PNEUMONIA,person531_bacteria_2240.jpeg,984,680,669120,1.447,98.48,48.93,255,0,255,98.48,98.48,98.48,0
XRAY,val,PNEUMONIA,person536_bacteria_2260.jpeg,1176,760,893760,1.547,142.2,53.23,255,0,255,142.2,142.2,142.2,0
XRAY,val,PNEUMONIA,person538_bacteria_2268.jpeg,1186,751,890686,1.579,116.66,50.82,255,0,255,116.66,116.66,116.66,0
XRAY,val,PNEUMONIA,person539_bacteria_2270.jpeg,984,664,653376,1.482,137.87,50.71,255,0,255,137.87,137.87,137.87,0
XRAY,val,PNEUMONIA,person540_bacteria_2272.jpeg,1088,736,800768,1.478,135.91,58.06,255,0,255,135.91,135.91,135.91,0
XRAY,val,PNEUMONIA,person540_bacteria_2273.jpeg,1292,1014,1310088,1.274,115.46,67.13,255,0,255,115.46,115.46,115.46,0
XRAY,val,PNEUMONIA,person541_bacteria_2275.jpeg,1120,744,833280,1.505,79.65,41.64,255,0,255,79.65,79.65,79.65,0
XRAY,val,PNEUMONIA,person543_bacteria_2283.jpeg,768,424,325632,1.811,94.38,42.24,255,0,255,94.38,94.38,94.38,0
XRAY,val,PNEUMONIA,person544_virus_1079.jpeg,1696,1248,2116608,1.359,137.31,57.86,255,0,255,137.31,137.31,137.31,0
XRAY,val,PNEUMONIA,person545_bacteria_2287.jpeg,1056,736,777216,1.435,121.97,50.22,255,0,255,121.97,121.97,121.97,0
XRAY,val,PNEUMONIA,person556_virus_1096.jpeg,1208,824,995392,1.466,146.1,58.55,255,0,255,146.1,146.1,146.1,0
XRAY,val,PNEUMONIA,person55_bacteria_261.jpeg,1240,848,1051520,1.462,110.98,51.94,255,0,255,110.98,110.98,110.98,0
XRAY,val,PNEUMONIA,person562_bacteria_2332.jpeg,1352,817,1104584,1.655,90.75,44.51,255,0,255,90.75,90.75,90.75,0
XRAY,val,PNEUMONIA,person563_bacteria_2335.jpeg,1056,624,658944,1.692,115.53,50.75,255,0,255,115.53,115.53,115.53,0
XRAY,val,PNEUMONIA,person563_bacteria_2336.jpeg,976,672,655872,1.452,99.29,45.07,255,0,255,99.29,99.29,99.29,0
XRAY,val,PNEUMONIA,person563_virus_1103.jpeg,864,528,456192,1.636,124.78,51.83,255,0,255,124.78,124.78,124.78,0
XRAY,val,PNEUMONIA,person564_virus_1104.jpeg,1208,848,1024384,1.425,135.74,66.76,255,0,255,135.74,135.74,135.74,0
XRAY,val,PNEUMONIA,person56_bacteria_267.jpeg,1080,728,786240,1.484,101.32,36.84,255,0,255,101.32,101.32,101.32,0
XRAY,val,PNEUMONIA,person573_virus_1116.jpeg,1336,880,1175680,1.518,116.7,69.86,255,0,255,116.7,116.7,116.7,0
XRAY,val,PNEUMONIA,person575_virus_1119.jpeg,1200,800,960000,1.5,129.41,66.3,255,0,255,129.41,129.41,129.41,0
XRAY,val,PNEUMONIA,person576_bacteria_2375.jpeg,1256,1032,1296192,1.217,93.09,51.4,255,0,255,93.09,93.09,93.09,0
XRAY,val,PNEUMONIA,person577_bacteria_2378.jpeg,1508,929,1400932,1.623,123.66,54.53,255,0,255,123.66,123.66,123.66,0
XRAY,val,PNEUMONIA,person579_bacteria_2386.jpeg,776,488,378688,1.59,88.76,40.93,255,0,255,88.76,88.76,88.76,0
XRAY,val,PNEUMONIA,person57_virus_113.jpeg,1192,856,1020352,1.393,109.24,61.22,255,0,255,109.24,109.24,109.24,0
XRAY,val,PNEUMONIA,person580_bacteria_2387.jpeg,880,656,577280,1.341,142.94,51.44,255,0,255,142.94,142.94,142.94,0
XRAY,val,PNEUMONIA,person582_bacteria_2405.jpeg,1440,1112,1601280,1.295,116.07,53.28,255,0,255,116.07,116.07,116.07,0
XRAY,val,PNEUMONIA,person585_bacteria_2411.jpeg,1144,864,988416,1.324,99.6,49.36,255,0,255,99.6,99.6,99.6,0
XRAY,val,PNEUMONIA,person585_bacteria_2413.jpeg,1264,808,1021312,1.564,124.84,59.83,255,0,255,124.84,124.84,124.84,0
XRAY,val,PNEUMONIA,person585_bacteria_2415.jpeg,1096,768,841728,1.427,152.0,52.72,255,0,255,152.0,152.0,152.0,0
XRAY,val,PNEUMONIA,person586_bacteria_2417.jpeg,765,594,454410,1.288,128.06,44.39,205,0,205,128.06,128.06,128.06,0
XRAY,val,PNEUMONIA,person588_bacteria_2422.jpeg,1120,656,734720,1.707,119.06,54.2,255,0,255,119.06,119.06,119.06,0
XRAY,val,PNEUMONIA,person589_bacteria_2425.jpeg,736,480,353280,1.533,135.45,50.29,255,0,255,135.45,135.45,135.45,0
XRAY,val,PNEUMONIA,person58_bacteria_272.jpeg,936,696,651456,1.345,118.42,48.85,255,0,255,118.42,118.42,118.42,0
XRAY,val,PNEUMONIA,person58_bacteria_278.jpeg,1202,704,846208,1.707,116.84,62.81,255,0,255,116.84,116.84,116.84,0
XRAY,val,PNEUMONIA,person594_bacteria_2436.jpeg,1416,1008,1427328,1.405,152.1,47.72,255,0,255,152.1,152.1,152.1,0
XRAY,val,PNEUMONIA,person596_bacteria_2445.jpeg,920,632,581440,1.456,127.95,54.83,255,0,255,127.95,127.95,127.95,0
XRAY,val,PNEUMONIA,person597_bacteria_2451.jpeg,1064,760,808640,1.4,116.16,51.17,255,0,255,116.16,116.16,116.16,0
XRAY,val,PNEUMONIA,person608_bacteria_2472.jpeg,1176,752,884352,1.564,122.13,50.29,255,0,255,122.13,122.13,122.13,0
XRAY,val,PNEUMONIA,person608_bacteria_2473.jpeg,1192,672,801024,1.774,99.0,44.09,255,0,255,99.0,99.0,99.0,0
XRAY,val,PNEUMONIA,person616_virus_1186.jpeg,1464,800,1171200,1.83,101.1,76.62,255,0,255,101.1,101.1,101.1,0
XRAY,val,PNEUMONIA,person61_bacteria_288.jpeg,1180,863,1018340,1.367,104.35,65.62,255,0,255,104.35,104.35,104.35,0
XRAY,val,PNEUMONIA,person61_bacteria_297.jpeg,1252,990,1239480,1.265,103.01,66.96,255,0,255,103.01,103.01,103.01,0
XRAY,val,PNEUMONIA,person61_virus_118.jpeg,1088,696,757248,1.563,123.55,54.84,255,0,255,123.55,123.55,123.55,0
XRAY,val,PNEUMONIA,person621_virus_1194.jpeg,791,615,486465,1.286,140.31,42.25,199,4,203,140.31,140.31,140.31,0
XRAY,val,PNEUMONIA,person624_virus_1198.jpeg,1336,824,1100864,1.621,138.2,67.75,255,0,255,138.2,138.2,138.2,0
XRAY,val,PNEUMONIA,person625_bacteria_2500.jpeg,992,600,595200,1.653,121.13,51.53,255,0,255,121.13,121.13,121.13,0
XRAY,val,PNEUMONIA,person626_bacteria_2502.jpeg,759,409,310431,1.856,102.07,31.95,139,35,174,102.07,102.07,102.07,0
XRAY,val,PNEUMONIA,person62_bacteria_301.jpeg,1064,896,953344,1.188,122.57,56.12,255,0,255,122.57,122.57,122.57,0
XRAY,val,PNEUMONIA,person62_bacteria_302.jpeg,1348,979,1319692,1.377,122.48,62.3,255,0,255,122.48,122.48,122.48,0
XRAY,val,PNEUMONIA,person63_bacteria_306.jpeg,1048,736,771328,1.424,119.98,48.19,255,0,255,119.98,119.98,119.98,0
XRAY,val,PNEUMONIA,person641_bacteria_2533.jpeg,1848,1576,2912448,1.173,103.31,64.8,255,0,255,103.31,103.31,103.31,0
XRAY,val,PNEUMONIA,person64_bacteria_312.jpeg,848,504,427392,1.683,134.22,40.04,255,0,255,134.22,134.22,134.22,0
XRAY,val,PNEUMONIA,person653_virus_1235.jpeg,1224,888,1086912,1.378,151.91,66.02,255,0,255,151.91,151.91,151.91,0
XRAY,val,PNEUMONIA,person656_bacteria_2548.jpeg,1144,592,677248,1.932,113.68,65.29,255,0,255,113.68,113.68,113.68,0
XRAY,val,PNEUMONIA,person669_virus_1255.jpeg,929,435,404115,2.136,144.76,66.04,255,0,255,144.76,144.76,144.76,0
XRAY,val,PNEUMONIA,person671_virus_1260.jpeg,856,577,493912,1.484,143.88,39.95,227,0,227,143.88,143.88,143.88,0
XRAY,val,PNEUMONIA,person673_bacteria_2566.jpeg,848,552,468096,1.536,109.32,46.49,255,0,255,109.32,109.32,109.32,0
XRAY,val,PNEUMONIA,person674_bacteria_2568.jpeg,1381,1044,1441764,1.323,98.91,68.07,255,0,255,98.91,98.91,98.91,0
XRAY,val,PNEUMONIA,person67_bacteria_329.jpeg,792,448,354816,1.768,111.39,42.59,255,0,255,111.39,111.39,111.39,0
XRAY,val,PNEUMONIA,person680_bacteria_2575.jpeg,789,469,370041,1.682,151.31,47.65,215,0,215,151.31,151.31,151.31,0
XRAY,val,PNEUMONIA,person689_bacteria_2585.jpeg,992,736,730112,1.348,134.42,47.64,255,0,255,134.42,134.42,134.42,0
XRAY,val,PNEUMONIA,person693_bacteria_2590.jpeg,1008,640,645120,1.575,127.74,49.92,255,0,255,127.74,127.74,127.74,0
XRAY,val,PNEUMONIA,person696_bacteria_2594.jpeg,823,459,377757,1.793,124.19,40.87,199,0,199,124.19,124.19,124.19,0
XRAY,val,PNEUMONIA,person712_virus_1310.jpeg,645,462,297990,1.396,147.89,32.77,168,43,211,147.89,147.89,147.89,0
XRAY,val,PNEUMONIA,person71_bacteria_348.jpeg,824,656,540544,1.256,100.28,41.95,255,0,255,100.28,100.28,100.28,0
XRAY,val,PNEUMONIA,person71_bacteria_351.jpeg,1056,925,976800,1.142,97.4,57.84,255,0,255,97.4,97.4,97.4,0
XRAY,val,PNEUMONIA,person721_bacteria_2623.jpeg,816,584,476544,1.397,111.18,53.24,255,0,255,111.18,111.18,111.18,0
XRAY,val,PNEUMONIA,person726_bacteria_2628.jpeg,768,480,368640,1.6,127.0,52.94,255,0,255,127.0,127.0,127.0,0
XRAY,val,PNEUMONIA,person727_bacteria_2629.jpeg,1180,1025,1209500,1.151,101.09,51.35,255,0,255,101.09,101.09,101.09,0
XRAY,val,PNEUMONIA,person72_bacteria_354.jpeg,1500,1152,1728000,1.302,129.95,60.27,255,0,255,129.95,129.95,129.95,0
XRAY,val,PNEUMONIA,person730_bacteria_2632.jpeg,1176,760,893760,1.547,92.23,40.66,255,0,255,92.23,92.23,92.23,0
XRAY,val,PNEUMONIA,person732_virus_1353.jpeg,1098,651,714798,1.687,114.72,61.15,255,0,255,114.72,114.72,114.72,0
XRAY,val,PNEUMONIA,person734_virus_1355.jpeg,985,585,576225,1.684,135.52,50.77,208,1,209,135.52,135.52,135.52,0
XRAY,val,PNEUMONIA,person738_virus_1360.jpeg,1662,1083,1799946,1.535,127.75,54.48,255,0,255,127.75,127.75,127.75,0
XRAY,val,PNEUMONIA,person740_bacteria_2643.jpeg,838,498,417324,1.683,119.16,46.83,209,0,209,119.16,119.16,119.16,0
XRAY,val,PNEUMONIA,person743_bacteria_2646.jpeg,984,760,747840,1.295,92.82,40.24,255,0,255,92.82,92.82,92.82,0
XRAY,val,PNEUMONIA,person745_virus_1368.jpeg,942,674,634908,1.398,107.93,44.89,192,0,192,107.93,107.93,107.93,0
XRAY,val,PNEUMONIA,person746_virus_1369.jpeg,895,516,461820,1.734,119.36,34.74,208,0,208,119.36,119.36,119.36,0
XRAY,val,PNEUMONIA,person749_bacteria_2652.jpeg,944,552,521088,1.71,113.75,46.94,255,0,255,113.75,113.75,113.75,0
XRAY,val,PNEUMONIA,person74_bacteria_363.jpeg,1574,959,1509466,1.641,135.49,60.33,255,0,255,135.49,135.49,135.49,0
XRAY,val,PNEUMONIA,person757_virus_1385.jpeg,937,533,499421,1.758,132.01,39.15,206,0,206,132.01,132.01,132.01,0
XRAY,val,PNEUMONIA,person762_virus_1390.jpeg,1744,1312,2288128,1.329,114.78,49.45,255,0,255,114.78,114.78,114.78,0
XRAY,val,PNEUMONIA,person763_bacteria_2667.jpeg,968,672,650496,1.44,91.99,42.76,255,0,255,91.99,91.99,91.99,0
XRAY,val,PNEUMONIA,person774_bacteria_2678.jpeg,1088,712,774656,1.528,105.86,54.86,255,0,255,105.86,105.86,105.86,0
XRAY,val,PNEUMONIA,person775_bacteria_2679.jpeg,1216,728,885248,1.67,78.0,37.6,255,0,255,78.0,78.0,78.0,0
XRAY,val,PNEUMONIA,person776_bacteria_2680.jpeg,968,600,580800,1.613,86.12,45.61,255,0,255,86.12,86.12,86.12,0
XRAY,val,PNEUMONIA,person783_bacteria_2687.jpeg,1431,1044,1493964,1.371,71.87,56.4,255,0,255,71.87,71.87,71.87,0
XRAY,val,PNEUMONIA,person783_virus_1414.jpeg,912,536,488832,1.701,104.87,45.26,255,0,255,104.87,104.87,104.87,0
XRAY,val,PNEUMONIA,person789_bacteria_2694.jpeg,1080,584,630720,1.849,151.33,44.31,255,0,255,151.33,151.33,151.33,0
XRAY,val,PNEUMONIA,person78_bacteria_382.jpeg,1016,544,552704,1.868,122.44,57.54,255,0,255,122.44,122.44,122.44,0
XRAY,val,PNEUMONIA,person790_virus_1421.jpeg,1658,1145,1898410,1.448,114.05,56.4,255,0,255,114.05,114.05,114.05,0
XRAY,val,PNEUMONIA,person795_virus_1427.jpeg,878,584,512752,1.503,120.82,43.99,205,0,205,120.82,120.82,120.82,0
XRAY,val,PNEUMONIA,person797_virus_1429.jpeg,920,512,471040,1.797,102.69,42.92,255,0,255,102.69,102.69,102.69,0
XRAY,val,PNEUMONIA,person798_virus_1430.jpeg,1294,902,1167188,1.435,108.77,52.21,255,0,255,108.77,108.77,108.77,0
XRAY,val,PNEUMONIA,person7_bacteria_28.jpeg,1033,697,720001,1.482,125.07,47.95,207,0,207,125.07,125.07,125.07,0
XRAY,val,PNEUMONIA,person80_bacteria_393.jpeg,1310,844,1105640,1.552,122.9,64.3,255,0,255,122.9,122.9,122.9,0
XRAY,val,PNEUMONIA,person810_virus_1446.jpeg,1824,1632,2976768,1.118,148.75,49.79,255,0,255,148.75,148.75,148.75,0
XRAY,val,PNEUMONIA,person811_virus_1447.jpeg,1376,999,1374624,1.377,131.1,63.03,255,0,255,131.1,131.1,131.1,0
XRAY,val,PNEUMONIA,person825_bacteria_2736.jpeg,888,488,433344,1.82,141.92,52.06,255,0,255,141.92,141.92,141.92,0
XRAY,val,PNEUMONIA,person826_virus_1462.jpeg,843,484,408012,1.742,128.63,45.81,219,0,219,128.63,128.63,128.63,0
XRAY,val,PNEUMONIA,person833_virus_1469.jpeg,1716,1222,2096952,1.404,109.16,62.99,255,0,255,109.16,109.16,109.16,0
XRAY,val,PNEUMONIA,person837_virus_1475.jpeg,1656,1320,2185920,1.255,153.64,49.86,255,0,255,153.64,153.64,153.64,0
XRAY,val,PNEUMONIA,person840_bacteria_2758.jpeg,1080,552,596160,1.957,116.16,49.07,255,0,255,116.16,116.16,116.16,0
XRAY,val,PNEUMONIA,person850_bacteria_2771.jpeg,1152,672,774144,1.714,108.77,47.61,255,0,255,108.77,108.77,108.77,0
XRAY,val,PNEUMONIA,person853_bacteria_2774.jpeg,944,568,536192,1.662,124.88,51.05,255,0,255,124.88,124.88,124.88,0
XRAY,val,PNEUMONIA,person853_bacteria_2775.jpeg,920,520,478400,1.769,122.78,53.3,255,0,255,122.78,122.78,122.78,0
XRAY,val,PNEUMONIA,person855_bacteria_2777.jpeg,904,672,607488,1.345,159.53,62.16,255,0,255,159.53,159.53,159.53,0
XRAY,val,PNEUMONIA,person867_bacteria_2789.jpeg,1104,832,918528,1.327,102.4,44.53,255,0,255,102.4,102.4,102.4,0
XRAY,val,PNEUMONIA,person868_virus_1513.jpeg,984,656,645504,1.5,111.19,58.66,255,0,255,111.19,111.19,111.19,0
XRAY,val,PNEUMONIA,person86_bacteria_429.jpeg,784,552,432768,1.42,127.0,45.78,255,0,255,127.0,127.0,127.0,0
XRAY,val,PNEUMONIA,person87_bacteria_433.jpeg,1064,808,859712,1.317,135.28,50.97,255,0,255,135.28,135.28,135.28,0
XRAY,val,PNEUMONIA,person886_virus_1536.jpeg,1656,1368,2265408,1.211,155.12,50.34,255,0,255,155.12,155.12,155.12,0
XRAY,val,PNEUMONIA,person88_bacteria_437.jpeg,1144,848,970112,1.349,134.66,54.93,255,0,255,134.66,134.66,134.66,0
XRAY,val,PNEUMONIA,person88_virus_161.jpeg,1328,976,1296128,1.361,132.67,49.38,255,0,255,132.67,132.67,132.67,0
XRAY,val,PNEUMONIA,person891_virus_1541.jpeg,1048,632,662336,1.658,99.49,59.97,255,0,255,99.49,99.49,99.49,0
XRAY,val,PNEUMONIA,person894_bacteria_2819.jpeg,747,464,346608,1.61,128.81,41.17,203,0,203,128.81,128.81,128.81,0
XRAY,val,PNEUMONIA,person8_bacteria_37.jpeg,1790,1326,2373540,1.35,131.33,59.07,255,0,255,131.33,131.33,131.33,0
XRAY,val,PNEUMONIA,person909_bacteria_2834.jpeg,832,520,432640,1.6,145.44,47.62,255,0,255,145.44,145.44,145.44,0
XRAY,val,PNEUMONIA,person90_bacteria_443.jpeg,904,664,600256,1.361,127.33,45.83,255,0,255,127.33,127.33,127.33,0
XRAY,val,PNEUMONIA,person90_virus_170.jpeg,1224,768,940032,1.594,100.2,50.15,255,0,255,100.2,100.2,100.2,0
XRAY,val,PNEUMONIA,person917_bacteria_2842.jpeg,1272,664,844608,1.916,101.64,46.98,255,0,255,101.64,101.64,101.64,0
XRAY,val,PNEUMONIA,person91_bacteria_445.jpeg,1110,870,965700,1.276,94.76,56.76,255,0,255,94.76,94.76,94.76,0
XRAY,val,PNEUMONIA,person91_bacteria_447.jpeg,936,656,614016,1.427,95.05,52.28,255,0,255,95.05,95.05,95.05,0
XRAY,val,PNEUMONIA,person91_bacteria_448.jpeg,1128,817,921576,1.381,103.24,70.86,255,0,255,103.24,103.24,103.24,0
XRAY,val,PNEUMONIA,person92_bacteria_450.jpeg,1072,560,600320,1.914,101.76,49.94,255,0,255,101.76,101.76,101.76,0
XRAY,val,PNEUMONIA,person931_virus_1592.jpeg,1264,888,1122432,1.423,125.91,59.63,255,0,255,125.91,125.91,125.91,0
XRAY,val,PNEUMONIA,person940_bacteria_2865.jpeg,896,656,587776,1.366,114.61,46.26,255,0,255,114.61,114.61,114.61,0
XRAY,val,PNEUMONIA,person941_virus_1610.jpeg,1688,1120,1890560,1.507,129.01,70.85,255,0,255,129.01,129.01,129.01,0
XRAY,val,PNEUMONIA,person949_virus_1620.jpeg,1640,1160,1902400,1.414,132.29,52.14,255,0,255,132.29,132.29,132.29,0
XRAY,val,PNEUMONIA,person965_bacteria_2890.jpeg,968,832,805376,1.163,144.95,54.36,255,0,255,144.95,144.95,144.95,0
XRAY,test,NORMAL,IM-0003-0001.jpeg,2111,1509,3185499,1.399,142.45,60.67,255,0,255,142.45,142.45,142.45,0
XRAY,test,NORMAL,IM-0010-0001.jpeg,1873,1478,2768294,1.267,132.61,58.78,255,0,255,132.61,132.61,132.61,0
XRAY,test,NORMAL,IM-0019-0001.jpeg,1917,1432,2745144,1.339,134.94,51.69,255,0,255,134.94,134.94,134.94,0
XRAY,test,NORMAL,IM-0021-0001.jpeg,2624,1893,4967232,1.386,151.47,44.3,255,0,255,151.47,151.47,151.47,0
XRAY,test,NORMAL,IM-0027-0001.jpeg,2271,1827,4149117,1.243,142.98,53.72,255,0,255,142.98,142.98,142.98,0
XRAY,test,NORMAL,IM-0029-0001.jpeg,2343,2139,5011677,1.095,149.65,45.89,255,0,255,149.65,149.65,149.65,0
XRAY,test,NORMAL,IM-0031-0001.jpeg,1949,1632,3180768,1.194,138.55,58.2,255,0,255,138.55,138.55,138.55,0
XRAY,test,NORMAL,IM-0036-0001.jpeg,2096,1709,3582064,1.226,154.14,70.16,255,0,255,154.14,154.14,154.14,0
XRAY,test,NORMAL,IM-0046-0001.jpeg,2001,1725,3451725,1.16,142.53,49.88,255,0,255,142.53,142.53,142.53,0
XRAY,test,NORMAL,IM-0059-0001.jpeg,1616,1041,1682256,1.552,139.1,62.23,255,0,255,139.1,139.1,139.1,0
XRAY,test,NORMAL,IM-0061-0001.jpeg,1754,1318,2311772,1.331,138.31,72.87,255,0,255,138.31,138.31,138.31,0
XRAY,test,NORMAL,IM-0069-0001.jpeg,1974,1226,2420124,1.61,124.75,64.16,255,0,255,124.75,124.75,124.75,0
XRAY,test,NORMAL,IM-0079-0001.jpeg,1774,1230,2182020,1.442,137.6,60.76,255,0,255,137.6,137.6,137.6,0
XRAY,test,NORMAL,IM-0081-0001.jpeg,1260,767,966420,1.643,123.98,57.84,255,0,255,123.98,123.98,123.98,0
XRAY,test,NORMAL,IM-0085-0001.jpeg,1558,1014,1579812,1.536,127.91,57.32,255,0,255,127.91,127.91,127.91,0
XRAY,test,NORMAL,IM-0091-0001.jpeg,1754,1036,1817144,1.693,119.53,60.39,255,0,255,119.53,119.53,119.53,0
XRAY,test,NORMAL,IM-0103-0001.jpeg,1970,2085,4107450,0.945,134.2,62.09,255,0,255,134.2,134.2,134.2,0
XRAY,test,NORMAL,IM-0107-0001.jpeg,1824,1125,2052000,1.621,120.0,65.69,255,0,255,120.0,120.0,120.0,0
XRAY,test,NORMAL,IM-0110-0001.jpeg,1542,871,1343082,1.77,122.98,64.18,255,0,255,122.98,122.98,122.98,0
XRAY,test,NORMAL,IM-0117-0001.jpeg,1422,1152,1638144,1.234,100.65,59.81,255,0,255,100.65,100.65,100.65,0
XRAY,test,NORMAL,IM-0131-0001.jpeg,1450,1144,1658800,1.267,109.55,55.03,255,0,255,109.55,109.55,109.55,0
XRAY,test,NORMAL,IM-0141-0001.jpeg,1740,1453,2528220,1.198,118.14,63.04,255,0,255,118.14,118.14,118.14,0
XRAY,test,NORMAL,IM-0143-0001.jpeg,2138,1928,4122064,1.109,126.41,69.48,255,0,255,126.41,126.41,126.41,0
XRAY,test,NORMAL,IM-0154-0001.jpeg,1844,1438,2651672,1.282,110.06,65.65,255,0,255,110.06,110.06,110.06,0
XRAY,test,NORMAL,IM-0156-0001.jpeg,1488,1209,1798992,1.231,112.36,52.23,255,0,255,112.36,112.36,112.36,0
XRAY,test,NORMAL,IM-0166-0001.jpeg,1972,1719,3389868,1.147,118.47,66.4,255,0,255,118.47,118.47,118.47,0
XRAY,test,NORMAL,IM-0182-0001.jpeg,1372,1005,1378860,1.365,135.86,67.36,255,0,255,135.86,135.86,135.86,0
XRAY,test,NORMAL,IM-0187-0001.jpeg,1854,1572,2914488,1.179,125.67,60.0,255,0,255,125.67,125.67,125.67,0
XRAY,test,NORMAL,IM-0193-0001.jpeg,2010,1747,3511470,1.151,111.99,61.62,255,0,255,111.99,111.99,111.99,0
XRAY,test,NORMAL,IM-0215-0001.jpeg,1666,1209,2014194,1.378,109.66,66.01,255,0,255,109.66,109.66,109.66,0
XRAY,test,NORMAL,IM-0226-0001.jpeg,1770,1387,2454990,1.276,83.78,66.31,255,0,255,83.78,83.78,83.78,0
XRAY,test,NORMAL,IM-0255-0001.jpeg,1512,1171,1770552,1.291,106.08,66.27,255,0,255,106.08,106.08,106.08,0
XRAY,test,NORMAL,IM-0262-0001.jpeg,1690,1538,2599220,1.099,135.06,56.74,255,0,255,135.06,135.06,135.06,0
XRAY,test,NORMAL,IM-0268-0001.jpeg,1620,1356,2196720,1.195,142.74,59.98,255,0,255,142.74,142.74,142.74,0
XRAY,test,NORMAL,IM-0272-0001.jpeg,1582,1155,1827210,1.37,130.29,56.04,255,0,255,130.29,130.29,130.29,0
XRAY,test,NORMAL,IM-0277-0001.jpeg,1608,1345,2162760,1.196,128.9,60.79,255,0,255,128.9,128.9,128.9,0
XRAY,test,NORMAL,IM-0289-0001.jpeg,2280,2066,4710480,1.104,115.87,62.94,255,0,255,115.87,115.87,115.87,0
XRAY,test,NORMAL,IM-0299-0001.jpeg,1800,1503,2705400,1.198,132.5,57.93,255,0,255,132.5,132.5,132.5,0
XRAY,test,NORMAL,IM-0300-0001.jpeg,2020,1565,3161300,1.291,100.8,69.39,255,0,255,100.8,100.8,100.8,0
XRAY,test,NORMAL,IM-0308-0001.jpeg,1654,1368,2262672,1.209,126.68,61.12,255,0,255,126.68,126.68,126.68,0
XRAY,test,NORMAL,IM-0313-0001.jpeg,1696,1298,2201408,1.307,108.08,55.44,255,0,255,108.08,108.08,108.08,0
XRAY,test,NORMAL,IM-0324-0001.jpeg,1198,931,1115338,1.287,117.49,57.11,255,0,255,117.49,117.49,117.49,0
XRAY,test,NORMAL,IM-0327-0001.jpeg,1808,1507,2724656,1.2,127.42,55.98,255,0,255,127.42,127.42,127.42,0
XRAY,test,NORMAL,IM-0332-0001.jpeg,1512,1202,1817424,1.258,128.5,55.58,255,0,255,128.5,128.5,128.5,0
XRAY,test,NORMAL,IM-0333-0001.jpeg,1114,843,939102,1.321,117.2,52.65,255,0,255,117.2,117.2,117.2,0
XRAY,test,NORMAL,IM-0335-0001.jpeg,2538,1897,4814586,1.338,99.29,74.46,255,0,255,99.29,99.29,99.29,0
XRAY,test,NORMAL,IM-0346-0001.jpeg,1592,1411,2246312,1.128,114.93,62.98,255,0,255,114.93,114.93,114.93,0
XRAY,test,NORMAL,IM-0347-0001.jpeg,1638,1168,1913184,1.402,103.36,59.31,255,0,255,103.36,103.36,103.36,0
XRAY,test,NORMAL,IM-0353-0001.jpeg,1620,1151,1864620,1.407,111.28,60.89,255,0,255,111.28,111.28,111.28,0
XRAY,test,NORMAL,IM-0377-0001.jpeg,1438,1106,1590428,1.3,135.28,59.49,255,0,255,135.28,135.28,135.28,0
XRAY,test,NORMAL,IM-0379-0001.jpeg,1724,1395,2404980,1.236,115.09,60.21,255,0,255,115.09,115.09,115.09,0
XRAY,test,NORMAL,IM-0382-0001.jpeg,1472,1225,1803200,1.202,106.1,59.5,255,0,255,106.1,106.1,106.1,0
XRAY,test,NORMAL,IM-0391-0001.jpeg,2222,1669,3708518,1.331,120.29,70.8,255,0,255,120.29,120.29,120.29,0
XRAY,test,NORMAL,IM-0394-0001.jpeg,1666,1333,2220778,1.25,113.52,61.55,255,0,255,113.52,113.52,113.52,0
XRAY,test,NORMAL,IM-0395-0001.jpeg,1488,1275,1897200,1.167,125.43,57.31,255,0,255,125.43,125.43,125.43,0
XRAY,test,NORMAL,IM-0399-0001.jpeg,1164,1086,1264104,1.072,124.37,52.57,255,0,255,124.37,124.37,124.37,0
XRAY,test,NORMAL,IM-0403-0001.jpeg,1774,1612,2859688,1.1,135.99,61.57,255,0,255,135.99,135.99,135.99,0
XRAY,test,NORMAL,IM-0404-0001.jpeg,1694,1182,2002308,1.433,121.53,53.97,255,0,255,121.53,121.53,121.53,0
XRAY,test,NORMAL,IM-0405-0001.jpeg,1952,1619,3160288,1.206,123.36,64.24,255,0,255,123.36,123.36,123.36,0
XRAY,test,NORMAL,IM-0419-0001.jpeg,2118,1522,3223596,1.392,137.81,62.31,255,0,255,137.81,137.81,137.81,0
XRAY,test,NORMAL,IM-0423-0001.jpeg,1480,1337,1978760,1.107,126.13,59.17,255,0,255,126.13,126.13,126.13,0
XRAY,test,NORMAL,IM-0429-0001-0002.jpeg,1858,1380,2564040,1.346,120.37,63.26,255,0,255,120.37,120.37,120.37,0
XRAY,test,NORMAL,IM-0432-0001.jpeg,1480,1228,1817440,1.205,135.97,67.72,255,0,255,135.97,135.97,135.97,0
XRAY,test,NORMAL,IM-0433-0001.jpeg,1916,1677,3213132,1.143,108.28,69.43,255,0,255,108.28,108.28,108.28,0
XRAY,test,NORMAL,IM-0440-0001.jpeg,1690,1464,2474160,1.154,120.39,63.2,255,0,255,120.39,120.39,120.39,0
XRAY,test,NORMAL,IM-0446-0001.jpeg,1816,1661,3016376,1.093,126.08,61.39,255,0,255,126.08,126.08,126.08,0
XRAY,test,NORMAL,IM-0452-0001.jpeg,1848,1588,2934624,1.164,115.13,65.94,255,0,255,115.13,115.13,115.13,0
XRAY,test,NORMAL,IM-0453-0001-0002.jpeg,2088,2074,4330512,1.007,121.97,64.07,255,0,255,121.97,121.97,121.97,0
XRAY,test,NORMAL,IM-0463-0001.jpeg,1804,1758,3171432,1.026,126.66,59.21,255,0,255,126.66,126.66,126.66,0
XRAY,test,NORMAL,IM-0469-0001.jpeg,1948,1576,3070048,1.236,130.22,62.27,255,0,255,130.22,130.22,130.22,0
XRAY,test,NORMAL,IM-0477-0001.jpeg,1666,1537,2560642,1.084,125.82,62.92,255,0,255,125.82,125.82,125.82,0
XRAY,test,NORMAL,IM-0480-0001.jpeg,2218,2183,4841894,1.016,99.11,60.55,255,0,255,99.11,99.11,99.11,0
XRAY,test,NORMAL,IM-0484-0001.jpeg,1506,1121,1688226,1.343,125.61,62.25,255,0,255,125.61,125.61,125.61,0
XRAY,test,NORMAL,IM-0489-0001.jpeg,1310,1148,1503880,1.141,144.68,57.58,255,0,255,144.68,144.68,144.68,0
XRAY,test,NORMAL,IM-0492-0001.jpeg,1636,1468,2401648,1.114,137.39,61.29,255,0,255,137.39,137.39,137.39,0
XRAY,test,NORMAL,IM-0494-0001.jpeg,1692,1302,2202984,1.3,143.58,58.48,255,0,255,143.58,143.58,143.58,0
XRAY,test,NORMAL,IM-0507-0001.jpeg,1752,1384,2424768,1.266,112.66,63.88,255,0,255,112.66,112.66,112.66,0
XRAY,test,NORMAL,IM-0509-0001-0001.jpeg,1434,1125,1613250,1.275,129.07,66.34,255,0,255,129.07,129.07,129.07,0
XRAY,test,NORMAL,IM-0517-0001.jpeg,2844,2067,5878548,1.376,120.6,64.26,255,0,255,120.6,120.6,120.6,0
XRAY,test,NORMAL,IM-0523-0001-0001.jpeg,1342,1059,1421178,1.267,125.51,58.21,255,0,255,125.51,125.51,125.51,0
XRAY,test,NORMAL,IM-0525-0001-0002.jpeg,1410,970,1367700,1.454,115.57,64.92,255,0,255,115.57,115.57,115.57,0
XRAY,test,NORMAL,IM-0526-0001.jpeg,1576,1395,2198520,1.13,118.43,69.47,255,0,255,118.43,118.43,118.43,0
XRAY,test,NORMAL,IM-0549-0001.jpeg,1272,1017,1293624,1.251,115.42,57.06,255,0,255,115.42,115.42,115.42,0
XRAY,test,NORMAL,IM-0551-0001-0001.jpeg,1678,1156,1939768,1.452,116.62,64.89,255,0,255,116.62,116.62,116.62,0
XRAY,test,NORMAL,IM-0553-0001-0002.jpeg,1796,1287,2311452,1.395,136.59,62.01,255,0,255,136.59,136.59,136.59,0
XRAY,test,NORMAL,IM-0553-0001-0003.jpeg,2202,2129,4688058,1.034,120.59,65.68,255,0,255,120.59,120.59,120.59,0
XRAY,test,NORMAL,IM-0554-0001.jpeg,1296,1082,1402272,1.198,105.02,57.1,255,0,255,105.02,105.02,105.02,0
XRAY,test,NORMAL,IM-0556-0001.jpeg,1566,1225,1918350,1.278,120.29,59.88,255,0,255,120.29,120.29,120.29,0
XRAY,test,NORMAL,IM-0557-0001.jpeg,2442,2226,5435892,1.097,125.74,52.3,255,0,255,125.74,125.74,125.74,0
XRAY,test,NORMAL,IM-0563-0001.jpeg,1302,970,1262940,1.342,129.28,59.25,255,0,255,129.28,129.28,129.28,0
XRAY,test,NORMAL,IM-0566-0001.jpeg,2358,1673,3944934,1.409,137.03,68.3,255,0,255,137.03,137.03,137.03,0
XRAY,test,NORMAL,IM-0568-0001.jpeg,2144,2129,4564576,1.007,117.67,61.37,255,0,255,117.67,117.67,117.67,0
XRAY,test,NORMAL,IM-0569-0001.jpeg,1786,1437,2566482,1.243,126.45,62.39,255,0,255,126.45,126.45,126.45,0
XRAY,test,NORMAL,IM-0570-0001.jpeg,1816,1554,2822064,1.169,128.72,60.68,255,0,255,128.72,128.72,128.72,0
XRAY,test,NORMAL,IM-0575-0001.jpeg,1296,1036,1342656,1.251,119.15,59.88,255,0,255,119.15,119.15,119.15,0
XRAY,test,NORMAL,IM-0591-0001.jpeg,1626,1280,2081280,1.27,130.52,56.11,255,0,255,130.52,130.52,130.52,0
XRAY,test,NORMAL,IM-0612-0001-0002.jpeg,1466,1175,1722550,1.248,110.19,63.73,255,0,255,110.19,110.19,110.19,0
XRAY,test,NORMAL,IM-0615-0001.jpeg,1640,1322,2168080,1.241,106.87,70.67,255,0,255,106.87,106.87,106.87,0
XRAY,test,NORMAL,IM-0622-0001-0001.jpeg,1598,1197,1912806,1.335,119.15,63.98,255,0,255,119.15,119.15,119.15,0
XRAY,test,NORMAL,IM-0623-0001.jpeg,1724,1422,2451528,1.212,122.03,67.56,255,0,255,122.03,122.03,122.03,0
XRAY,test,NORMAL,IM-0626-0001-0001.jpeg,1754,1178,2066212,1.489,114.59,59.63,255,0,255,114.59,114.59,114.59,0
XRAY,test,NORMAL,IM-0629-0001-0001.jpeg,2344,1855,4348120,1.264,116.94,69.71,255,0,255,116.94,116.94,116.94,0
XRAY,test,NORMAL,IM-0629-0001.jpeg,1252,1044,1307088,1.199,131.53,58.57,255,0,255,131.53,131.53,131.53,0
XRAY,test,NORMAL,IM-0631-0001-0002.jpeg,1738,1430,2485340,1.215,124.04,66.99,255,0,255,124.04,124.04,124.04,0
XRAY,test,NORMAL,IM-0633-0001.jpeg,1836,1719,3156084,1.068,120.63,62.45,255,0,255,120.63,120.63,120.63,0
XRAY,test,NORMAL,IM-0635-0001.jpeg,1296,1052,1363392,1.232,131.18,61.31,255,0,255,131.18,131.18,131.18,0
XRAY,test,NORMAL,IM-0644-0001-0002.jpeg,1476,1133,1672308,1.303,116.17,57.8,255,0,255,116.17,116.17,116.17,0
XRAY,test,NORMAL,IM-0647-0001.jpeg,1214,994,1206716,1.221,102.32,51.17,255,0,255,102.32,102.32,102.32,0
XRAY,test,NORMAL,IM-0650-0001-0002.jpeg,1798,1356,2438088,1.326,111.24,63.69,255,0,255,111.24,111.24,111.24,0
XRAY,test,NORMAL,IM-0657-0001.jpeg,1608,1364,2193312,1.179,126.85,60.74,255,0,255,126.85,126.85,126.85,0
XRAY,test,NORMAL,IM-0661-0001.jpeg,1754,1638,2873052,1.071,114.51,58.63,255,0,255,114.51,114.51,114.51,0
XRAY,test,NORMAL,IM-0662-0001.jpeg,1538,1179,1813302,1.304,126.51,68.01,255,0,255,126.51,126.51,126.51,0
XRAY,test,NORMAL,IM-0663-0001.jpeg,1246,931,1160026,1.338,119.07,58.11,255,0,255,119.07,119.07,119.07,0
XRAY,test,NORMAL,IM-0671-0001.jpeg,1608,1152,1852416,1.396,116.95,62.53,255,0,255,116.95,116.95,116.95,0
XRAY,test,NORMAL,IM-0675-0001.jpeg,1218,1032,1256976,1.18,122.2,58.25,255,0,255,122.2,122.2,122.2,0
XRAY,test,NORMAL,IM-0692-0001.jpeg,2512,2012,5054144,1.249,128.34,64.16,255,0,255,128.34,128.34,128.34,0
XRAY,test,NORMAL,IM-0698-0001.jpeg,1952,1777,3468704,1.098,119.28,64.57,255,0,255,119.28,119.28,119.28,0
XRAY,test,NORMAL,IM-0703-0001.jpeg,1426,1052,1500152,1.356,116.17,58.34,255,0,255,116.17,116.17,116.17,0
XRAY,test,NORMAL,IM-0710-0001.jpeg,1910,1661,3172510,1.15,112.76,58.74,255,0,255,112.76,112.76,112.76,0
XRAY,test,NORMAL,IM-0716-0001.jpeg,1426,1182,1685532,1.206,109.01,59.18,255,0,255,109.01,109.01,109.01,0
XRAY,test,NORMAL,IM-0717-0001.jpeg,1442,1109,1599178,1.3,113.02,58.43,255,0,255,113.02,113.02,113.02,0
XRAY,test,NORMAL,IM-0718-0001.jpeg,1634,1341,2191194,1.218,104.35,67.46,255,0,255,104.35,104.35,104.35,0
XRAY,test,NORMAL,IM-0719-0001.jpeg,1550,1452,2250600,1.067,130.61,56.29,255,0,255,130.61,130.61,130.61,0
XRAY,test,NORMAL,IM-0736-0001.jpeg,1430,1005,1437150,1.423,123.8,65.69,255,0,255,123.8,123.8,123.8,0
XRAY,test,NORMAL,IM-0748-0001.jpeg,1844,1573,2900612,1.172,129.87,60.03,255,0,255,129.87,129.87,129.87,0
XRAY,test,NORMAL,IM-0755-0001.jpeg,1346,1040,1399840,1.294,119.43,52.11,255,0,255,119.43,119.43,119.43,0
XRAY,test,NORMAL,NORMAL2-IM-0030-0001.jpeg,2517,2713,6828621,0.928,116.05,50.37,255,0,255,116.05,116.05,116.05,0
XRAY,test,NORMAL,NORMAL2-IM-0041-0001.jpeg,2187,1332,2913084,1.642,114.86,71.78,255,0,255,114.86,114.86,114.86,0
XRAY,test,NORMAL,NORMAL2-IM-0066-0001.jpeg,2194,2094,4594236,1.048,107.93,63.43,255,0,255,107.93,107.93,107.93,0
XRAY,test,NORMAL,NORMAL2-IM-0072-0001.jpeg,1992,1620,3227040,1.23,134.75,66.78,255,0,255,134.75,134.75,134.75,0
XRAY,test,NORMAL,NORMAL2-IM-0073-0001.jpeg,2496,2296,5730816,1.087,102.37,45.33,255,0,255,102.37,102.37,102.37,0
XRAY,test,NORMAL,NORMAL2-IM-0102-0001.jpeg,2366,2152,5091632,1.099,105.87,61.03,255,0,255,105.87,105.87,105.87,0
XRAY,test,NORMAL,NORMAL2-IM-0105-0001.jpeg,2352,2166,5094432,1.086,143.1,70.1,255,0,255,143.1,143.1,143.1,0
XRAY,test,NORMAL,NORMAL2-IM-0111-0001.jpeg,2035,1526,3105410,1.334,140.3,63.92,255,0,255,140.3,140.3,140.3,0
XRAY,test,NORMAL,NORMAL2-IM-0117-0001.jpeg,1971,1526,3007746,1.292,129.56,68.81,255,0,255,129.56,129.56,129.56,0
XRAY,test,NORMAL,NORMAL2-IM-0120-0001.jpeg,2093,1764,3692052,1.187,111.67,62.06,255,0,255,111.67,111.67,111.67,0
XRAY,test,NORMAL,NORMAL2-IM-0131-0001.jpeg,1784,1389,2477976,1.284,117.23,63.71,255,0,255,117.23,117.23,117.23,0
XRAY,test,NORMAL,NORMAL2-IM-0139-0001.jpeg,2014,1375,2769250,1.465,126.34,67.83,255,0,255,126.34,126.34,126.34,0
XRAY,test,NORMAL,NORMAL2-IM-0141-0001.jpeg,1712,1519,2600528,1.127,111.25,63.4,255,0,255,111.25,111.25,111.25,0
XRAY,test,NORMAL,NORMAL2-IM-0222-0001.jpeg,1504,1056,1588224,1.424,142.15,66.31,255,0,255,142.15,142.15,142.15,0
XRAY,test,NORMAL,NORMAL2-IM-0229-0001.jpeg,1488,1168,1737984,1.274,148.33,58.46,255,0,255,148.33,148.33,148.33,0
XRAY,test,NORMAL,NORMAL2-IM-0233-0001.jpeg,1560,1008,1572480,1.548,121.75,64.32,255,0,255,121.75,121.75,121.75,0
XRAY,test,NORMAL,NORMAL2-IM-0237-0001.jpeg,1392,1168,1625856,1.192,156.68,50.75,255,0,255,156.68,156.68,156.68,0
XRAY,test,NORMAL,NORMAL2-IM-0238-0001.jpeg,1440,1064,1532160,1.353,144.75,68.68,255,0,255,144.75,144.75,144.75,0
XRAY,test,NORMAL,NORMAL2-IM-0246-0001.jpeg,1368,904,1236672,1.513,138.54,56.22,255,0,255,138.54,138.54,138.54,0
XRAY,test,NORMAL,NORMAL2-IM-0251-0001.jpeg,1744,1168,2036992,1.493,116.37,53.17,255,0,255,116.37,116.37,116.37,0
XRAY,test,NORMAL,NORMAL2-IM-0259-0001.jpeg,1448,1136,1644928,1.275,159.76,45.29,255,0,255,159.76,159.76,159.76,0
XRAY,test,NORMAL,NORMAL2-IM-0274-0001.jpeg,1646,1214,1998244,1.356,112.6,64.54,255,0,255,112.6,112.6,112.6,0
XRAY,test,NORMAL,NORMAL2-IM-0278-0001.jpeg,1700,1113,1892100,1.527,108.32,64.52,255,0,255,108.32,108.32,108.32,0
XRAY,test,NORMAL,NORMAL2-IM-0283-0001.jpeg,1400,882,1234800,1.587,136.47,52.93,255,0,255,136.47,136.47,136.47,0
XRAY,test,NORMAL,NORMAL2-IM-0288-0001.jpeg,1348,812,1094576,1.66,121.97,60.83,255,0,255,121.97,121.97,121.97,0
XRAY,test,NORMAL,NORMAL2-IM-0294-0001.jpeg,1530,994,1520820,1.539,103.42,51.6,255,0,255,103.42,103.42,103.42,0
XRAY,test,NORMAL,NORMAL2-IM-0300-0001.jpeg,1508,1260,1900080,1.197,124.77,56.36,255,0,255,124.77,124.77,124.77,0
XRAY,test,NORMAL,NORMAL2-IM-0301-0001.jpeg,1816,1157,2101112,1.57,118.41,65.51,255,0,255,118.41,118.41,118.41,0
XRAY,test,NORMAL,NORMAL2-IM-0317-0001.jpeg,1624,1187,1927688,1.368,106.39,61.99,255,0,255,106.39,106.39,106.39,0
XRAY,test,NORMAL,NORMAL2-IM-0321-0001.jpeg,2026,1412,2860712,1.435,119.81,67.5,255,0,255,119.81,119.81,119.81,0
XRAY,test,NORMAL,NORMAL2-IM-0326-0001.jpeg,1522,1183,1800526,1.287,112.12,64.38,255,0,255,112.12,112.12,112.12,0
XRAY,test,NORMAL,NORMAL2-IM-0329-0001.jpeg,2216,1953,4327848,1.135,149.67,70.3,255,0,255,149.67,149.67,149.67,0
XRAY,test,NORMAL,NORMAL2-IM-0330-0001.jpeg,1226,747,915822,1.641,136.48,62.23,255,0,255,136.48,136.48,136.48,0
XRAY,test,NORMAL,NORMAL2-IM-0343-0001.jpeg,1778,1168,2076704,1.522,80.07,51.07,255,0,255,80.07,80.07,80.07,0
XRAY,test,NORMAL,NORMAL2-IM-0345-0001.jpeg,1538,1202,1848676,1.28,129.17,70.74,255,0,255,129.17,129.17,129.17,0
XRAY,test,NORMAL,NORMAL2-IM-0348-0001.jpeg,1762,1249,2200738,1.411,117.31,61.4,255,0,255,117.31,117.31,117.31,0
XRAY,test,NORMAL,NORMAL2-IM-0349-0001.jpeg,1214,662,803668,1.834,130.95,54.28,255,0,255,130.95,130.95,130.95,0
XRAY,test,NORMAL,NORMAL2-IM-0361-0001.jpeg,1778,1337,2377186,1.33,146.68,45.38,255,0,255,146.68,146.68,146.68,0
XRAY,test,NORMAL,NORMAL2-IM-0368-0001.jpeg,1686,1122,1891692,1.503,115.89,61.69,255,0,255,115.89,115.89,115.89,0
XRAY,test,NORMAL,NORMAL2-IM-0376-0001.jpeg,1124,716,804784,1.57,113.02,63.48,255,0,255,113.02,113.02,113.02,0
XRAY,test,NORMAL,NORMAL2-IM-0386-0001.jpeg,1636,1321,2161156,1.238,134.64,59.34,255,0,255,134.64,134.64,134.64,0
XRAY,test,NORMAL,NORMAL2-IM-0395-0001-0001.jpeg,1520,1070,1626400,1.421,118.64,70.15,255,0,255,118.64,118.64,118.64,0
XRAY,test,NORMAL,NORMAL2-IM-0397-0001.jpeg,2036,1908,3884688,1.067,120.15,66.34,255,0,255,120.15,120.15,120.15,0
XRAY,test,NORMAL,NORMAL2-IM-0412-0001.jpeg,1450,1210,1754500,1.198,125.35,44.5,255,0,255,125.35,125.35,125.35,0
XRAY,test,NORMAL,NORMAL2-IM-0416-0001-0001.jpeg,1584,1426,2258784,1.111,136.54,52.66,255,0,255,136.54,136.54,136.54,0
XRAY,test,NORMAL,NORMAL2-IM-0419-0001.jpeg,1454,1071,1557234,1.358,92.84,62.74,255,0,255,92.84,92.84,92.84,0
XRAY,test,NORMAL,NORMAL2-IM-0429-0001.jpeg,1572,1389,2183508,1.132,154.78,60.7,255,0,255,154.78,154.78,154.78,0
XRAY,test,NORMAL,NORMAL2-IM-0433-0001.jpeg,1546,1255,1940230,1.232,118.58,61.12,255,0,255,118.58,118.58,118.58,0
XRAY,test,NORMAL,NORMAL2-IM-0435-0001.jpeg,2185,1942,4243270,1.125,151.83,74.49,255,0,255,151.83,151.83,151.83,0
XRAY,test,NORMAL,NORMAL2-IM-0437-0001.jpeg,1434,1074,1540116,1.335,109.72,59.86,255,0,255,109.72,109.72,109.72,0
XRAY,test,NORMAL,NORMAL2-IM-0441-0001.jpeg,2288,2363,5406544,0.968,140.17,69.2,255,0,255,140.17,140.17,140.17,0
XRAY,test,NORMAL,NORMAL2-IM-0443-0001.jpeg,1688,1542,2602896,1.095,125.79,59.2,255,0,255,125.79,125.79,125.79,0
XRAY,test,NORMAL,NORMAL2-IM-0445-0001.jpeg,1782,1310,2334420,1.36,137.73,58.98,255,0,255,137.73,137.73,137.73,0
XRAY,test,NORMAL,NORMAL2-IM-0447-0001.jpeg,1654,1441,2383414,1.148,123.55,63.19,255,0,255,123.55,123.55,123.55,0
XRAY,test,NORMAL,NORMAL2-IM-0458-0001.jpeg,1558,1106,1723148,1.409,100.97,60.5,255,0,255,100.97,100.97,100.97,0
XRAY,test,NORMAL,NORMAL2-IM-0460-0001.jpeg,1186,940,1114840,1.262,123.07,50.65,255,0,255,123.07,123.07,123.07,0
XRAY,test,NORMAL,NORMAL2-IM-0465-0001.jpeg,1418,1221,1731378,1.161,121.14,51.02,255,0,255,121.14,121.14,121.14,0
XRAY,test,NORMAL,NORMAL2-IM-0490-0001.jpeg,1620,1340,2170800,1.209,105.16,64.01,255,0,255,105.16,105.16,105.16,0
XRAY,test,NORMAL,NORMAL2-IM-0493-0001.jpeg,1882,1692,3184344,1.112,133.67,62.15,255,0,255,133.67,133.67,133.67,0
XRAY,test,NORMAL,NORMAL2-IM-0499-0001.jpeg,1414,1106,1563884,1.278,102.21,61.75,255,0,255,102.21,102.21,102.21,0
XRAY,test,NORMAL,NORMAL2-IM-0500-0001.jpeg,1442,1152,1661184,1.252,108.68,62.31,255,0,255,108.68,108.68,108.68,0
XRAY,test,NORMAL,NORMAL2-IM-0515-0001.jpeg,1638,1020,1670760,1.606,125.33,69.25,255,0,255,125.33,125.33,125.33,0
XRAY,test,NORMAL,NORMAL2-IM-0516-0001.jpeg,2120,2283,4839960,0.929,124.91,61.66,255,0,255,124.91,124.91,124.91,0
XRAY,test,NORMAL,NORMAL2-IM-0520-0001.jpeg,1554,1402,2178708,1.108,120.39,64.82,255,0,255,120.39,120.39,120.39,0
XRAY,test,NORMAL,NORMAL2-IM-0529-0001.jpeg,1388,1029,1428252,1.349,127.82,58.2,255,0,255,127.82,127.82,127.82,0
XRAY,test,NORMAL,NORMAL2-IM-0541-0001.jpeg,2014,1746,3516444,1.153,112.85,63.5,255,0,255,112.85,112.85,112.85,0
XRAY,test,NORMAL,NORMAL2-IM-0552-0001.jpeg,1638,1264,2070432,1.296,128.72,58.39,255,0,255,128.72,128.72,128.72,0
XRAY,test,NORMAL,NORMAL2-IM-0555-0001-0002.jpeg,2414,2132,5146648,1.132,110.5,60.77,255,0,255,110.5,110.5,110.5,0
XRAY,test,NORMAL,NORMAL2-IM-0572-0001.jpeg,1750,1526,2670500,1.147,136.84,58.85,255,0,255,136.84,136.84,136.84,0
XRAY,test,NORMAL,NORMAL2-IM-0578-0001.jpeg,1894,1688,3197072,1.122,122.04,67.13,255,0,255,122.04,122.04,122.04,0
XRAY,test,NORMAL,NORMAL2-IM-0579-0001.jpeg,1916,1488,2851008,1.288,125.7,66.01,255,0,255,125.7,125.7,125.7,0
XRAY,test,NORMAL,NORMAL2-IM-0580-0001.jpeg,1724,1588,2737712,1.086,130.82,52.99,255,0,255,130.82,130.82,130.82,0
XRAY,test,NORMAL,NORMAL2-IM-0583-0001.jpeg,1712,1534,2626208,1.116,126.79,57.96,255,0,255,126.79,126.79,126.79,0
XRAY,test,NORMAL,NORMAL2-IM-0601-0001.jpeg,1906,1909,3638554,0.998,116.5,63.88,255,0,255,116.5,116.5,116.5,0
XRAY,test,NORMAL,NORMAL2-IM-0604-0001.jpeg,1700,1437,2442900,1.183,114.47,63.37,255,0,255,114.47,114.47,114.47,0
XRAY,test,NORMAL,NORMAL2-IM-0616-0001.jpeg,1456,1279,1862224,1.138,145.01,48.18,255,0,255,145.01,145.01,145.01,0
XRAY,test,NORMAL,NORMAL2-IM-0622-0001.jpeg,2114,1812,3830568,1.167,126.47,63.9,255,0,255,126.47,126.47,126.47,0
XRAY,test,NORMAL,NORMAL2-IM-0623-0001.jpeg,1808,1542,2787936,1.173,109.79,55.89,255,0,255,109.79,109.79,109.79,0
XRAY,test,NORMAL,NORMAL2-IM-0629-0001.jpeg,1558,1380,2150040,1.129,115.12,66.0,255,0,255,115.12,115.12,115.12,0
XRAY,test,NORMAL,NORMAL2-IM-0647-0001.jpeg,1682,1619,2723158,1.039,115.42,64.15,255,0,255,115.42,115.42,115.42,0
XRAY,test,NORMAL,NORMAL2-IM-0650-0001.jpeg,1528,1327,2027656,1.151,148.62,65.41,255,0,255,148.62,148.62,148.62,0
XRAY,test,NORMAL,NORMAL2-IM-0651-0001.jpeg,1955,1672,3268760,1.169,152.9,63.83,255,0,255,152.9,152.9,152.9,0
XRAY,test,NORMAL,NORMAL2-IM-0652-0001.jpeg,1422,1125,1599750,1.264,107.93,61.96,255,0,255,107.93,107.93,107.93,0
XRAY,test,NORMAL,NORMAL2-IM-0655-0001.jpeg,1802,1407,2535414,1.281,125.89,54.97,255,0,255,125.89,125.89,125.89,0
XRAY,test,NORMAL,NORMAL2-IM-0661-0001.jpeg,2144,2028,4348032,1.057,124.61,65.68,255,0,255,124.61,124.61,124.61,0
XRAY,test,NORMAL,NORMAL2-IM-0662-0001.jpeg,1418,1020,1446360,1.39,109.04,55.53,255,0,255,109.04,109.04,109.04,0
XRAY,test,NORMAL,NORMAL2-IM-0673-0001.jpeg,1616,1318,2129888,1.226,129.91,69.66,255,0,255,129.91,129.91,129.91,0
XRAY,test,NORMAL,NORMAL2-IM-0684-0001-0001.jpeg,1857,1815,3370455,1.023,156.18,64.17,255,0,255,156.18,156.18,156.18,0
XRAY,test,NORMAL,NORMAL2-IM-0698-0001.jpeg,1554,1245,1934730,1.248,123.7,57.58,255,0,255,123.7,123.7,123.7,0
XRAY,test,NORMAL,NORMAL2-IM-0705-0001.jpeg,1960,1648,3230080,1.189,126.19,57.7,255,0,255,126.19,126.19,126.19,0
XRAY,test,NORMAL,NORMAL2-IM-0725-0001.jpeg,1088,824,896512,1.32,114.22,55.3,255,0,255,114.22,114.22,114.22,0
XRAY,test,NORMAL,NORMAL2-IM-0775-0001.jpeg,1310,1136,1488160,1.153,114.94,61.89,255,0,255,114.94,114.94,114.94,0
XRAY,test,NORMAL,NORMAL2-IM-0777-0001.jpeg,1522,1407,2141454,1.082,121.49,63.03,255,0,255,121.49,121.49,121.49,0
XRAY,test,NORMAL,NORMAL2-IM-0793-0001.jpeg,2179,1604,3495116,1.358,100.46,76.17,255,0,255,100.46,100.46,100.46,0
XRAY,test,NORMAL,NORMAL2-IM-0798-0001.jpeg,1450,1051,1523950,1.38,97.19,62.13,255,0,255,97.19,97.19,97.19,0
XRAY,test,NORMAL,NORMAL2-IM-0809-0001.jpeg,1322,978,1292916,1.352,133.83,57.28,255,0,255,133.83,133.83,133.83,0
XRAY,test,NORMAL,NORMAL2-IM-0810-0001.jpeg,1638,1279,2095002,1.281,121.51,59.17,255,0,255,121.51,121.51,121.51,0
XRAY,test,NORMAL,NORMAL2-IM-0818-0001-0002.jpeg,1679,1914,3213606,0.877,126.9,69.68,255,0,255,126.9,126.9,126.9,0
XRAY,test,NORMAL,NORMAL2-IM-0818-0001.jpeg,1874,1670,3129580,1.122,134.28,60.5,255,0,255,134.28,134.28,134.28,0
XRAY,test,NORMAL,NORMAL2-IM-0820-0001.jpeg,1620,1438,2329560,1.127,116.93,70.21,255,0,255,116.93,116.93,116.93,0
XRAY,test,NORMAL,NORMAL2-IM-0824-0001.jpeg,1230,993,1221390,1.239,114.67,66.74,255,0,255,114.67,114.67,114.67,0
XRAY,test,NORMAL,NORMAL2-IM-0832-0001-0001.jpeg,1632,1186,1935552,1.376,116.99,72.85,255,0,255,116.99,116.99,116.99,0
XRAY,test,NORMAL,NORMAL2-IM-0836-0001.jpeg,1666,1507,2510662,1.106,120.8,65.04,255,0,255,120.8,120.8,120.8,0
XRAY,test,NORMAL,NORMAL2-IM-0837-0001.jpeg,1566,1248,1954368,1.255,128.01,65.99,255,0,255,128.01,128.01,128.01,0
XRAY,test,NORMAL,NORMAL2-IM-0853-0001.jpeg,1554,1151,1788654,1.35,126.85,65.34,255,0,255,126.85,126.85,126.85,0
XRAY,test,NORMAL,NORMAL2-IM-0870-0001.jpeg,1480,1228,1817440,1.205,113.67,60.65,255,0,255,113.67,113.67,113.67,0
XRAY,test,NORMAL,NORMAL2-IM-0871-0001.jpeg,1632,1260,2056320,1.295,122.07,69.21,255,0,255,122.07,122.07,122.07,0
XRAY,test,NORMAL,NORMAL2-IM-0898-0001.jpeg,1418,1078,1528604,1.315,117.78,59.75,255,0,255,117.78,117.78,117.78,0
XRAY,test,NORMAL,NORMAL2-IM-0903-0001.jpeg,1496,1155,1727880,1.295,121.47,66.89,255,0,255,121.47,121.47,121.47,0
XRAY,test,NORMAL,NORMAL2-IM-0904-0001.jpeg,2534,2169,5496246,1.168,160.44,64.42,255,0,255,160.44,160.44,160.44,0
XRAY,test,NORMAL,NORMAL2-IM-0905-0001.jpeg,1546,1307,2020622,1.183,131.08,60.54,255,0,255,131.08,131.08,131.08,0
XRAY,test,NORMAL,NORMAL2-IM-0906-0001.jpeg,1824,1565,2854560,1.165,126.16,59.09,255,0,255,126.16,126.16,126.16,0
XRAY,test,NORMAL,NORMAL2-IM-0908-0001.jpeg,1402,1105,1549210,1.269,127.3,63.5,255,0,255,127.3,127.3,127.3,0
XRAY,test,NORMAL,NORMAL2-IM-0909-0001.jpeg,1948,1905,3710940,1.023,141.16,61.45,255,0,255,141.16,141.16,141.16,0
XRAY,test,NORMAL,NORMAL2-IM-0924-0001.jpeg,1692,1364,2307888,1.24,101.8,56.39,255,0,255,101.8,101.8,101.8,0
XRAY,test,NORMAL,NORMAL2-IM-0927-0001.jpeg,2359,2234,5270006,1.056,124.39,56.33,255,0,255,124.39,124.39,124.39,0
XRAY,test,NORMAL,NORMAL2-IM-0934-0001.jpeg,1508,1349,2034292,1.118,119.07,61.91,255,0,255,119.07,119.07,119.07,0
XRAY,test,NORMAL,NORMAL2-IM-0951-0001.jpeg,1558,1279,1992682,1.218,108.82,55.82,255,0,255,108.82,108.82,108.82,0
XRAY,test,NORMAL,NORMAL2-IM-0974-0001.jpeg,1642,1507,2474494,1.09,107.32,63.27,255,0,255,107.32,107.32,107.32,0
XRAY,test,NORMAL,NORMAL2-IM-0976-0001.jpeg,1546,1236,1910856,1.251,97.18,64.02,255,0,255,97.18,97.18,97.18,0
XRAY,test,NORMAL,NORMAL2-IM-0978-0001.jpeg,1678,1129,1894462,1.486,114.27,62.75,255,0,255,114.27,114.27,114.27,0
XRAY,test,NORMAL,NORMAL2-IM-0979-0001.jpeg,1416,1079,1527864,1.312,116.65,68.16,255,0,255,116.65,116.65,116.65,0
XRAY,test,NORMAL,NORMAL2-IM-0981-0001.jpeg,1418,1137,1612266,1.247,115.21,63.08,255,0,255,115.21,115.21,115.21,0
XRAY,test,NORMAL,NORMAL2-IM-0983-0001-0001.jpeg,1882,1812,3410184,1.039,124.17,68.29,255,0,255,124.17,124.17,124.17,0
XRAY,test,NORMAL,NORMAL2-IM-0983-0001-0002.jpeg,1466,1178,1726948,1.244,118.05,64.26,255,0,255,118.05,118.05,118.05,0
XRAY,test,NORMAL,NORMAL2-IM-0988-0001.jpeg,1960,1920,3763200,1.021,124.02,67.86,255,0,255,124.02,124.02,124.02,0
XRAY,test,NORMAL,NORMAL2-IM-0993-0001.jpeg,1846,1488,2746848,1.241,130.13,64.84,255,0,255,130.13,130.13,130.13,0
XRAY,test,NORMAL,NORMAL2-IM-1004-0001.jpeg,1402,1117,1566034,1.255,129.79,56.34,255,0,255,129.79,129.79,129.79,0
XRAY,test,NORMAL,NORMAL2-IM-1014-0001.jpeg,1696,1542,2615232,1.1,130.42,60.91,255,0,255,130.42,130.42,130.42,0
XRAY,test,NORMAL,NORMAL2-IM-1015-0001.jpeg,1422,1066,1515852,1.334,108.71,58.61,255,0,255,108.71,108.71,108.71,0
XRAY,test,NORMAL,NORMAL2-IM-1020-0001-0002.jpeg,1870,1785,3337950,1.048,124.15,66.13,255,0,255,124.15,124.15,124.15,0
XRAY,test,NORMAL,NORMAL2-IM-1025-0001.jpeg,1740,1291,2246340,1.348,98.37,53.43,255,0,255,98.37,98.37,98.37,0
XRAY,test,NORMAL,NORMAL2-IM-1028-0001.jpeg,1850,1793,3317050,1.032,106.77,64.85,255,0,255,106.77,106.77,106.77,0
XRAY,test,NORMAL,NORMAL2-IM-1030-0001.jpeg,1646,1395,2296170,1.18,114.24,54.47,255,0,255,114.24,114.24,114.24,0
XRAY,test,NORMAL,NORMAL2-IM-1038-0001.jpeg,2309,2601,6005709,0.888,147.66,72.64,255,0,255,147.66,147.66,147.66,0
XRAY,test,NORMAL,NORMAL2-IM-1046-0001.jpeg,1542,1461,2252862,1.055,127.4,70.75,255,0,255,127.4,127.4,127.4,0
XRAY,test,NORMAL,NORMAL2-IM-1051-0001.jpeg,1400,1125,1575000,1.244,120.95,61.4,255,0,255,120.95,120.95,120.95,0
XRAY,test,NORMAL,NORMAL2-IM-1058-0001.jpeg,1608,1469,2362152,1.095,114.94,64.12,255,0,255,114.94,114.94,114.94,0
XRAY,test,NORMAL,NORMAL2-IM-1064-0001.jpeg,1880,1552,2917760,1.211,135.96,80.41,255,0,255,135.96,135.96,135.96,0
XRAY,test,NORMAL,NORMAL2-IM-1091-0001.jpeg,1512,1164,1759968,1.299,100.57,63.51,255,0,255,100.57,100.57,100.57,0
XRAY,test,NORMAL,NORMAL2-IM-1100-0001.jpeg,2098,1770,3713460,1.185,118.24,68.13,255,0,255,118.24,118.24,118.24,0
XRAY,test,NORMAL,NORMAL2-IM-1104-0001.jpeg,2268,1959,4443012,1.158,116.7,53.17,255,0,255,116.7,116.7,116.7,0
XRAY,test,NORMAL,NORMAL2-IM-1117-0001.jpeg,1466,1265,1854490,1.159,151.51,53.73,255,0,255,151.51,151.51,151.51,0
XRAY,test,NORMAL,NORMAL2-IM-1118-0001.jpeg,1304,1028,1340512,1.268,118.23,57.23,255,0,255,118.23,118.23,118.23,0
XRAY,test,NORMAL,NORMAL2-IM-1123-0001.jpeg,1384,950,1314800,1.457,122.88,58.97,255,0,255,122.88,122.88,122.88,0
XRAY,test,NORMAL,NORMAL2-IM-1126-0001.jpeg,1580,1410,2227800,1.121,141.45,55.32,255,0,255,141.45,141.45,141.45,0
XRAY,test,NORMAL,NORMAL2-IM-1127-0001.jpeg,1654,1291,2135314,1.281,100.44,67.17,255,0,255,100.44,100.44,100.44,0
XRAY,test,NORMAL,NORMAL2-IM-1131-0001.jpeg,1716,1353,2321748,1.268,117.69,65.89,255,0,255,117.69,117.69,117.69,0
XRAY,test,NORMAL,NORMAL2-IM-1132-0001.jpeg,1500,1194,1791000,1.256,110.01,66.14,255,0,255,110.01,110.01,110.01,0
XRAY,test,NORMAL,NORMAL2-IM-1142-0001-0002.jpeg,1516,1283,1945028,1.182,118.61,61.91,255,0,255,118.61,118.61,118.61,0
XRAY,test,NORMAL,NORMAL2-IM-1147-0001.jpeg,1890,1615,3052350,1.17,106.19,44.9,255,0,255,106.19,106.19,106.19,0
XRAY,test,NORMAL,NORMAL2-IM-1152-0001-0001.jpeg,1636,1433,2344388,1.142,132.9,58.36,255,0,255,132.9,132.9,132.9,0
XRAY,test,NORMAL,NORMAL2-IM-1152-0001-0002.jpeg,1562,1133,1769746,1.379,114.71,63.23,255,0,255,114.71,114.71,114.71,0
XRAY,test,NORMAL,NORMAL2-IM-1152-0001.jpeg,1472,1175,1729600,1.253,132.92,59.81,255,0,255,132.92,132.92,132.92,0
XRAY,test,NORMAL,NORMAL2-IM-1154-0001.jpeg,1744,1422,2479968,1.226,127.76,64.17,255,0,255,127.76,127.76,127.76,0
XRAY,test,NORMAL,NORMAL2-IM-1158-0001.jpeg,1716,1504,2580864,1.141,116.77,66.52,255,0,255,116.77,116.77,116.77,0
XRAY,test,NORMAL,NORMAL2-IM-1170-0001.jpeg,1666,1360,2265760,1.225,146.34,56.58,255,0,255,146.34,146.34,146.34,0
XRAY,test,NORMAL,NORMAL2-IM-1180-0001.jpeg,1696,1287,2182752,1.318,108.94,64.07,255,0,255,108.94,108.94,108.94,0
XRAY,test,NORMAL,NORMAL2-IM-1183-0001.jpeg,1836,1592,2922912,1.153,127.39,60.03,255,0,255,127.39,127.39,127.39,0
XRAY,test,NORMAL,NORMAL2-IM-1184-0001.jpeg,1464,1205,1764120,1.215,107.32,55.46,255,0,255,107.32,107.32,107.32,0
XRAY,test,NORMAL,NORMAL2-IM-1187-0001.jpeg,1692,1360,2301120,1.244,124.73,64.97,255,0,255,124.73,124.73,124.73,0
XRAY,test,NORMAL,NORMAL2-IM-1197-0001.jpeg,1608,1348,2167584,1.193,137.17,59.98,255,0,255,137.17,137.17,137.17,0
XRAY,test,NORMAL,NORMAL2-IM-1220-0001.jpeg,1596,1510,2409960,1.057,123.11,64.2,255,0,255,123.11,123.11,123.11,0
XRAY,test,NORMAL,NORMAL2-IM-1228-0001.jpeg,1306,994,1298164,1.314,116.61,63.4,255,0,255,116.61,116.61,116.61,0
XRAY,test,NORMAL,NORMAL2-IM-1234-0001.jpeg,2114,1681,3553634,1.258,119.43,64.21,255,0,255,119.43,119.43,119.43,0
XRAY,test,NORMAL,NORMAL2-IM-1243-0001.jpeg,2024,1963,3973112,1.031,143.04,58.04,255,0,255,143.04,143.04,143.04,0
XRAY,test,NORMAL,NORMAL2-IM-1261-0001.jpeg,1682,1380,2321160,1.219,113.89,63.11,255,0,255,113.89,113.89,113.89,0
XRAY,test,NORMAL,NORMAL2-IM-1266-0001-0001.jpeg,1654,1171,1936834,1.412,130.33,65.1,255,0,255,130.33,130.33,130.33,0
XRAY,test,NORMAL,NORMAL2-IM-1270-0001.jpeg,1246,951,1184946,1.31,115.12,58.56,255,0,255,115.12,115.12,115.12,0
XRAY,test,NORMAL,NORMAL2-IM-1272-0001.jpeg,1738,1296,2252448,1.341,119.81,66.71,255,0,255,119.81,119.81,119.81,0
XRAY,test,NORMAL,NORMAL2-IM-1276-0001.jpeg,1990,1666,3315340,1.194,145.48,55.44,255,0,255,145.48,145.48,145.48,0
XRAY,test,NORMAL,NORMAL2-IM-1277-0001-0002.jpeg,1742,1422,2477124,1.225,131.98,64.28,255,0,255,131.98,131.98,131.98,0
XRAY,test,NORMAL,NORMAL2-IM-1277-0001.jpeg,1724,1248,2151552,1.381,113.88,62.92,255,0,255,113.88,113.88,113.88,0
XRAY,test,NORMAL,NORMAL2-IM-1286-0001.jpeg,1526,1356,2069256,1.125,107.33,56.71,255,0,255,107.33,107.33,107.33,0
XRAY,test,NORMAL,NORMAL2-IM-1288-0001.jpeg,1836,1592,2922912,1.153,128.19,67.12,255,0,255,128.19,128.19,128.19,0
XRAY,test,NORMAL,NORMAL2-IM-1289-0001.jpeg,1944,1518,2950992,1.281,123.84,64.07,255,0,255,123.84,123.84,123.84,0
XRAY,test,NORMAL,NORMAL2-IM-1295-0001.jpeg,1690,1306,2207140,1.294,120.71,70.08,255,0,255,120.71,120.71,120.71,0
XRAY,test,NORMAL,NORMAL2-IM-1305-0001.jpeg,1140,846,964440,1.348,92.54,50.23,255,0,255,92.54,92.54,92.54,0
XRAY,test,NORMAL,NORMAL2-IM-1316-0001.jpeg,1928,1738,3350864,1.109,140.5,55.38,255,0,255,140.5,140.5,140.5,0
XRAY,test,NORMAL,NORMAL2-IM-1317-0001.jpeg,1242,1083,1345086,1.147,119.25,58.89,255,0,255,119.25,119.25,119.25,0
XRAY,test,NORMAL,NORMAL2-IM-1320-0001.jpeg,1430,1198,1713140,1.194,109.02,65.37,255,0,255,109.02,109.02,109.02,0
XRAY,test,NORMAL,NORMAL2-IM-1323-0001.jpeg,1588,1248,1981824,1.272,122.81,58.78,255,0,255,122.81,122.81,122.81,0
XRAY,test,NORMAL,NORMAL2-IM-1335-0001.jpeg,1450,1106,1603700,1.311,104.22,61.23,255,0,255,104.22,104.22,104.22,0
XRAY,test,NORMAL,NORMAL2-IM-1345-0001-0002.jpeg,1294,959,1240946,1.349,111.15,62.96,255,0,255,111.15,111.15,111.15,0
XRAY,test,NORMAL,NORMAL2-IM-1350-0001.jpeg,1704,1256,2140224,1.357,121.22,64.79,255,0,255,121.22,121.22,121.22,0
XRAY,test,NORMAL,NORMAL2-IM-1351-0001.jpeg,1874,1836,3440664,1.021,133.94,61.14,255,0,255,133.94,133.94,133.94,0
XRAY,test,NORMAL,NORMAL2-IM-1356-0001.jpeg,912,672,612864,1.357,129.72,67.13,255,0,255,129.72,129.72,129.72,0
XRAY,test,NORMAL,NORMAL2-IM-1396-0001.jpeg,1256,1032,1296192,1.217,122.02,55.13,255,0,255,122.02,122.02,122.02,0
XRAY,test,NORMAL,NORMAL2-IM-1419-0001.jpeg,976,800,780800,1.22,106.57,57.53,255,0,255,106.57,106.57,106.57,0
XRAY,test,NORMAL,NORMAL2-IM-1438-0001.jpeg,1328,1104,1466112,1.203,139.76,69.18,255,0,255,139.76,139.76,139.76,0
XRAY,test,PNEUMONIA,person1000_virus_1681.jpeg,1072,768,823296,1.396,127.36,57.41,255,0,255,127.36,127.36,127.36,0
XRAY,test,PNEUMONIA,person1005_virus_1688.jpeg,1216,792,963072,1.535,119.47,62.1,255,0,255,119.47,119.47,119.47,0
XRAY,test,PNEUMONIA,person1007_bacteria_2938.jpeg,992,776,769792,1.278,157.47,44.42,255,0,255,157.47,157.47,157.47,0
XRAY,test,PNEUMONIA,person1008_bacteria_2939.jpeg,1240,792,982080,1.566,140.41,53.06,255,0,255,140.41,140.41,140.41,0
XRAY,test,PNEUMONIA,person100_bacteria_478.jpeg,1128,624,703872,1.808,135.28,51.96,255,0,255,135.28,135.28,135.28,0
XRAY,test,PNEUMONIA,person100_bacteria_479.jpeg,904,552,499008,1.638,112.29,45.47,255,0,255,112.29,112.29,112.29,0
XRAY,test,PNEUMONIA,person1010_virus_1695.jpeg,502,307,154114,1.635,115.8,60.59,205,0,205,115.8,115.8,115.8,0
XRAY,test,PNEUMONIA,person1012_bacteria_2943.jpeg,992,680,674560,1.459,125.96,51.2,255,0,255,125.96,125.96,125.96,0
XRAY,test,PNEUMONIA,person1014_bacteria_2945.jpeg,1366,1044,1426104,1.308,109.24,69.8,255,0,255,109.24,109.24,109.24,0
XRAY,test,PNEUMONIA,person1018_bacteria_2949.jpeg,992,760,753920,1.305,123.3,47.78,255,0,255,123.3,123.3,123.3,0
XRAY,test,PNEUMONIA,person1018_virus_1706.jpeg,1280,784,1003520,1.633,125.07,71.4,255,0,255,125.07,125.07,125.07,0
XRAY,test,PNEUMONIA,person1020_bacteria_2951.jpeg,1136,712,808832,1.596,131.69,54.0,255,0,255,131.69,131.69,131.69,0
XRAY,test,PNEUMONIA,person1020_virus_1710.jpeg,1272,728,926016,1.747,134.34,67.57,255,0,255,134.34,134.34,134.34,0
XRAY,test,PNEUMONIA,person1022_virus_1712.jpeg,1584,1328,2103552,1.193,129.37,56.73,255,0,255,129.37,129.37,129.37,0
XRAY,test,PNEUMONIA,person1024_bacteria_2955.jpeg,1136,704,799744,1.614,115.08,51.43,255,0,255,115.08,115.08,115.08,0
XRAY,test,PNEUMONIA,person1024_virus_1716.jpeg,1288,816,1051008,1.578,118.34,67.16,255,0,255,118.34,118.34,118.34,0
XRAY,test,PNEUMONIA,person102_virus_189.jpeg,1612,1086,1750632,1.484,110.51,64.12,255,0,255,110.51,110.51,110.51,0
XRAY,test,PNEUMONIA,person1030_virus_1722.jpeg,1784,1184,2112256,1.507,119.27,59.6,255,0,255,119.27,119.27,119.27,0
XRAY,test,PNEUMONIA,person1035_bacteria_2969.jpeg,860,500,430000,1.72,133.25,34.48,164,27,191,133.25,133.25,133.25,0
XRAY,test,PNEUMONIA,person103_bacteria_490.jpeg,1206,871,1050426,1.385,89.73,69.25,255,0,255,89.73,89.73,89.73,0
XRAY,test,PNEUMONIA,person1040_bacteria_2974.jpeg,1467,1044,1531548,1.405,102.56,66.63,255,0,255,102.56,102.56,102.56,0
XRAY,test,PNEUMONIA,person1043_virus_1738.jpeg,1160,768,890880,1.51,107.08,68.8,255,0,255,107.08,107.08,107.08,0
XRAY,test,PNEUMONIA,person1051_bacteria_2985.jpeg,1088,728,792064,1.495,148.88,41.86,255,0,255,148.88,148.88,148.88,0
XRAY,test,PNEUMONIA,person1053_bacteria_2987.jpeg,1016,696,707136,1.46,128.07,56.65,255,0,255,128.07,128.07,128.07,0
XRAY,test,PNEUMONIA,person1057_bacteria_2991.jpeg,1400,910,1274000,1.538,104.39,61.34,255,0,255,104.39,104.39,104.39,0
XRAY,test,PNEUMONIA,person1063_bacteria_2997.jpeg,1232,976,1202432,1.262,127.53,53.32,255,0,255,127.53,127.53,127.53,0
XRAY,test,PNEUMONIA,person1069_bacteria_3003.jpeg,1248,1016,1267968,1.228,144.98,56.36,255,0,255,144.98,144.98,144.98,0
XRAY,test,PNEUMONIA,person1069_virus_1772.jpeg,1408,792,1115136,1.778,130.02,73.64,255,0,255,130.02,130.02,130.02,0
XRAY,test,PNEUMONIA,person1073_bacteria_3011.jpeg,1016,680,690880,1.494,154.04,51.35,255,0,255,154.04,154.04,154.04,0
XRAY,test,PNEUMONIA,person1074_bacteria_3014.jpeg,992,520,515840,1.908,153.88,49.78,255,0,255,153.88,153.88,153.88,0
XRAY,test,PNEUMONIA,person1075_bacteria_3015.jpeg,1690,1267,2141230,1.334,102.22,64.77,255,0,255,102.22,102.22,102.22,0
XRAY,test,PNEUMONIA,person1078_bacteria_3018.jpeg,1072,840,900480,1.276,129.54,59.03,255,0,255,129.54,129.54,129.54,0
XRAY,test,PNEUMONIA,person1081_bacteria_3021.jpeg,944,560,528640,1.686,140.6,44.8,255,0,255,140.6,140.6,140.6,0
XRAY,test,PNEUMONIA,person1083_virus_1795.jpeg,1152,696,801792,1.655,133.35,60.58,255,0,255,133.35,133.35,133.35,0
XRAY,test,PNEUMONIA,person1085_bacteria_3025.jpeg,1080,752,812160,1.436,117.72,50.41,255,0,255,117.72,117.72,117.72,0
XRAY,test,PNEUMONIA,person108_bacteria_504.jpeg,1336,1040,1389440,1.285,141.26,64.38,255,0,255,141.26,141.26,141.26,0
XRAY,test,PNEUMONIA,person108_virus_199.jpeg,2064,1632,3368448,1.265,173.3,24.26,255,0,255,173.3,173.3,173.3,0
XRAY,test,PNEUMONIA,person108_virus_200.jpeg,2048,1448,2965504,1.414,103.47,37.56,255,0,255,103.47,103.47,103.47,0
XRAY,test,PNEUMONIA,person1091_virus_1810.jpeg,976,512,499712,1.906,111.11,62.13,255,0,255,111.11,111.11,111.11,0
XRAY,test,PNEUMONIA,person1092_virus_1811.jpeg,1352,960,1297920,1.408,140.26,66.42,255,0,255,140.26,140.26,140.26,0
XRAY,test,PNEUMONIA,person109_bacteria_513.jpeg,976,696,679296,1.402,121.03,52.09,255,0,255,121.03,121.03,121.03,0
XRAY,test,PNEUMONIA,person109_bacteria_522.jpeg,1112,736,818432,1.511,95.13,62.41,255,0,255,95.13,95.13,95.13,0
XRAY,test,PNEUMONIA,person10_virus_35.jpeg,1488,1136,1690368,1.31,142.54,46.53,255,0,255,142.54,142.54,142.54,0
XRAY,test,PNEUMONIA,person1103_virus_1825.jpeg,1616,872,1409152,1.853,99.2,72.19,255,0,255,99.2,99.2,99.2,0
XRAY,test,PNEUMONIA,person110_virus_207.jpeg,1168,784,915712,1.49,134.72,53.23,255,0,255,134.72,134.72,134.72,0
XRAY,test,PNEUMONIA,person1115_bacteria_3056.jpeg,1312,888,1165056,1.477,99.62,50.61,255,0,255,99.62,99.62,99.62,0
XRAY,test,PNEUMONIA,person111_bacteria_535.jpeg,888,536,475968,1.657,121.37,50.73,255,0,255,121.37,121.37,121.37,0
XRAY,test,PNEUMONIA,person111_bacteria_537.jpeg,1130,666,752580,1.697,130.9,56.31,255,0,255,130.9,130.9,130.9,0
XRAY,test,PNEUMONIA,person111_virus_210.jpeg,1568,1504,2358272,1.043,104.94,59.1,255,0,255,104.94,104.94,104.94,0
XRAY,test,PNEUMONIA,person1121_virus_1846.jpeg,1320,736,971520,1.793,137.79,60.37,255,0,255,137.79,137.79,137.79,0
XRAY,test,PNEUMONIA,person1133_virus_1865.jpeg,722,427,308294,1.691,144.06,46.25,243,0,243,144.06,144.06,144.06,0
XRAY,test,PNEUMONIA,person1134_bacteria_3076.jpeg,1008,656,661248,1.537,104.73,46.56,255,0,255,104.73,104.73,104.73,0
XRAY,test,PNEUMONIA,person1138_virus_1879.jpeg,1560,792,1235520,1.97,100.95,49.58,255,0,255,100.95,100.95,100.95,0
XRAY,test,PNEUMONIA,person113_bacteria_542.jpeg,1088,768,835584,1.417,133.15,51.78,255,0,255,133.15,133.15,133.15,0
XRAY,test,PNEUMONIA,person1140_virus_1885.jpeg,1330,844,1122520,1.576,108.68,54.5,255,0,255,108.68,108.68,108.68,0
XRAY,test,PNEUMONIA,person1145_bacteria_3090.jpeg,976,672,655872,1.452,122.49,45.44,255,0,255,122.49,122.49,122.49,0
XRAY,test,PNEUMONIA,person1145_virus_1902.jpeg,1128,720,812160,1.567,127.06,55.04,255,0,255,127.06,127.06,127.06,0
XRAY,test,PNEUMONIA,person1145_virus_1905.jpeg,1056,672,709632,1.571,130.23,53.48,255,0,255,130.23,130.23,130.23,0
XRAY,test,PNEUMONIA,person1147_virus_1917.jpeg,1624,1944,3157056,0.835,126.2,59.26,255,0,255,126.2,126.2,126.2,0
XRAY,test,PNEUMONIA,person1149_virus_1924.jpeg,1432,1024,1466368,1.398,156.33,56.91,255,0,255,156.33,156.33,156.33,0
XRAY,test,PNEUMONIA,person114_bacteria_545.jpeg,1328,920,1221760,1.443,108.62,57.0,255,0,255,108.62,108.62,108.62,0
XRAY,test,PNEUMONIA,person1151_virus_1928.jpeg,1604,1462,2345048,1.097,115.31,65.6,254,0,254,115.31,115.31,115.31,0
XRAY,test,PNEUMONIA,person1153_virus_1932.jpeg,1118,712,796016,1.57,115.25,52.15,255,0,255,115.25,115.25,115.25,0
XRAY,test,PNEUMONIA,person1154_virus_1933.jpeg,1574,1164,1832136,1.352,121.03,62.95,255,0,255,121.03,121.03,121.03,0
XRAY,test,PNEUMONIA,person1156_virus_1935.jpeg,1458,944,1376352,1.544,108.18,58.7,255,0,255,108.18,108.18,108.18,0
XRAY,test,PNEUMONIA,person1157_virus_1937.jpeg,1152,720,829440,1.6,125.75,56.07,255,0,255,125.75,125.75,125.75,0
XRAY,test,PNEUMONIA,person1158_bacteria_3103.jpeg,1596,1148,1832208,1.39,115.04,61.14,255,0,255,115.04,115.04,115.04,0
XRAY,test,PNEUMONIA,person115_virus_218.jpeg,1568,1192,1869056,1.315,154.93,56.03,255,0,255,154.93,154.93,154.93,0
XRAY,test,PNEUMONIA,person1162_virus_1949.jpeg,1148,689,790972,1.666,97.9,39.38,255,0,255,97.9,97.9,97.9,0
XRAY,test,PNEUMONIA,person1163_virus_1951.jpeg,1468,913,1340284,1.608,123.47,70.01,255,0,255,123.47,123.47,123.47,0
XRAY,test,PNEUMONIA,person1164_bacteria_3110.jpeg,1362,844,1149528,1.614,88.58,51.55,255,0,255,88.58,88.58,88.58,0
XRAY,test,PNEUMONIA,person1164_virus_1952.jpeg,1472,960,1413120,1.533,103.74,44.64,255,0,255,103.74,103.74,103.74,0
XRAY,test,PNEUMONIA,person1164_virus_1956.jpeg,1480,1392,2060160,1.063,128.89,57.82,255,0,255,128.89,128.89,128.89,0
XRAY,test,PNEUMONIA,person1164_virus_1957.jpeg,1512,1088,1645056,1.39,146.66,55.65,255,0,255,146.66,146.66,146.66,0
XRAY,test,PNEUMONIA,person1165_virus_1959.jpeg,923,586,540878,1.575,124.0,35.62,195,0,195,124.0,124.0,124.0,0
XRAY,test,PNEUMONIA,person1167_bacteria_3113.jpeg,790,519,410010,1.522,142.63,34.64,201,0,201,142.63,142.63,142.63,0
XRAY,test,PNEUMONIA,person1169_virus_1968.jpeg,1192,856,1020352,1.393,117.98,51.14,255,0,255,117.98,117.98,117.98,0
XRAY,test,PNEUMONIA,person1172_virus_1977.jpeg,1592,1384,2203328,1.15,108.73,52.04,255,0,255,108.73,108.73,108.73,0
XRAY,test,PNEUMONIA,person1177_virus_2000.jpeg,1088,608,661504,1.789,102.11,45.41,255,0,255,102.11,102.11,102.11,0
XRAY,test,PNEUMONIA,person1179_bacteria_3127.jpeg,1430,963,1377090,1.485,112.68,56.68,255,0,255,112.68,112.68,112.68,0
XRAY,test,PNEUMONIA,person1179_virus_2006.jpeg,1226,624,765024,1.965,117.31,48.42,255,0,255,117.31,117.31,117.31,0
XRAY,test,PNEUMONIA,person1180_virus_2007.jpeg,1048,696,729408,1.506,74.7,37.7,255,0,255,74.7,74.7,74.7,0
XRAY,test,PNEUMONIA,person1180_virus_2010.jpeg,1024,712,729088,1.438,74.98,40.93,255,0,255,74.98,74.98,74.98,0
XRAY,test,PNEUMONIA,person1180_virus_2012.jpeg,968,744,720192,1.301,85.42,44.83,255,0,255,85.42,85.42,85.42,0
XRAY,test,PNEUMONIA,person1180_virus_2015.jpeg,1086,898,975228,1.209,119.03,67.22,255,0,255,119.03,119.03,119.03,0
XRAY,test,PNEUMONIA,person1186_virus_2021.jpeg,925,635,587375,1.457,143.85,42.39,222,0,222,143.85,143.85,143.85,0
XRAY,test,PNEUMONIA,person118_bacteria_560.jpeg,1088,600,652800,1.813,77.69,43.87,255,0,255,77.69,77.69,77.69,0
XRAY,test,PNEUMONIA,person1192_bacteria_3141.jpeg,1160,929,1077640,1.249,108.75,47.97,255,0,255,108.75,108.75,108.75,0
XRAY,test,PNEUMONIA,person1194_bacteria_3143.jpeg,1008,584,588672,1.726,112.14,45.66,255,0,255,112.14,112.14,112.14,0
XRAY,test,PNEUMONIA,person1199_bacteria_3149.jpeg,1628,1442,2347576,1.129,125.38,61.33,255,0,255,125.38,125.38,125.38,0
XRAY,test,PNEUMONIA,person119_bacteria_567.jpeg,1210,859,1039390,1.409,102.58,59.7,255,0,255,102.58,102.58,102.58,0
XRAY,test,PNEUMONIA,person11_virus_38.jpeg,1496,960,1436160,1.558,106.01,49.74,255,0,255,106.01,106.01,106.01,0
XRAY,test,PNEUMONIA,person1207_bacteria_3159.jpeg,1008,688,693504,1.465,110.66,44.38,255,0,255,110.66,110.66,110.66,0
XRAY,test,PNEUMONIA,person1211_bacteria_3163.jpeg,1368,1141,1560888,1.199,120.75,73.46,255,0,255,120.75,120.75,120.75,0
XRAY,test,PNEUMONIA,person1214_bacteria_3166.jpeg,1816,1110,2015760,1.636,91.87,53.56,255,0,255,91.87,91.87,91.87,0
XRAY,test,PNEUMONIA,person1215_bacteria_3167.jpeg,1264,848,1071872,1.491,120.59,48.02,255,0,255,120.59,120.59,120.59,0
XRAY,test,PNEUMONIA,person1216_bacteria_3168.jpeg,1827,1044,1907388,1.75,89.5,70.3,255,0,255,89.5,89.5,89.5,0
XRAY,test,PNEUMONIA,person1217_virus_2063.jpeg,1080,728,786240,1.484,151.55,50.64,255,0,255,151.55,151.55,151.55,0
XRAY,test,PNEUMONIA,person121_bacteria_575.jpeg,1072,632,677504,1.696,135.39,50.28,255,0,255,135.39,135.39,135.39,0
XRAY,test,PNEUMONIA,person1228_bacteria_3183.jpeg,1136,648,736128,1.753,117.29,54.22,255,0,255,117.29,117.29,117.29,0
XRAY,test,PNEUMONIA,person122_bacteria_583.jpeg,936,632,591552,1.481,109.16,47.31,255,0,255,109.16,109.16,109.16,0
XRAY,test,PNEUMONIA,person122_bacteria_586.jpeg,864,496,428544,1.742,115.72,56.94,255,0,255,115.72,115.72,115.72,0
XRAY,test,PNEUMONIA,person1234_virus_2093.jpeg,1576,944,1487744,1.669,125.81,78.5,255,0,255,125.81,125.81,125.81,0
XRAY,test,PNEUMONIA,person1236_virus_2096.jpeg,1360,952,1294720,1.429,150.3,71.3,255,0,255,150.3,150.3,150.3,0
XRAY,test,PNEUMONIA,person1241_virus_2106.jpeg,1056,632,667392,1.671,91.29,63.31,255,0,255,91.29,91.29,91.29,0
XRAY,test,PNEUMONIA,person1242_bacteria_3198.jpeg,1546,1210,1870660,1.278,107.72,72.39,255,0,255,107.72,107.72,107.72,0
XRAY,test,PNEUMONIA,person1243_bacteria_3199.jpeg,1633,1080,1763640,1.512,107.67,71.1,255,0,255,107.67,107.67,107.67,0
XRAY,test,PNEUMONIA,person1243_virus_2110.jpeg,1312,1024,1343488,1.281,141.53,71.64,255,0,255,141.53,141.53,141.53,0
XRAY,test,PNEUMONIA,person124_virus_231.jpeg,1360,1208,1642880,1.126,122.77,77.26,255,0,255,122.77,122.77,122.77,0
XRAY,test,PNEUMONIA,person124_virus_242.jpeg,1416,1072,1517952,1.321,118.01,57.75,255,0,255,118.01,118.01,118.01,0
XRAY,test,PNEUMONIA,person124_virus_246.jpeg,1296,888,1150848,1.459,122.85,51.5,255,0,255,122.85,122.85,122.85,0
XRAY,test,PNEUMONIA,person124_virus_250.jpeg,1304,968,1262272,1.347,134.3,46.95,255,0,255,134.3,134.3,134.3,0
XRAY,test,PNEUMONIA,person1253_bacteria_3211.jpeg,711,537,381807,1.324,141.06,40.01,203,0,203,141.06,141.06,141.06,0
XRAY,test,PNEUMONIA,person1253_virus_2129.jpeg,1064,632,672448,1.684,113.4,70.77,255,0,255,113.4,113.4,113.4,0
XRAY,test,PNEUMONIA,person1257_bacteria_3215.jpeg,816,576,470016,1.417,111.79,51.03,255,0,255,111.79,111.79,111.79,0
XRAY,test,PNEUMONIA,person125_bacteria_594.jpeg,1072,704,754688,1.523,106.54,45.68,255,0,255,106.54,106.54,106.54,0
XRAY,test,PNEUMONIA,person1261_virus_2147.jpeg,1184,808,956672,1.465,131.36,44.61,255,0,255,131.36,131.36,131.36,0
XRAY,test,PNEUMONIA,person1267_virus_2160.jpeg,1144,720,823680,1.589,123.36,66.87,255,0,255,123.36,123.36,123.36,0
XRAY,test,PNEUMONIA,person1268_bacteria_3227.jpeg,1168,1024,1196032,1.141,136.84,53.73,255,0,255,136.84,136.84,136.84,0
XRAY,test,PNEUMONIA,person1268_bacteria_3228.jpeg,1256,864,1085184,1.454,145.48,59.87,255,0,255,145.48,145.48,145.48,0
XRAY,test,PNEUMONIA,person1269_virus_2162.jpeg,1304,864,1126656,1.509,125.29,71.92,255,0,255,125.29,125.29,125.29,0
XRAY,test,PNEUMONIA,person126_bacteria_599.jpeg,856,592,506752,1.446,128.95,53.48,255,0,255,128.95,128.95,128.95,0
XRAY,test,PNEUMONIA,person126_virus_255.jpeg,1416,1432,2027712,0.989,150.26,50.36,255,0,255,150.26,150.26,150.26,0
XRAY,test,PNEUMONIA,person1272_bacteria_3232.jpeg,1164,836,973104,1.392,125.58,65.75,255,0,255,125.58,125.58,125.58,0
XRAY,test,PNEUMONIA,person1272_virus_2190.jpeg,1264,832,1051648,1.519,122.79,72.34,255,0,255,122.79,122.79,122.79,0
XRAY,test,PNEUMONIA,person1273_virus_2191.jpeg,1376,1080,1486080,1.274,138.52,65.23,255,0,255,138.52,138.52,138.52,0
XRAY,test,PNEUMONIA,person127_bacteria_604.jpeg,1300,812,1055600,1.601,105.63,66.26,255,0,255,105.63,105.63,105.63,0
XRAY,test,PNEUMONIA,person1286_bacteria_3249.jpeg,1072,504,540288,2.127,144.68,48.54,255,0,255,144.68,144.68,144.68,0
XRAY,test,PNEUMONIA,person1288_bacteria_3251.jpeg,1184,664,786176,1.783,142.3,49.65,255,0,255,142.3,142.3,142.3,0
XRAY,test,PNEUMONIA,person128_bacteria_605.jpeg,1000,600,600000,1.667,118.95,54.38,255,0,255,118.95,118.95,118.95,0
XRAY,test,PNEUMONIA,person1292_bacteria_3255.jpeg,1032,536,553152,1.925,161.55,45.85,255,0,255,161.55,161.55,161.55,0
XRAY,test,PNEUMONIA,person1298_virus_2226.jpeg,1288,880,1133440,1.464,122.76,72.5,255,0,255,122.76,122.76,122.76,0
XRAY,test,PNEUMONIA,person12_bacteria_47.jpeg,1264,1152,1456128,1.097,118.73,45.5,255,0,255,118.73,118.73,118.73,0
XRAY,test,PNEUMONIA,person12_bacteria_48.jpeg,1736,1365,2369640,1.272,127.6,59.95,255,0,255,127.6,127.6,127.6,0
XRAY,test,PNEUMONIA,person1303_bacteria_3267.jpeg,671,393,263703,1.707,147.56,23.36,199,10,209,147.56,147.56,147.56,0
XRAY,test,PNEUMONIA,person1305_bacteria_3271.jpeg,1144,600,686400,1.907,131.45,58.47,255,0,255,131.45,131.45,131.45,0
XRAY,test,PNEUMONIA,person1306_bacteria_3276.jpeg,1120,568,636160,1.972,117.76,57.8,255,0,255,117.76,117.76,117.76,0
XRAY,test,PNEUMONIA,person1307_bacteria_3278.jpeg,1328,936,1243008,1.419,132.82,68.74,255,0,255,132.82,132.82,132.82,0
XRAY,test,PNEUMONIA,person1307_virus_2251.jpeg,1504,1016,1528064,1.48,135.61,74.33,255,0,255,135.61,135.61,135.61,0
XRAY,test,PNEUMONIA,person1308_bacteria_3283.jpeg,1496,984,1472064,1.52,141.25,65.71,255,0,255,141.25,141.25,141.25,0
XRAY,test,PNEUMONIA,person1310_bacteria_3301.jpeg,1280,752,962560,1.702,132.0,54.84,255,0,255,132.0,132.0,132.0,0
XRAY,test,PNEUMONIA,person1312_virus_2261.jpeg,1432,936,1340352,1.53,136.74,73.98,255,0,255,136.74,136.74,136.74,0
XRAY,test,PNEUMONIA,person1317_bacteria_3332.jpeg,679,542,368018,1.253,133.21,38.96,214,0,214,133.21,133.21,133.21,0
XRAY,test,PNEUMONIA,person1317_virus_2273.jpeg,1200,784,940800,1.531,133.48,67.46,255,0,255,133.48,133.48,133.48,0
XRAY,test,PNEUMONIA,person1318_bacteria_3335.jpeg,1848,1472,2720256,1.255,152.07,49.36,255,0,255,152.07,152.07,152.07,0
XRAY,test,PNEUMONIA,person1319_virus_2276.jpeg,1096,696,762816,1.575,120.25,74.25,255,0,255,120.25,120.25,120.25,0
XRAY,test,PNEUMONIA,person1320_bacteria_3339.jpeg,1512,1152,1741824,1.312,126.88,71.84,255,0,255,126.88,126.88,126.88,0
XRAY,test,PNEUMONIA,person1320_virus_2277.jpeg,1008,568,572544,1.775,119.92,77.98,255,0,255,119.92,119.92,119.92,0
XRAY,test,PNEUMONIA,person1323_bacteria_3363.jpeg,1800,1384,2491200,1.301,163.61,44.29,255,0,255,163.61,163.61,163.61,0
XRAY,test,PNEUMONIA,person1325_bacteria_3366.jpeg,749,459,343791,1.632,111.72,65.37,228,0,228,111.72,111.72,111.72,0
XRAY,test,PNEUMONIA,person1327_bacteria_3373.jpeg,1448,1080,1563840,1.341,132.68,54.93,255,0,255,132.68,132.68,132.68,0
XRAY,test,PNEUMONIA,person1331_bacteria_3380.jpeg,976,680,663680,1.435,106.24,68.18,255,0,255,106.24,106.24,106.24,0
XRAY,test,PNEUMONIA,person1338_bacteria_3397.jpeg,1472,1048,1542656,1.405,135.9,82.74,255,0,255,135.9,135.9,135.9,0
XRAY,test,PNEUMONIA,person1339_bacteria_3399.jpeg,1344,712,956928,1.888,114.85,75.48,255,0,255,114.85,114.85,114.85,0
XRAY,test,PNEUMONIA,person1339_bacteria_3402.jpeg,1208,672,811776,1.798,122.79,48.03,255,0,255,122.79,122.79,122.79,0
XRAY,test,PNEUMONIA,person1341_bacteria_3406.jpeg,1088,544,591872,2.0,129.75,80.85,255,0,255,129.75,129.75,129.75,0
XRAY,test,PNEUMONIA,person1342_bacteria_3407.jpeg,1048,648,679104,1.617,121.48,65.46,255,0,255,121.48,121.48,121.48,0
XRAY,test,PNEUMONIA,person1343_bacteria_3415.jpeg,1376,1120,1541120,1.229,156.02,59.08,255,0,255,156.02,156.02,156.02,0
XRAY,test,PNEUMONIA,person1343_bacteria_3419.jpeg,1216,712,865792,1.708,127.05,69.6,255,0,255,127.05,127.05,127.05,0
XRAY,test,PNEUMONIA,person1344_virus_2319.jpeg,992,560,555520,1.771,105.76,68.33,255,0,255,105.76,105.76,105.76,0
XRAY,test,PNEUMONIA,person1345_bacteria_3424.jpeg,1320,856,1129920,1.542,136.78,56.5,255,0,255,136.78,136.78,136.78,0
XRAY,test,PNEUMONIA,person1345_bacteria_3427.jpeg,1464,1048,1534272,1.397,134.33,63.28,255,0,255,134.33,134.33,134.33,0
XRAY,test,PNEUMONIA,person1345_bacteria_3428.jpeg,1408,848,1193984,1.66,147.38,62.98,255,0,255,147.38,147.38,147.38,0
XRAY,test,PNEUMONIA,person1345_virus_2321.jpeg,1272,840,1068480,1.514,150.08,65.93,255,0,255,150.08,150.08,150.08,0
XRAY,test,PNEUMONIA,person1348_virus_2324.jpeg,1432,1008,1443456,1.421,151.71,57.51,255,0,255,151.71,151.71,151.71,0
XRAY,test,PNEUMONIA,person134_bacteria_640.jpeg,1256,856,1075136,1.467,118.88,51.03,255,0,255,118.88,118.88,118.88,0
XRAY,test,PNEUMONIA,person134_bacteria_641.jpeg,1280,872,1116160,1.468,152.73,50.43,255,0,255,152.73,152.73,152.73,0
XRAY,test,PNEUMONIA,person1351_virus_2330.jpeg,1224,776,949824,1.577,133.33,63.17,255,0,255,133.33,133.33,133.33,0
XRAY,test,PNEUMONIA,person1354_bacteria_3448.jpeg,1312,936,1228032,1.402,130.31,71.26,255,0,255,130.31,130.31,130.31,0
XRAY,test,PNEUMONIA,person1358_virus_2339.jpeg,1760,1360,2393600,1.294,145.1,70.15,255,0,255,145.1,145.1,145.1,0
XRAY,test,PNEUMONIA,person135_bacteria_646.jpeg,1056,616,650496,1.714,111.48,41.92,255,0,255,111.48,111.48,111.48,0
XRAY,test,PNEUMONIA,person1361_bacteria_3477.jpeg,1192,760,905920,1.568,154.35,66.47,255,0,255,154.35,154.35,154.35,0
XRAY,test,PNEUMONIA,person1363_bacteria_3484.jpeg,1216,872,1060352,1.394,142.11,67.59,255,0,255,142.11,142.11,142.11,0
XRAY,test,PNEUMONIA,person1368_virus_2353.jpeg,1320,1048,1383360,1.26,166.94,51.2,255,0,255,166.94,166.94,166.94,0
XRAY,test,PNEUMONIA,person136_bacteria_648.jpeg,1068,720,768960,1.483,96.33,49.22,255,0,255,96.33,96.33,96.33,0
XRAY,test,PNEUMONIA,person136_bacteria_650.jpeg,936,528,494208,1.773,112.76,48.28,255,0,255,112.76,112.76,112.76,0
XRAY,test,PNEUMONIA,person1372_bacteria_3499.jpeg,1688,1392,2349696,1.213,154.82,58.05,255,0,255,154.82,154.82,154.82,0
XRAY,test,PNEUMONIA,person1376_bacteria_3511.jpeg,1416,856,1212096,1.654,131.68,73.41,255,0,255,131.68,131.68,131.68,0
XRAY,test,PNEUMONIA,person1381_bacteria_3516.jpeg,1944,1560,3032640,1.246,115.1,62.92,255,0,255,115.1,115.1,115.1,0
XRAY,test,PNEUMONIA,person1381_virus_2375.jpeg,1352,840,1135680,1.61,133.39,62.85,255,0,255,133.39,133.39,133.39,0
XRAY,test,PNEUMONIA,person1384_bacteria_3522.jpeg,1104,848,936192,1.302,141.65,61.79,255,0,255,141.65,141.65,141.65,0
XRAY,test,PNEUMONIA,person1385_bacteria_3524.jpeg,1288,784,1009792,1.643,124.93,78.47,255,0,255,124.93,124.93,124.93,0
XRAY,test,PNEUMONIA,person1385_virus_2380.jpeg,1320,856,1129920,1.542,141.97,76.27,255,0,255,141.97,141.97,141.97,0
XRAY,test,PNEUMONIA,person1390_bacteria_3534.jpeg,1128,688,776064,1.64,103.7,73.34,255,0,255,103.7,103.7,103.7,0
XRAY,test,PNEUMONIA,person1396_bacteria_3545.jpeg,1160,856,992960,1.355,142.29,69.89,255,0,255,142.29,142.29,142.29,0
XRAY,test,PNEUMONIA,person1399_bacteria_3549.jpeg,1696,1432,2428672,1.184,159.32,69.44,255,0,255,159.32,159.32,159.32,0
XRAY,test,PNEUMONIA,person139_bacteria_663.jpeg,920,920,846400,1.0,123.12,53.5,255,0,255,123.12,123.12,123.12,0
XRAY,test,PNEUMONIA,person139_bacteria_665.jpeg,928,736,683008,1.261,118.13,53.47,255,0,255,118.13,118.13,118.13,0
XRAY,test,PNEUMONIA,person139_bacteria_666.jpeg,1260,1029,1296540,1.224,115.85,70.23,255,0,255,115.85,115.85,115.85,0
XRAY,test,PNEUMONIA,person1400_bacteria_3554.jpeg,1576,960,1512960,1.642,137.71,56.7,255,0,255,137.71,137.71,137.71,0
XRAY,test,PNEUMONIA,person1406_bacteria_3574.jpeg,1304,824,1074496,1.583,124.06,51.79,255,0,255,124.06,124.06,124.06,0
XRAY,test,PNEUMONIA,person1407_virus_2410.jpeg,1208,776,937408,1.557,127.02,66.55,255,0,255,127.02,127.02,127.02,0
XRAY,test,PNEUMONIA,person140_bacteria_667.jpeg,992,792,785664,1.253,99.82,46.74,255,0,255,99.82,99.82,99.82,0
XRAY,test,PNEUMONIA,person1411_bacteria_3601.jpeg,1808,1352,2444416,1.337,176.95,58.43,255,0,255,176.95,176.95,176.95,0
XRAY,test,PNEUMONIA,person1412_bacteria_3612.jpeg,1256,784,984704,1.602,133.57,73.2,255,0,255,133.57,133.57,133.57,0
XRAY,test,PNEUMONIA,person1413_bacteria_3617.jpeg,1440,856,1232640,1.682,135.02,53.16,255,0,255,135.02,135.02,135.02,0
XRAY,test,PNEUMONIA,person1418_bacteria_3637.jpeg,1216,1032,1254912,1.178,114.01,47.28,255,0,255,114.01,114.01,114.01,0
XRAY,test,PNEUMONIA,person1424_bacteria_3651.jpeg,1192,872,1039424,1.367,109.45,50.73,255,0,255,109.45,109.45,109.45,0
XRAY,test,PNEUMONIA,person1424_virus_2437.jpeg,1152,664,764928,1.735,126.98,65.85,255,0,255,126.98,126.98,126.98,0
XRAY,test,PNEUMONIA,person1426_virus_2439.jpeg,952,584,555968,1.63,92.91,54.19,255,0,255,92.91,92.91,92.91,0
XRAY,test,PNEUMONIA,person1427_virus_2441.jpeg,1712,1136,1944832,1.507,142.83,71.84,255,0,255,142.83,142.83,142.83,0
XRAY,test,PNEUMONIA,person1429_bacteria_3690.jpeg,1688,1528,2579264,1.105,169.28,48.18,255,0,255,169.28,169.28,169.28,0
XRAY,test,PNEUMONIA,person1430_bacteria_3694.jpeg,976,568,554368,1.718,110.16,66.43,255,0,255,110.16,110.16,110.16,0
XRAY,test,PNEUMONIA,person1430_virus_2444.jpeg,1200,864,1036800,1.389,145.43,68.08,255,0,255,145.43,145.43,145.43,0
XRAY,test,PNEUMONIA,person1433_bacteria_3704.jpeg,1240,824,1021760,1.505,159.38,46.15,255,0,255,159.38,159.38,159.38,0
XRAY,test,PNEUMONIA,person1438_virus_2452.jpeg,1088,592,644096,1.838,111.89,66.51,255,0,255,111.89,111.89,111.89,0
XRAY,test,PNEUMONIA,person1439_virus_2453.jpeg,968,576,557568,1.681,132.39,61.54,255,0,255,132.39,132.39,132.39,0
XRAY,test,PNEUMONIA,person143_bacteria_687.jpeg,944,744,702336,1.269,89.46,47.15,255,0,255,89.46,89.46,89.46,0
XRAY,test,PNEUMONIA,person143_virus_289.jpeg,1368,992,1357056,1.379,141.46,61.2,255,0,255,141.46,141.46,141.46,0
XRAY,test,PNEUMONIA,person1440_bacteria_3723.jpeg,1272,984,1251648,1.293,145.85,62.73,255,0,255,145.85,145.85,145.85,0
XRAY,test,PNEUMONIA,person1441_virus_2454.jpeg,1760,1232,2168320,1.429,155.1,58.04,255,0,255,155.1,155.1,155.1,0
XRAY,test,PNEUMONIA,person1449_bacteria_3746.jpeg,1512,1136,1717632,1.331,136.87,57.86,255,0,255,136.87,136.87,136.87,0
XRAY,test,PNEUMONIA,person1449_virus_2474.jpeg,896,600,537600,1.493,125.29,44.53,255,0,255,125.29,125.29,125.29,0
XRAY,test,PNEUMONIA,person1451_virus_2480.jpeg,912,584,532608,1.562,90.7,46.17,255,0,255,90.7,90.7,90.7,0
XRAY,test,PNEUMONIA,person1453_bacteria_3771.jpeg,1360,832,1131520,1.635,143.7,77.27,255,0,255,143.7,143.7,143.7,0
XRAY,test,PNEUMONIA,person1454_bacteria_3778.jpeg,1456,976,1421056,1.492,128.44,64.09,255,0,255,128.44,128.44,128.44,0
XRAY,test,PNEUMONIA,person1454_bacteria_3782.jpeg,1624,1016,1649984,1.598,138.7,67.03,255,0,255,138.7,138.7,138.7,0
XRAY,test,PNEUMONIA,person1455_virus_2488.jpeg,904,608,549632,1.487,132.41,53.77,255,0,255,132.41,132.41,132.41,0
XRAY,test,PNEUMONIA,person1455_virus_2489.jpeg,936,424,396864,2.208,107.94,48.71,255,0,255,107.94,107.94,107.94,0
XRAY,test,PNEUMONIA,person1455_virus_2496.jpeg,1148,677,777196,1.696,108.4,66.38,255,0,255,108.4,108.4,108.4,0
XRAY,test,PNEUMONIA,person1458_virus_2501.jpeg,1160,960,1113600,1.208,116.11,52.2,255,0,255,116.11,116.11,116.11,0
XRAY,test,PNEUMONIA,person1458_virus_2503.jpeg,1192,800,953600,1.49,114.07,45.53,255,0,255,114.07,114.07,114.07,0
XRAY,test,PNEUMONIA,person145_virus_295.jpeg,968,552,534336,1.754,110.67,57.96,255,0,255,110.67,110.67,110.67,0
XRAY,test,PNEUMONIA,person1460_bacteria_3805.jpeg,1248,856,1068288,1.458,135.73,47.7,255,0,255,135.73,135.73,135.73,0
XRAY,test,PNEUMONIA,person1466_virus_2541.jpeg,984,672,661248,1.464,127.54,58.66,255,0,255,127.54,127.54,127.54,0
XRAY,test,PNEUMONIA,person1466_virus_2542.jpeg,1112,704,782848,1.58,107.07,60.35,255,0,255,107.07,107.07,107.07,0
XRAY,test,PNEUMONIA,person1467_virus_2544.jpeg,1056,544,574464,1.941,119.95,56.69,255,0,255,119.95,119.95,119.95,0
XRAY,test,PNEUMONIA,person1468_bacteria_3822.jpeg,1312,928,1217536,1.414,113.37,63.17,255,0,255,113.37,113.37,113.37,0
XRAY,test,PNEUMONIA,person1468_virus_2545.jpeg,1708,1214,2073512,1.407,97.85,46.04,255,0,255,97.85,97.85,97.85,0
XRAY,test,PNEUMONIA,person1472_bacteria_3833.jpeg,1456,1104,1607424,1.319,126.75,68.61,255,0,255,126.75,126.75,126.75,0
XRAY,test,PNEUMONIA,person1472_virus_2550.jpeg,1296,968,1254528,1.339,87.45,41.81,255,0,255,87.45,87.45,87.45,0
XRAY,test,PNEUMONIA,person1474_bacteria_3837.jpeg,872,552,481344,1.58,114.52,60.84,255,0,255,114.52,114.52,114.52,0
XRAY,test,PNEUMONIA,person1474_virus_2556.jpeg,1056,896,946176,1.179,102.35,45.53,255,0,255,102.35,102.35,102.35,0
XRAY,test,PNEUMONIA,person1475_virus_2558.jpeg,1358,870,1181460,1.561,125.82,54.15,255,0,255,125.82,125.82,125.82,0
XRAY,test,PNEUMONIA,person1476_bacteria_3842.jpeg,1152,736,847872,1.565,132.67,40.03,255,0,255,132.67,132.67,132.67,0
XRAY,test,PNEUMONIA,person1476_bacteria_3843.jpeg,1072,768,823296,1.396,143.6,38.67,255,0,255,143.6,143.6,143.6,0
XRAY,test,PNEUMONIA,person1478_bacteria_3848.jpeg,647,329,212863,1.967,144.7,44.38,214,0,214,144.7,144.7,144.7,0
XRAY,test,PNEUMONIA,person147_bacteria_711.jpeg,1268,816,1034688,1.554,124.18,62.59,255,0,255,124.18,124.18,124.18,0
XRAY,test,PNEUMONIA,person1480_bacteria_3858.jpeg,1152,728,838656,1.582,109.65,46.77,255,0,255,109.65,109.65,109.65,0
XRAY,test,PNEUMONIA,person1480_virus_2566.jpeg,1686,1160,1955760,1.453,126.04,58.47,255,0,255,126.04,126.04,126.04,0
XRAY,test,PNEUMONIA,person1482_virus_2571.jpeg,1104,680,750720,1.624,115.98,47.39,255,0,255,115.98,115.98,115.98,0
XRAY,test,PNEUMONIA,person1486_bacteria_3883.jpeg,1240,904,1120960,1.372,147.1,52.66,255,0,255,147.1,147.1,147.1,0
XRAY,test,PNEUMONIA,person1488_virus_2585.jpeg,1472,1088,1601536,1.353,114.49,49.82,255,0,255,114.49,114.49,114.49,0
XRAY,test,PNEUMONIA,person1488_virus_2592.jpeg,1504,1096,1648384,1.372,137.57,50.4,255,0,255,137.57,137.57,137.57,0
XRAY,test,PNEUMONIA,person1490_bacteria_3891.jpeg,1056,696,734976,1.517,119.65,75.86,255,0,255,119.65,119.65,119.65,0
XRAY,test,PNEUMONIA,person1491_bacteria_3892.jpeg,1328,968,1285504,1.372,118.27,51.43,255,0,255,118.27,118.27,118.27,0
XRAY,test,PNEUMONIA,person1493_bacteria_3898.jpeg,1296,728,943488,1.78,89.32,51.7,255,0,255,89.32,89.32,89.32,0
XRAY,test,PNEUMONIA,person1495_virus_2603.jpeg,1376,936,1287936,1.47,147.35,55.18,255,0,255,147.35,147.35,147.35,0
XRAY,test,PNEUMONIA,person1497_virus_2607.jpeg,1454,794,1154476,1.831,110.94,57.47,255,0,255,110.94,110.94,110.94,0
XRAY,test,PNEUMONIA,person1502_bacteria_3924.jpeg,1008,536,540288,1.881,94.04,49.36,255,0,255,94.04,94.04,94.04,0
XRAY,test,PNEUMONIA,person1506_bacteria_3933.jpeg,1648,1208,1990784,1.364,146.86,78.3,255,0,255,146.86,146.86,146.86,0
XRAY,test,PNEUMONIA,person1506_virus_2616.jpeg,1144,952,1089088,1.202,137.8,63.01,255,0,255,137.8,137.8,137.8,0
XRAY,test,PNEUMONIA,person1507_bacteria_3945.jpeg,1664,1088,1810432,1.529,130.3,55.84,255,0,255,130.3,130.3,130.3,0
XRAY,test,PNEUMONIA,person1507_bacteria_3947.jpeg,1568,1112,1743616,1.41,135.02,51.74,255,0,255,135.02,135.02,135.02,0
XRAY,test,PNEUMONIA,person1511_bacteria_3955.jpeg,1192,808,963136,1.475,129.11,73.78,255,0,255,129.11,129.11,129.11,0
XRAY,test,PNEUMONIA,person1514_bacteria_3964.jpeg,1360,936,1272960,1.453,137.19,56.98,255,0,255,137.19,137.19,137.19,0
XRAY,test,PNEUMONIA,person1521_virus_2649.jpeg,1288,976,1257088,1.32,146.97,76.98,255,0,255,146.97,146.97,146.97,0
XRAY,test,PNEUMONIA,person1525_bacteria_3985.jpeg,1184,848,1004032,1.396,120.64,60.43,255,0,255,120.64,120.64,120.64,0
XRAY,test,PNEUMONIA,person1528_bacteria_3996.jpeg,1168,688,803584,1.698,117.68,64.43,255,0,255,117.68,117.68,117.68,0
XRAY,test,PNEUMONIA,person152_bacteria_721.jpeg,1232,824,1015168,1.495,131.32,56.32,255,0,255,131.32,131.32,131.32,0
XRAY,test,PNEUMONIA,person1530_virus_2664.jpeg,1080,632,682560,1.709,106.68,69.76,255,0,255,106.68,106.68,106.68,0
XRAY,test,PNEUMONIA,person1535_bacteria_4016.jpeg,920,648,596160,1.42,108.8,51.89,255,0,255,108.8,108.8,108.8,0
XRAY,test,PNEUMONIA,person1536_bacteria_4018.jpeg,1792,1600,2867200,1.12,163.74,60.41,255,0,255,163.74,163.74,163.74,0
XRAY,test,PNEUMONIA,person153_bacteria_725.jpeg,1464,808,1182912,1.812,100.54,47.59,255,0,255,100.54,100.54,100.54,0
XRAY,test,PNEUMONIA,person1545_bacteria_4041.jpeg,912,536,488832,1.701,106.33,51.37,255,0,255,106.33,106.33,106.33,0
XRAY,test,PNEUMONIA,person1546_bacteria_4044.jpeg,1216,856,1040896,1.421,126.24,65.76,255,0,255,126.24,126.24,126.24,0
XRAY,test,PNEUMONIA,person1548_virus_2689.jpeg,1384,1048,1450432,1.321,116.34,77.4,255,0,255,116.34,116.34,116.34,0
XRAY,test,PNEUMONIA,person1550_virus_2691.jpeg,1000,640,640000,1.562,127.0,77.25,255,0,255,127.0,127.0,127.0,0
XRAY,test,PNEUMONIA,person1554_bacteria_4057.jpeg,1248,824,1028352,1.515,125.58,59.2,255,0,255,125.58,125.58,125.58,0
XRAY,test,PNEUMONIA,person1555_bacteria_4059.jpeg,1144,736,841984,1.554,118.22,57.8,255,0,255,118.22,118.22,118.22,0
XRAY,test,PNEUMONIA,person1557_bacteria_4063.jpeg,1696,1736,2944256,0.977,172.91,57.45,255,0,255,172.91,172.91,172.91,0
XRAY,test,PNEUMONIA,person1561_bacteria_4077.jpeg,1536,856,1314816,1.794,117.51,65.44,255,0,255,117.51,117.51,117.51,0
XRAY,test,PNEUMONIA,person1576_bacteria_4122.jpeg,1440,992,1428480,1.452,155.7,55.55,255,0,255,155.7,155.7,155.7,0
XRAY,test,PNEUMONIA,person1576_bacteria_4124.jpeg,1528,1080,1650240,1.415,81.27,55.18,255,0,255,81.27,81.27,81.27,0
XRAY,test,PNEUMONIA,person1576_bacteria_4127.jpeg,1296,944,1223424,1.373,125.37,51.91,255,0,255,125.37,125.37,125.37,0
XRAY,test,PNEUMONIA,person157_bacteria_740.jpeg,1152,832,958464,1.385,96.38,55.31,255,0,255,96.38,96.38,96.38,0
XRAY,test,PNEUMONIA,person1580_virus_2739.jpeg,1616,1024,1654784,1.578,168.25,60.22,255,0,255,168.25,168.25,168.25,0
XRAY,test,PNEUMONIA,person1581_virus_2741.jpeg,1144,656,750464,1.744,119.41,60.56,255,0,255,119.41,119.41,119.41,0
XRAY,test,PNEUMONIA,person1582_bacteria_4137.jpeg,1248,1064,1327872,1.173,91.62,56.48,255,0,255,91.62,91.62,91.62,0
XRAY,test,PNEUMONIA,person1582_bacteria_4142.jpeg,1240,696,863040,1.782,114.08,60.05,255,0,255,114.08,114.08,114.08,0
XRAY,test,PNEUMONIA,person1582_bacteria_4143.jpeg,1352,864,1168128,1.565,90.6,57.46,255,0,255,90.6,90.6,90.6,0
XRAY,test,PNEUMONIA,person1583_bacteria_4144.jpeg,1496,1024,1531904,1.461,156.91,55.03,255,0,255,156.91,156.91,156.91,0
XRAY,test,PNEUMONIA,person1584_bacteria_4148.jpeg,1064,656,697984,1.622,122.75,67.45,255,0,255,122.75,122.75,122.75,0
XRAY,test,PNEUMONIA,person1585_bacteria_4155.jpeg,1128,752,848256,1.5,110.42,49.63,255,0,255,110.42,110.42,110.42,0
XRAY,test,PNEUMONIA,person158_bacteria_742.jpeg,936,680,636480,1.376,129.61,47.73,255,0,255,129.61,129.61,129.61,0
XRAY,test,PNEUMONIA,person158_bacteria_743.jpeg,992,784,777728,1.265,125.18,47.97,255,0,255,125.18,125.18,125.18,0
XRAY,test,PNEUMONIA,person1592_virus_2766.jpeg,1056,760,802560,1.389,147.67,59.14,255,0,255,147.67,147.67,147.67,0
XRAY,test,PNEUMONIA,person1593_virus_2767.jpeg,1176,760,893760,1.547,134.69,69.67,255,0,255,134.69,134.69,134.69,0
XRAY,test,PNEUMONIA,person1595_bacteria_4183.jpeg,1416,800,1132800,1.77,110.38,72.58,255,0,255,110.38,110.38,110.38,0
XRAY,test,PNEUMONIA,person1596_bacteria_4184.jpeg,1696,1224,2075904,1.386,146.25,62.6,255,0,255,146.25,146.25,146.25,0
XRAY,test,PNEUMONIA,person1597_bacteria_4188.jpeg,1856,1536,2850816,1.208,147.94,57.26,255,0,255,147.94,147.94,147.94,0
XRAY,test,PNEUMONIA,person1597_bacteria_4189.jpeg,1824,1776,3239424,1.027,142.56,59.08,255,0,255,142.56,142.56,142.56,0
XRAY,test,PNEUMONIA,person1598_bacteria_4195.jpeg,1288,824,1061312,1.563,119.15,64.15,255,0,255,119.15,119.15,119.15,0
XRAY,test,PNEUMONIA,person1599_virus_2776.jpeg,1112,832,925184,1.337,129.08,67.32,255,0,255,129.08,129.08,129.08,0
XRAY,test,PNEUMONIA,person15_virus_46.jpeg,1314,1145,1504530,1.148,112.04,60.3,255,0,255,112.04,112.04,112.04,0
XRAY,test,PNEUMONIA,person1601_bacteria_4212.jpeg,1400,880,1232000,1.591,109.39,64.28,255,0,255,109.39,109.39,109.39,0
XRAY,test,PNEUMONIA,person1609_bacteria_4236.jpeg,1312,824,1081088,1.592,120.89,62.52,255,0,255,120.89,120.89,120.89,0
XRAY,test,PNEUMONIA,person1611_bacteria_4241.jpeg,1144,632,723008,1.81,120.1,54.53,255,0,255,120.1,120.1,120.1,0
XRAY,test,PNEUMONIA,person1612_virus_2797.jpeg,832,448,372736,1.857,112.9,53.39,255,0,255,112.9,112.9,112.9,0
XRAY,test,PNEUMONIA,person1615_bacteria_4249.jpeg,1224,1072,1312128,1.142,125.23,59.71,255,0,255,125.23,125.23,125.23,0
XRAY,test,PNEUMONIA,person1616_virus_2802.jpeg,1288,920,1184960,1.4,120.66,71.49,255,0,255,120.66,120.66,120.66,0
XRAY,test,PNEUMONIA,person1617_bacteria_4254.jpeg,816,456,372096,1.789,116.74,51.65,255,0,255,116.74,116.74,116.74,0
XRAY,test,PNEUMONIA,person1619_bacteria_4261.jpeg,1400,1040,1456000,1.346,117.58,59.97,255,0,255,117.58,117.58,117.58,0
XRAY,test,PNEUMONIA,person1619_bacteria_4262.jpeg,1424,904,1287296,1.575,100.2,51.85,255,0,255,100.2,100.2,100.2,0
XRAY,test,PNEUMONIA,person161_bacteria_757.jpeg,856,696,595776,1.23,75.46,32.01,255,0,255,75.46,75.46,75.46,0
XRAY,test,PNEUMONIA,person1620_bacteria_4272.jpeg,1224,656,802944,1.866,108.22,52.28,255,0,255,108.22,108.22,108.22,0
XRAY,test,PNEUMONIA,person1623_virus_2813.jpeg,1344,1152,1548288,1.167,149.92,65.51,255,0,255,149.92,149.92,149.92,0
XRAY,test,PNEUMONIA,person1626_virus_2818.jpeg,1344,968,1300992,1.388,140.77,55.71,255,0,255,140.77,140.77,140.77,0
XRAY,test,PNEUMONIA,person1628_bacteria_4293.jpeg,1144,896,1025024,1.277,123.95,49.11,255,0,255,123.95,123.95,123.95,0
XRAY,test,PNEUMONIA,person1628_virus_2822.jpeg,1096,472,517312,2.322,105.95,61.38,255,0,255,105.95,105.95,105.95,0
XRAY,test,PNEUMONIA,person1629_virus_2823.jpeg,1072,616,660352,1.74,103.35,69.41,255,0,255,103.35,103.35,103.35,0
XRAY,test,PNEUMONIA,person1633_virus_2829.jpeg,1120,528,591360,2.121,97.71,56.8,255,0,255,97.71,97.71,97.71,0
XRAY,test,PNEUMONIA,person1634_bacteria_4331.jpeg,1720,1112,1912640,1.547,137.02,57.24,255,0,255,137.02,137.02,137.02,0
XRAY,test,PNEUMONIA,person1635_virus_2831.jpeg,1056,840,887040,1.257,123.34,66.29,255,0,255,123.34,123.34,123.34,0
XRAY,test,PNEUMONIA,person1636_bacteria_4338.jpeg,1624,864,1403136,1.88,122.17,60.02,255,0,255,122.17,122.17,122.17,0
XRAY,test,PNEUMONIA,person1638_bacteria_4342.jpeg,1656,1088,1801728,1.522,125.18,51.66,255,0,255,125.18,125.18,125.18,0
XRAY,test,PNEUMONIA,person1639_bacteria_4344.jpeg,1248,688,858624,1.814,120.25,55.72,255,0,255,120.25,120.25,120.25,0
XRAY,test,PNEUMONIA,person1642_bacteria_4352.jpeg,724,286,207064,2.531,120.86,50.32,204,0,204,120.86,120.86,120.86,0
XRAY,test,PNEUMONIA,person1642_bacteria_4353.jpeg,698,413,288274,1.69,120.11,55.82,232,0,232,120.11,120.11,120.11,0
XRAY,test,PNEUMONIA,person1642_virus_2842.jpeg,1312,1000,1312000,1.312,128.93,70.11,255,0,255,128.93,128.93,128.93,0
XRAY,test,PNEUMONIA,person1644_bacteria_4356.jpeg,741,421,311961,1.76,126.67,45.03,194,0,194,126.67,126.67,126.67,0
XRAY,test,PNEUMONIA,person1644_bacteria_4358.jpeg,1040,536,557440,1.94,88.33,46.13,255,0,255,88.33,88.33,88.33,0
XRAY,test,PNEUMONIA,person1645_virus_2845.jpeg,1144,680,777920,1.682,125.09,60.59,255,0,255,125.09,125.09,125.09,0
XRAY,test,PNEUMONIA,person1646_bacteria_4368.jpeg,976,712,694912,1.371,127.69,73.26,255,0,255,127.69,127.69,127.69,0
XRAY,test,PNEUMONIA,person1648_bacteria_4375.jpeg,1144,656,750464,1.744,101.87,57.61,255,0,255,101.87,101.87,101.87,0
XRAY,test,PNEUMONIA,person1657_bacteria_4400.jpeg,1504,1200,1804800,1.253,168.82,64.31,255,0,255,168.82,168.82,168.82,0
XRAY,test,PNEUMONIA,person1657_virus_2864.jpeg,1624,1288,2091712,1.261,139.32,64.69,255,0,255,139.32,139.32,139.32,0
XRAY,test,PNEUMONIA,person1662_virus_2875.jpeg,1160,672,779520,1.726,120.26,68.67,255,0,255,120.26,120.26,120.26,0
XRAY,test,PNEUMONIA,person1663_bacteria_4412.jpeg,1272,952,1210944,1.336,122.32,60.69,255,0,255,122.32,122.32,122.32,0
XRAY,test,PNEUMONIA,person1663_virus_2876.jpeg,944,528,498432,1.788,101.31,57.9,255,0,255,101.31,101.31,101.31,0
XRAY,test,PNEUMONIA,person1667_bacteria_4418.jpeg,1144,752,860288,1.521,73.05,42.26,255,0,255,73.05,73.05,73.05,0
XRAY,test,PNEUMONIA,person1667_virus_2881.jpeg,952,664,632128,1.434,106.37,63.25,255,0,255,106.37,106.37,106.37,0
XRAY,test,PNEUMONIA,person1668_bacteria_4421.jpeg,469,270,126630,1.737,153.19,28.56,177,29,206,153.19,153.19,153.19,0
XRAY,test,PNEUMONIA,person1668_virus_2882.jpeg,1168,728,850304,1.604,112.38,67.05,255,0,255,112.38,112.38,112.38,0
XRAY,test,PNEUMONIA,person1669_bacteria_4422.jpeg,482,163,78566,2.957,114.4,49.43,212,0,212,114.4,114.4,114.4,0
XRAY,test,PNEUMONIA,person1669_bacteria_4423.jpeg,920,696,640320,1.322,153.0,43.72,255,0,255,153.0,153.0,153.0,0
XRAY,test,PNEUMONIA,person1669_bacteria_4424.jpeg,1032,680,701760,1.518,100.34,53.58,255,0,255,100.34,100.34,100.34,0
XRAY,test,PNEUMONIA,person1669_virus_2884.jpeg,1288,736,947968,1.75,129.1,61.79,255,0,255,129.1,129.1,129.1,0
XRAY,test,PNEUMONIA,person1670_bacteria_4428.jpeg,1352,816,1103232,1.657,118.8,57.8,255,0,255,118.8,118.8,118.8,0
XRAY,test,PNEUMONIA,person1670_virus_2886.jpeg,1120,552,618240,2.029,104.26,57.01,255,0,255,104.26,104.26,104.26,0
XRAY,test,PNEUMONIA,person1673_bacteria_4434.jpeg,896,624,559104,1.436,80.85,43.09,255,0,255,80.85,80.85,80.85,0
XRAY,test,PNEUMONIA,person1679_bacteria_4452.jpeg,1080,672,725760,1.607,150.15,48.74,255,0,255,150.15,150.15,150.15,0
XRAY,test,PNEUMONIA,person1691_bacteria_4479.jpeg,1336,816,1090176,1.637,139.96,71.07,255,0,255,139.96,139.96,139.96,0
XRAY,test,PNEUMONIA,person1697_bacteria_4496.jpeg,1320,688,908160,1.919,121.22,71.54,255,0,255,121.22,121.22,121.22,0
XRAY,test,PNEUMONIA,person16_virus_47.jpeg,1582,1333,2108806,1.187,131.72,55.16,243,0,243,131.72,131.72,131.72,0
XRAY,test,PNEUMONIA,person1700_bacteria_4502.jpeg,550,276,151800,1.993,140.41,49.11,213,0,213,140.41,140.41,140.41,0
XRAY,test,PNEUMONIA,person1702_bacteria_4509.jpeg,1064,648,689472,1.642,119.56,48.96,255,0,255,119.56,119.56,119.56,0
XRAY,test,PNEUMONIA,person1702_bacteria_4510.jpeg,968,656,635008,1.476,122.03,45.0,255,0,255,122.03,122.03,122.03,0
XRAY,test,PNEUMONIA,person1702_bacteria_4511.jpeg,1064,776,825664,1.371,104.33,51.7,255,0,255,104.33,104.33,104.33,0
XRAY,test,PNEUMONIA,person1705_bacteria_4515.jpeg,446,232,103472,1.922,143.51,53.6,230,0,230,143.51,143.51,143.51,0
XRAY,test,PNEUMONIA,person1706_bacteria_4516.jpeg,461,175,80675,2.634,146.12,48.6,255,0,255,146.12,146.12,146.12,0
XRAY,test,PNEUMONIA,person1709_bacteria_4523.jpeg,441,255,112455,1.729,138.72,45.68,201,0,201,138.72,138.72,138.72,0
XRAY,test,PNEUMONIA,person1712_bacteria_4529.jpeg,1328,1064,1412992,1.248,83.17,49.86,255,0,255,83.17,83.17,83.17,0
XRAY,test,PNEUMONIA,person1713_bacteria_4530.jpeg,1104,744,821376,1.484,167.66,39.13,255,0,255,167.66,167.66,167.66,0
XRAY,test,PNEUMONIA,person1719_bacteria_4544.jpeg,462,200,92400,2.31,154.52,27.91,208,0,208,154.52,154.52,154.52,0
XRAY,test,PNEUMONIA,person171_bacteria_826.jpeg,1088,672,731136,1.619,120.12,58.69,255,0,255,120.12,120.12,120.12,0
XRAY,test,PNEUMONIA,person1722_bacteria_4547.jpeg,415,354,146910,1.172,149.75,49.8,209,0,209,149.75,149.75,149.75,0
XRAY,test,PNEUMONIA,person1728_bacteria_4556.jpeg,455,178,80990,2.556,142.78,44.97,208,0,208,142.78,142.78,142.78,0
XRAY,test,PNEUMONIA,person1729_bacteria_4557.jpeg,1168,728,850304,1.604,130.84,56.28,255,0,255,130.84,130.84,130.84,0
XRAY,test,PNEUMONIA,person1730_bacteria_4559.jpeg,808,552,446016,1.464,95.6,58.63,255,0,255,95.6,95.6,95.6,0
XRAY,test,PNEUMONIA,person173_bacteria_831.jpeg,1368,1002,1370736,1.365,102.6,54.91,227,0,227,102.6,102.6,102.6,0
XRAY,test,PNEUMONIA,person1761_bacteria_4603.jpeg,467,217,101339,2.152,134.93,56.05,214,0,214,134.93,134.93,134.93,0
XRAY,test,PNEUMONIA,person1764_bacteria_4607.jpeg,1120,632,707840,1.772,83.51,67.71,255,0,255,83.51,83.51,83.51,0
XRAY,test,PNEUMONIA,person17_virus_48.jpeg,1224,856,1047744,1.43,117.91,54.02,255,0,255,117.91,117.91,117.91,0
XRAY,test,PNEUMONIA,person1819_bacteria_4677.jpeg,1576,848,1336448,1.858,130.7,66.61,255,0,255,130.7,130.7,130.7,0
XRAY,test,PNEUMONIA,person1839_bacteria_4705.jpeg,1056,736,777216,1.435,121.15,59.59,255,0,255,121.15,121.15,121.15,0
XRAY,test,PNEUMONIA,person1843_bacteria_4710.jpeg,888,784,696192,1.133,98.89,51.18,255,0,255,98.89,98.89,98.89,0
XRAY,test,PNEUMONIA,person1860_bacteria_4732.jpeg,1112,640,711680,1.738,168.44,46.38,255,0,255,168.44,168.44,168.44,0
XRAY,test,PNEUMONIA,person1866_bacteria_4740.jpeg,1864,1648,3071872,1.131,122.05,49.74,255,0,255,122.05,122.05,122.05,0
XRAY,test,PNEUMONIA,person1875_bacteria_4756.jpeg,1632,1208,1971456,1.351,138.55,53.29,255,0,255,138.55,138.55,138.55,0
XRAY,test,PNEUMONIA,person18_bacteria_57.jpeg,1504,1033,1553632,1.456,124.9,73.85,255,0,255,124.9,124.9,124.9,0
XRAY,test,PNEUMONIA,person1908_bacteria_4811.jpeg,1352,880,1189760,1.536,113.63,42.2,255,0,255,113.63,113.63,113.63,0
XRAY,test,PNEUMONIA,person1922_bacteria_4830.jpeg,1160,800,928000,1.45,78.75,48.68,255,0,255,78.75,78.75,78.75,0
XRAY,test,PNEUMONIA,person1923_bacteria_4831.jpeg,1464,944,1382016,1.551,114.77,52.31,255,0,255,114.77,114.77,114.77,0
XRAY,test,PNEUMONIA,person1924_bacteria_4833.jpeg,1136,680,772480,1.671,130.21,54.45,255,0,255,130.21,130.21,130.21,0
XRAY,test,PNEUMONIA,person1930_bacteria_4841.jpeg,1072,720,771840,1.489,105.88,49.96,255,0,255,105.88,105.88,105.88,0
XRAY,test,PNEUMONIA,person1931_bacteria_4842.jpeg,1544,848,1309312,1.821,102.04,66.91,255,0,255,102.04,102.04,102.04,0
XRAY,test,PNEUMONIA,person1943_bacteria_4868.jpeg,1008,512,516096,1.969,111.93,64.5,255,0,255,111.93,111.93,111.93,0
XRAY,test,PNEUMONIA,person1945_bacteria_4872.jpeg,1336,840,1122240,1.59,134.87,67.62,255,0,255,134.87,134.87,134.87,0
XRAY,test,PNEUMONIA,person1949_bacteria_4880.jpeg,1416,944,1336704,1.5,127.54,58.6,255,0,255,127.54,127.54,127.54,0
XRAY,test,PNEUMONIA,person1950_bacteria_4881.jpeg,1256,864,1085184,1.454,141.43,58.38,255,0,255,141.43,141.43,141.43,0
XRAY,test,PNEUMONIA,person1_virus_13.jpeg,1136,654,742944,1.737,91.77,55.88,255,0,255,91.77,91.77,91.77,0
XRAY,test,PNEUMONIA,person20_bacteria_67.jpeg,1032,528,544896,1.955,100.14,55.05,255,0,255,100.14,100.14,100.14,0
XRAY,test,PNEUMONIA,person20_bacteria_70.jpeg,880,464,408320,1.897,106.2,50.21,255,0,255,106.2,106.2,106.2,0
XRAY,test,PNEUMONIA,person21_virus_52.jpeg,1952,1296,2529792,1.506,139.15,54.81,255,0,255,139.15,139.15,139.15,0
XRAY,test,PNEUMONIA,person22_bacteria_76.jpeg,1128,1040,1173120,1.085,127.44,55.36,255,0,255,127.44,127.44,127.44,0
XRAY,test,PNEUMONIA,person22_virus_54.jpeg,1216,584,710144,2.082,109.05,63.76,255,0,255,109.05,109.05,109.05,0
XRAY,test,PNEUMONIA,person23_bacteria_107.jpeg,1224,720,881280,1.7,100.74,48.96,255,0,255,100.74,100.74,100.74,0
XRAY,test,PNEUMONIA,person23_bacteria_86.jpeg,1144,856,979264,1.336,99.49,51.08,255,0,255,99.49,99.49,99.49,0
XRAY,test,PNEUMONIA,person23_bacteria_95.jpeg,1104,704,777216,1.568,122.49,53.75,255,0,255,122.49,122.49,122.49,0
XRAY,test,PNEUMONIA,person23_bacteria_96.jpeg,1072,848,909056,1.264,142.09,51.37,255,0,255,142.09,142.09,142.09,0
XRAY,test,PNEUMONIA,person24_bacteria_108.jpeg,1184,792,937728,1.495,142.7,50.63,255,0,255,142.7,142.7,142.7,0
XRAY,test,PNEUMONIA,person24_bacteria_109.jpeg,1304,872,1137088,1.495,131.05,55.46,255,0,255,131.05,131.05,131.05,0
XRAY,test,PNEUMONIA,person253_bacteria_1154.jpeg,936,552,516672,1.696,112.0,50.68,255,0,255,112.0,112.0,112.0,0
XRAY,test,PNEUMONIA,person255_bacteria_1160.jpeg,888,552,490176,1.609,108.52,36.29,255,0,255,108.52,108.52,108.52,0
XRAY,test,PNEUMONIA,person255_bacteria_1182.jpeg,1056,632,667392,1.671,104.7,41.94,255,0,255,104.7,104.7,104.7,0
XRAY,test,PNEUMONIA,person255_bacteria_1188.jpeg,1256,792,994752,1.586,115.01,58.18,255,0,255,115.01,115.01,115.01,0
XRAY,test,PNEUMONIA,person256_bacteria_1189.jpeg,1122,798,895356,1.406,134.7,57.07,255,0,255,134.7,134.7,134.7,0
XRAY,test,PNEUMONIA,person257_bacteria_1191.jpeg,992,592,587264,1.676,116.19,51.27,255,0,255,116.19,116.19,116.19,0
XRAY,test,PNEUMONIA,person257_bacteria_1193.jpeg,896,560,501760,1.6,134.06,47.09,255,0,255,134.06,134.06,134.06,0
XRAY,test,PNEUMONIA,person257_bacteria_1197.jpeg,1000,704,704000,1.42,115.99,51.37,255,0,255,115.99,115.99,115.99,0
XRAY,test,PNEUMONIA,person257_virus_538.jpeg,1360,952,1294720,1.429,140.38,50.06,255,0,255,140.38,140.38,140.38,0
XRAY,test,PNEUMONIA,person258_bacteria_1207.jpeg,1056,856,903936,1.234,113.54,50.25,255,0,255,113.54,113.54,113.54,0
XRAY,test,PNEUMONIA,person258_bacteria_1210.jpeg,1056,776,819456,1.361,114.79,50.99,255,0,255,114.79,114.79,114.79,0
XRAY,test,PNEUMONIA,person25_bacteria_116.jpeg,1224,1000,1224000,1.224,127.85,58.31,255,0,255,127.85,127.85,127.85,0
XRAY,test,PNEUMONIA,person25_bacteria_118.jpeg,1136,856,972416,1.327,122.39,59.24,255,0,255,122.39,122.39,122.39,0
XRAY,test,PNEUMONIA,person25_bacteria_119.jpeg,928,608,564224,1.526,142.0,46.08,255,0,255,142.0,142.0,142.0,0
XRAY,test,PNEUMONIA,person260_bacteria_1222.jpeg,1048,872,913856,1.202,109.76,55.58,255,0,255,109.76,109.76,109.76,0
XRAY,test,PNEUMONIA,person260_bacteria_1223.jpeg,1056,808,853248,1.307,133.75,59.68,255,0,255,133.75,133.75,133.75,0
XRAY,test,PNEUMONIA,person264_bacteria_1230.jpeg,1248,688,858624,1.814,149.32,55.71,255,0,255,149.32,149.32,149.32,0
XRAY,test,PNEUMONIA,person266_bacteria_1240.jpeg,984,560,551040,1.757,126.52,49.11,255,0,255,126.52,126.52,126.52,0
XRAY,test,PNEUMONIA,person266_bacteria_1242.jpeg,1008,728,733824,1.385,122.75,50.65,255,0,255,122.75,122.75,122.75,0
XRAY,test,PNEUMONIA,person266_bacteria_1249.jpeg,992,616,611072,1.61,109.39,48.86,255,0,255,109.39,109.39,109.39,0
XRAY,test,PNEUMONIA,person267_virus_552.jpeg,1400,768,1075200,1.823,128.76,75.17,255,0,255,128.76,128.76,128.76,0
XRAY,test,PNEUMONIA,person271_virus_556.jpeg,1064,712,757568,1.494,116.82,63.02,255,0,255,116.82,116.82,116.82,0
XRAY,test,PNEUMONIA,person272_virus_559.jpeg,1704,1256,2140224,1.357,96.91,40.36,255,0,255,96.91,96.91,96.91,0
XRAY,test,PNEUMONIA,person273_virus_562.jpeg,1458,951,1386558,1.533,91.96,61.93,255,0,255,91.96,91.96,91.96,0
XRAY,test,PNEUMONIA,person278_virus_575.jpeg,1384,1016,1406144,1.362,140.97,57.23,255,0,255,140.97,140.97,140.97,0
XRAY,test,PNEUMONIA,person279_bacteria_1315.jpeg,2772,2098,5815656,1.321,92.44,43.73,255,0,255,92.44,92.44,92.44,0
XRAY,test,PNEUMONIA,person279_bacteria_1316.jpeg,2637,1905,5023485,1.384,156.21,67.29,255,0,255,156.21,156.21,156.21,0
XRAY,test,PNEUMONIA,person27_bacteria_135.jpeg,1088,656,713728,1.659,91.3,49.79,255,0,255,91.3,91.3,91.3,0
XRAY,test,PNEUMONIA,person27_bacteria_138.jpeg,1020,647,659940,1.577,123.45,52.75,255,0,255,123.45,123.45,123.45,0
XRAY,test,PNEUMONIA,person280_bacteria_1318.jpeg,1256,840,1055040,1.495,113.15,60.85,255,0,255,113.15,113.15,113.15,0
XRAY,test,PNEUMONIA,person280_bacteria_1320.jpeg,1048,856,897088,1.224,152.49,56.29,255,0,255,152.49,152.49,152.49,0
XRAY,test,PNEUMONIA,person280_virus_577.jpeg,1708,1400,2391200,1.22,118.61,53.73,255,0,255,118.61,118.61,118.61,0
XRAY,test,PNEUMONIA,person281_bacteria_1324.jpeg,928,664,616192,1.398,100.2,46.53,255,0,255,100.2,100.2,100.2,0
XRAY,test,PNEUMONIA,person281_virus_578.jpeg,500,250,125000,2.0,122.08,41.69,195,0,195,122.08,122.08,122.08,0
XRAY,test,PNEUMONIA,person284_virus_582.jpeg,1290,809,1043610,1.595,128.83,60.83,255,0,255,128.83,128.83,128.83,0
XRAY,test,PNEUMONIA,person287_bacteria_1354.jpeg,1120,616,689920,1.818,137.61,47.33,255,0,255,137.61,137.61,137.61,0
XRAY,test,PNEUMONIA,person287_bacteria_1355.jpeg,1234,782,964988,1.578,120.38,54.63,255,0,255,120.38,120.38,120.38,0
XRAY,test,PNEUMONIA,person287_virus_586.jpeg,1646,1156,1902776,1.424,105.06,51.79,255,0,255,105.06,105.06,105.06,0
XRAY,test,PNEUMONIA,person28_virus_63.jpeg,1232,864,1064448,1.426,139.57,71.06,255,0,255,139.57,139.57,139.57,0
XRAY,test,PNEUMONIA,person291_bacteria_1377.jpeg,1546,1064,1644944,1.453,114.11,68.63,255,0,255,114.11,114.11,114.11,0
XRAY,test,PNEUMONIA,person292_virus_602.jpeg,1504,1336,2009344,1.126,88.18,50.14,255,0,255,88.18,88.18,88.18,0
XRAY,test,PNEUMONIA,person293_virus_604.jpeg,570,305,173850,1.869,91.77,37.6,176,0,176,91.77,91.77,91.77,0
XRAY,test,PNEUMONIA,person294_bacteria_1382.jpeg,984,696,684864,1.414,106.22,50.95,255,0,255,106.22,106.22,106.22,0
XRAY,test,PNEUMONIA,person294_bacteria_1386.jpeg,1306,821,1072226,1.591,97.48,59.49,255,0,255,97.48,97.48,97.48,0
XRAY,test,PNEUMONIA,person296_bacteria_1391.jpeg,1136,704,799744,1.614,91.88,46.14,255,0,255,91.88,91.88,91.88,0
XRAY,test,PNEUMONIA,person296_bacteria_1394.jpeg,1088,704,765952,1.545,111.15,50.33,255,0,255,111.15,111.15,111.15,0
XRAY,test,PNEUMONIA,person296_bacteria_1396.jpeg,1112,648,720576,1.716,141.91,57.19,255,0,255,141.91,141.91,141.91,0
XRAY,test,PNEUMONIA,person298_bacteria_1409.jpeg,1232,904,1113728,1.363,124.83,50.75,255,0,255,124.83,124.83,124.83,0
XRAY,test,PNEUMONIA,person299_virus_620.jpeg,1412,1044,1474128,1.352,120.22,57.16,255,0,255,120.22,120.22,120.22,0
XRAY,test,PNEUMONIA,person29_virus_64.jpeg,1024,600,614400,1.707,110.73,59.94,255,0,255,110.73,110.73,110.73,0
XRAY,test,PNEUMONIA,person301_bacteria_1424.jpeg,864,576,497664,1.5,79.32,32.38,255,0,255,79.32,79.32,79.32,0
XRAY,test,PNEUMONIA,person307_virus_629.jpeg,1112,632,702784,1.759,136.31,72.73,255,0,255,136.31,136.31,136.31,0
XRAY,test,PNEUMONIA,person308_bacteria_1445.jpeg,1280,771,986880,1.66,124.83,58.12,255,0,255,124.83,124.83,124.83,0
XRAY,test,PNEUMONIA,person30_bacteria_145.jpeg,936,680,636480,1.376,134.33,50.6,255,0,255,134.33,134.33,134.33,0
XRAY,test,PNEUMONIA,person30_bacteria_148.jpeg,880,600,528000,1.467,149.95,47.76,255,0,255,149.95,149.95,149.95,0
XRAY,test,PNEUMONIA,person30_bacteria_150.jpeg,944,624,589056,1.513,89.48,41.05,255,0,255,89.48,89.48,89.48,0
XRAY,test,PNEUMONIA,person30_bacteria_154.jpeg,840,672,564480,1.25,143.02,44.91,255,0,255,143.02,143.02,143.02,0
XRAY,test,PNEUMONIA,person30_virus_69.jpeg,1576,1216,1916416,1.296,127.96,56.16,255,0,255,127.96,127.96,127.96,0
XRAY,test,PNEUMONIA,person311_bacteria_1453.jpeg,1496,1179,1763784,1.269,126.87,59.21,255,0,255,126.87,126.87,126.87,0
XRAY,test,PNEUMONIA,person313_bacteria_1459.jpeg,992,520,515840,1.908,130.09,58.1,255,0,255,130.09,130.09,130.09,0
XRAY,test,PNEUMONIA,person313_virus_637.jpeg,992,640,634880,1.55,121.21,61.05,255,0,255,121.21,121.21,121.21,0
XRAY,test,PNEUMONIA,person315_bacteria_1467.jpeg,816,504,411264,1.619,140.56,44.82,255,0,255,140.56,140.56,140.56,0
XRAY,test,PNEUMONIA,person316_virus_641.jpeg,496,240,119040,2.067,125.28,45.14,207,0,207,125.28,125.28,125.28,0
XRAY,test,PNEUMONIA,person317_virus_643.jpeg,1064,640,680960,1.663,128.98,55.22,255,0,255,128.98,128.98,128.98,0
XRAY,test,PNEUMONIA,person319_bacteria_1478.jpeg,952,640,609280,1.488,120.9,50.42,255,0,255,120.9,120.9,120.9,0
XRAY,test,PNEUMONIA,person31_bacteria_163.jpeg,960,632,606720,1.519,97.19,49.76,255,0,255,97.19,97.19,97.19,0
XRAY,test,PNEUMONIA,person321_bacteria_1483.jpeg,1152,648,746496,1.778,103.07,44.49,255,0,255,103.07,103.07,103.07,0
XRAY,test,PNEUMONIA,person321_bacteria_1485.jpeg,1240,800,992000,1.55,121.03,54.7,255,0,255,121.03,121.03,121.03,0
XRAY,test,PNEUMONIA,person321_bacteria_1488.jpeg,1216,728,885248,1.67,105.74,53.13,255,0,255,105.74,105.74,105.74,0
XRAY,test,PNEUMONIA,person321_virus_648.jpeg,1560,1096,1709760,1.423,145.69,63.86,255,0,255,145.69,145.69,145.69,0
XRAY,test,PNEUMONIA,person322_virus_655.jpeg,1184,856,1013504,1.383,129.08,58.64,255,0,255,129.08,129.08,129.08,0
XRAY,test,PNEUMONIA,person325_bacteria_1498.jpeg,1008,680,685440,1.482,116.74,53.97,255,0,255,116.74,116.74,116.74,0
XRAY,test,PNEUMONIA,person325_virus_661.jpeg,446,132,58872,3.379,104.05,42.19,181,0,181,104.05,104.05,104.05,0
XRAY,test,PNEUMONIA,person325_virus_665.jpeg,529,207,109503,2.556,118.61,56.26,255,0,255,118.61,118.61,118.61,0
XRAY,test,PNEUMONIA,person326_bacteria_1504.jpeg,1272,1040,1322880,1.223,77.0,39.64,255,0,255,77.0,77.0,77.0,0
XRAY,test,PNEUMONIA,person326_virus_668.jpeg,1568,896,1404928,1.75,136.64,53.39,255,0,255,136.64,136.64,136.64,0
XRAY,test,PNEUMONIA,person326_virus_670.jpeg,500,244,122000,2.049,122.64,55.27,194,0,194,122.64,122.64,122.64,0
XRAY,test,PNEUMONIA,person326_virus_672.jpeg,1488,1168,1737984,1.274,126.35,60.94,255,0,255,126.35,126.35,126.35,0
XRAY,test,PNEUMONIA,person326_virus_677.jpeg,1472,816,1201152,1.804,154.17,50.65,255,0,255,154.17,154.17,154.17,0
XRAY,test,PNEUMONIA,person328_bacteria_1513.jpeg,1080,840,907200,1.286,155.91,43.54,255,0,255,155.91,155.91,155.91,0
XRAY,test,PNEUMONIA,person331_virus_684.jpeg,1184,752,890368,1.574,128.05,61.78,255,0,255,128.05,128.05,128.05,0
XRAY,test,PNEUMONIA,person332_bacteria_1538.jpeg,1086,693,752598,1.567,158.56,57.09,243,0,243,158.56,158.56,158.56,0
XRAY,test,PNEUMONIA,person333_bacteria_1540.jpeg,1504,1180,1774720,1.275,125.34,63.13,255,0,255,125.34,125.34,125.34,0
XRAY,test,PNEUMONIA,person334_bacteria_1542.jpeg,920,680,625600,1.353,92.94,50.86,255,0,255,92.94,92.94,92.94,0
XRAY,test,PNEUMONIA,person336_bacteria_1551.jpeg,1144,784,896896,1.459,109.16,59.26,255,0,255,109.16,109.16,109.16,0
XRAY,test,PNEUMONIA,person336_bacteria_1553.jpeg,1072,728,780416,1.473,69.58,44.53,255,0,255,69.58,69.58,69.58,0
XRAY,test,PNEUMONIA,person338_bacteria_1568.jpeg,1240,752,932480,1.649,109.25,56.48,255,0,255,109.25,109.25,109.25,0
XRAY,test,PNEUMONIA,person339_bacteria_1573.jpeg,1024,632,647168,1.62,95.15,51.92,255,0,255,95.15,95.15,95.15,0
XRAY,test,PNEUMONIA,person342_virus_702.jpeg,453,182,82446,2.489,143.58,45.3,255,0,255,143.58,143.58,143.58,0
XRAY,test,PNEUMONIA,person348_virus_714.jpeg,1384,920,1273280,1.504,135.7,68.41,255,0,255,135.7,135.7,135.7,0
XRAY,test,PNEUMONIA,person349_virus_724.jpeg,1432,816,1168512,1.755,132.06,64.15,255,0,255,132.06,132.06,132.06,0
XRAY,test,PNEUMONIA,person354_virus_729.jpeg,1352,968,1308736,1.397,120.55,61.47,255,0,255,120.55,120.55,120.55,0
XRAY,test,PNEUMONIA,person355_virus_730.jpeg,864,408,352512,2.118,130.79,52.2,255,0,255,130.79,130.79,130.79,0
XRAY,test,PNEUMONIA,person356_virus_733.jpeg,1080,760,820800,1.421,107.67,57.19,255,0,255,107.67,107.67,107.67,0
XRAY,test,PNEUMONIA,person357_virus_734.jpeg,1312,1112,1458944,1.18,123.28,69.75,255,0,255,123.28,123.28,123.28,0
XRAY,test,PNEUMONIA,person359_bacteria_1646.jpeg,1168,800,934400,1.46,121.19,60.6,255,0,255,121.19,121.19,121.19,0
XRAY,test,PNEUMONIA,person35_bacteria_178.jpeg,2036,1627,3312572,1.251,125.97,64.3,255,0,255,125.97,125.97,125.97,0
XRAY,test,PNEUMONIA,person363_virus_742.jpeg,1248,896,1118208,1.393,122.25,65.48,255,0,255,122.25,122.25,122.25,0
XRAY,test,PNEUMONIA,person364_bacteria_1660.jpeg,1160,744,863040,1.559,93.25,40.37,255,0,255,93.25,93.25,93.25,0
XRAY,test,PNEUMONIA,person366_bacteria_1664.jpeg,952,624,594048,1.526,72.91,34.32,255,0,255,72.91,72.91,72.91,0
XRAY,test,PNEUMONIA,person369_virus_750.jpeg,1368,904,1236672,1.513,126.41,77.8,255,0,255,126.41,126.41,126.41,0
XRAY,test,PNEUMONIA,person370_bacteria_1690.jpeg,1080,920,993600,1.174,127.06,56.05,255,0,255,127.06,127.06,127.06,0
XRAY,test,PNEUMONIA,person370_bacteria_1692.jpeg,1064,760,808640,1.4,134.04,58.33,255,0,255,134.04,134.04,134.04,0
XRAY,test,PNEUMONIA,person371_bacteria_1698.jpeg,920,640,588800,1.438,105.0,45.71,255,0,255,105.0,105.0,105.0,0
XRAY,test,PNEUMONIA,person371_bacteria_1700.jpeg,864,560,483840,1.543,143.59,46.01,255,0,255,143.59,143.59,143.59,0
XRAY,test,PNEUMONIA,person371_bacteria_1701.jpeg,952,632,601664,1.506,110.6,47.83,255,0,255,110.6,110.6,110.6,0
XRAY,test,PNEUMONIA,person372_bacteria_1704.jpeg,1000,568,568000,1.761,121.11,48.0,255,0,255,121.11,121.11,121.11,0
